#pragma once
#include <Arduino.h>

// Fixed reverse projection stored in FLASH.
// Globe radius: 112 px
// View latitude: 10.0 degrees north
// Screen tilt: 0.0 degrees
//
// Packed coordinate:
//   bits 0..8   relative longitude column 0..511
//   bits 9..16  latitude row 0..255
//
// Earth, cloud fraction and cloud optical thickness all use this same
// geographic row/column.

constexpr uint16_t GLOBE_SCREENMAP_DIAMETER = 224;
constexpr uint32_t GLOBE_SCREENMAP_COUNT =
    (uint32_t)GLOBE_SCREENMAP_DIAMETER *
    (uint32_t)GLOBE_SCREENMAP_DIAMETER;

static const uint32_t GLOBE_SCREENMAP[GLOBE_SCREENMAP_COUNT] PROGMEM = {
  0x00000000, 0x00000000, 0x00000000, 0x00000000, 0x00000000, 0x00000000, 0x00000000, 0x00000000, 0x00000000, 0x00000000,
  0x00000000, 0x00000000, 0x00000000, 0x00000000, 0x00000000, 0x00000000, 0x00000000, 0x00000000, 0x00000000, 0x00000000,
  0x00000000, 0x00000000, 0x00000000, 0x00000000, 0x00000000, 0x00000000, 0x00000000, 0x00000000, 0x00000000, 0x00000000,
  0x00000000, 0x00000000, 0x00000000, 0x00000000, 0x00000000, 0x00000000, 0x00000000, 0x00000000, 0x00000000, 0x00000000,
  0x00000000, 0x00000000, 0x00000000, 0x00000000, 0x00000000, 0x00000000, 0x00000000, 0x00000000, 0x00000000, 0x00000000,
  0x00000000, 0x00000000, 0x00000000, 0x00000000, 0x00000000, 0x00000000, 0x00000000, 0x00000000, 0x00000000, 0x00000000,
  0x00000000, 0x00000000, 0x00000000, 0x00000000, 0x00000000, 0x00000000, 0x00000000, 0x00000000, 0x00000000, 0x00000000,
  0x00000000, 0x00000000, 0x00000000, 0x00000000, 0x00000000, 0x00000000, 0x00000000, 0x00000000, 0x00000000, 0x00000000,
  0x00000000, 0x00000000, 0x00000000, 0x00000000, 0x00000000, 0x00000000, 0x00000000, 0x00000000, 0x00000000, 0x00000000,
  0x00000000, 0x00000000, 0x00000000, 0x00000000, 0x00000000, 0x00000000, 0x00000000, 0x00000000, 0x00000000, 0x00000000,
  0x00000000, 0x00001E2A, 0x0000182E, 0x0000162E, 0x0000142D, 0x0000122B, 0x00001027, 0x00000E22, 0x00000E1C, 0x00000C15,
  0x00000C0D, 0x00000C04, 0x00000DFB, 0x00000DF2, 0x00000DEA, 0x00000FE3, 0x00000FDD, 0x000011D8, 0x000013D4, 0x000015D2,
  0x000017D1, 0x000019D1, 0x00001FD5, 0x00000000, 0x00000000, 0x00000000, 0x00000000, 0x00000000, 0x00000000, 0x00000000,
  0x00000000, 0x00000000, 0x00000000, 0x00000000, 0x00000000, 0x00000000, 0x00000000, 0x00000000, 0x00000000, 0x00000000,
  0x00000000, 0x00000000, 0x00000000, 0x00000000, 0x00000000, 0x00000000, 0x00000000, 0x00000000, 0x00000000, 0x00000000,
  0x00000000, 0x00000000, 0x00000000, 0x00000000, 0x00000000, 0x00000000, 0x00000000, 0x00000000, 0x00000000, 0x00000000,
  0x00000000, 0x00000000, 0x00000000, 0x00000000, 0x00000000, 0x00000000, 0x00000000, 0x00000000, 0x00000000, 0x00000000,
  0x00000000, 0x00000000, 0x00000000, 0x00000000, 0x00000000, 0x00000000, 0x00000000, 0x00000000, 0x00000000, 0x00000000,
  0x00000000, 0x00000000, 0x00000000, 0x00000000, 0x00000000, 0x00000000, 0x00000000, 0x00000000, 0x00000000, 0x00000000,
  0x00000000, 0x00000000, 0x00000000, 0x00000000, 0x00000000, 0x00000000, 0x00000000, 0x00000000, 0x00000000, 0x00000000,
  0x00000000, 0x00000000, 0x00000000, 0x00000000, 0x00000000, 0x00000000, 0x00000000, 0x00000000, 0x00000000, 0x00000000,
  0x00000000, 0x00000000, 0x00000000, 0x00000000, 0x00000000, 0x00000000, 0x00000000, 0x00000000, 0x00000000, 0x00000000,
  0x00000000, 0x00000000, 0x00000000, 0x00000000, 0x00000000, 0x00000000, 0x00000000, 0x00000000, 0x00000000, 0x00000000,
  0x00000000, 0x00000000, 0x00000000, 0x00000000, 0x00000000, 0x00000000, 0x00000000, 0x00000000, 0x00000000, 0x00000000,
  0x00000000, 0x00000000, 0x00000000, 0x00000000, 0x00000000, 0x00000000, 0x00000000, 0x00000000, 0x00000000, 0x00000000,
  0x00000000, 0x00000000, 0x00000000, 0x00000000, 0x00000000, 0x00000000, 0x00000000, 0x00000000, 0x00000000, 0x00000000,
  0x00000000, 0x00000000, 0x00000000, 0x00000000, 0x00000000, 0x00000000, 0x00000000, 0x00000000, 0x00000000, 0x00000000,
  0x00000000, 0x00000000, 0x00000000, 0x00000000, 0x00000000, 0x00000000, 0x00000000, 0x00000000, 0x00000000, 0x00000000,
  0x00000000, 0x00000000, 0x00000000, 0x00000000, 0x00000000, 0x00000000, 0x00000000, 0x00000000, 0x00000000, 0x00000000,
  0x00000000, 0x00000000, 0x00000000, 0x00000000, 0x00000000, 0x00000000, 0x00000000, 0x00000000, 0x00000000, 0x00000000,
  0x00000000, 0x00000000, 0x00000000, 0x00000000, 0x00000000, 0x00000000, 0x00000000, 0x00000000, 0x00000000, 0x00000000,
  0x00000000, 0x00000000, 0x00000000, 0x00000000, 0x00000000, 0x00000000, 0x00000000, 0x00000000, 0x00002048, 0x00001C4E,
  0x00001A52, 0x00001855, 0x00001658, 0x0000145B, 0x0000125D, 0x0000105F, 0x00000E60, 0x00000C62, 0x00000A63, 0x00000A63,
  0x00000863, 0x00000661, 0x0000045E, 0x00000457, 0x00000247, 0x00000020, 0x000001DF, 0x000003B8, 0x000005A8, 0x000005A1,
  0x0000079E, 0x0000099C, 0x00000B9C, 0x00000B9C, 0x00000D9D, 0x00000F9F, 0x000011A0, 0x000013A2, 0x000015A4, 0x000017A7,
  0x000019AA, 0x00001BAD, 0x00001DB1, 0x000021B7, 0x00000000, 0x00000000, 0x00000000, 0x00000000, 0x00000000, 0x00000000,
  0x00000000, 0x00000000, 0x00000000, 0x00000000, 0x00000000, 0x00000000, 0x00000000, 0x00000000, 0x00000000, 0x00000000,
  0x00000000, 0x00000000, 0x00000000, 0x00000000, 0x00000000, 0x00000000, 0x00000000, 0x00000000, 0x00000000, 0x00000000,
  0x00000000, 0x00000000, 0x00000000, 0x00000000, 0x00000000, 0x00000000, 0x00000000, 0x00000000, 0x00000000, 0x00000000,
  0x00000000, 0x00000000, 0x00000000, 0x00000000, 0x00000000, 0x00000000, 0x00000000, 0x00000000, 0x00000000, 0x00000000,
  0x00000000, 0x00000000, 0x00000000, 0x00000000, 0x00000000, 0x00000000, 0x00000000, 0x00000000, 0x00000000, 0x00000000,
  0x00000000, 0x00000000, 0x00000000, 0x00000000, 0x00000000, 0x00000000, 0x00000000, 0x00000000, 0x00000000, 0x00000000,
  0x00000000, 0x00000000, 0x00000000, 0x00000000, 0x00000000, 0x00000000, 0x00000000, 0x00000000, 0x00000000, 0x00000000,
  0x00000000, 0x00000000, 0x00000000, 0x00000000, 0x00000000, 0x00000000, 0x00000000, 0x00000000, 0x00000000, 0x00000000,
  0x00000000, 0x00000000, 0x00000000, 0x00000000, 0x00000000, 0x00000000, 0x00000000, 0x00000000, 0x00000000, 0x00000000,
  0x00000000, 0x00000000, 0x00000000, 0x00000000, 0x00000000, 0x00000000, 0x00000000, 0x00000000, 0x00000000, 0x00000000,
  0x00000000, 0x00000000, 0x00000000, 0x00000000, 0x00000000, 0x00000000, 0x00000000, 0x00000000, 0x00000000, 0x00000000,
  0x00000000, 0x00000000, 0x00000000, 0x00000000, 0x00000000, 0x00000000, 0x00000000, 0x00000000, 0x00000000, 0x00000000,
  0x00000000, 0x00000000, 0x00000000, 0x00000000, 0x00000000, 0x00000000, 0x00000000, 0x00000000, 0x00000000, 0x00000000,
  0x00000000, 0x00000000, 0x00000000, 0x00000000, 0x00000000, 0x00000000, 0x00000000, 0x00000000, 0x00000000, 0x00000000,
  0x00000000, 0x00000000, 0x00000000, 0x00000000, 0x00000000, 0x00000000, 0x00000000, 0x00000000, 0x00000000, 0x00000000,
  0x00000000, 0x00000000, 0x00000000, 0x00000000, 0x00000000, 0x00000000, 0x00000000, 0x00000000, 0x00000000, 0x00000000,
  0x00000000, 0x00000000, 0x00000000, 0x00000000, 0x00000000, 0x00000000, 0x00000000, 0x00000000, 0x00000000, 0x00000000,
  0x00000000, 0x00000000, 0x00000000, 0x00000000, 0x00000000, 0x00000000, 0x00002A4B, 0x00002457, 0x0000225D, 0x00002062,
  0x00001C67, 0x00001A6B, 0x00001A6F, 0x00001873, 0x00001677, 0x0000147B, 0x0000127F, 0x00001284, 0x00001088, 0x00000E8D,
  0x00000E92, 0x00000C98, 0x00000A9E, 0x00000AA5, 0x000008AE, 0x000008B8, 0x000006C4, 0x000006D2, 0x000006E3, 0x000006F6,
  0x00000709, 0x0000071C, 0x0000072D, 0x0000073B, 0x00000947, 0x00000951, 0x00000B5A, 0x00000B61, 0x00000D67, 0x00000F6D,
  0x00000F72, 0x00001177, 0x0000137B, 0x00001380, 0x00001584, 0x00001788, 0x0000198C, 0x00001B90, 0x00001B94, 0x00001D98,
  0x0000219D, 0x000023A2, 0x000025A8, 0x00002BB4, 0x00000000, 0x00000000, 0x00000000, 0x00000000, 0x00000000, 0x00000000,
  0x00000000, 0x00000000, 0x00000000, 0x00000000, 0x00000000, 0x00000000, 0x00000000, 0x00000000, 0x00000000, 0x00000000,
  0x00000000, 0x00000000, 0x00000000, 0x00000000, 0x00000000, 0x00000000, 0x00000000, 0x00000000, 0x00000000, 0x00000000,
  0x00000000, 0x00000000, 0x00000000, 0x00000000, 0x00000000, 0x00000000, 0x00000000, 0x00000000, 0x00000000, 0x00000000,
  0x00000000, 0x00000000, 0x00000000, 0x00000000, 0x00000000, 0x00000000, 0x00000000, 0x00000000, 0x00000000, 0x00000000,
  0x00000000, 0x00000000, 0x00000000, 0x00000000, 0x00000000, 0x00000000, 0x00000000, 0x00000000, 0x00000000, 0x00000000,
  0x00000000, 0x00000000, 0x00000000, 0x00000000, 0x00000000, 0x00000000, 0x00000000, 0x00000000, 0x00000000, 0x00000000,
  0x00000000, 0x00000000, 0x00000000, 0x00000000, 0x00000000, 0x00000000, 0x00000000, 0x00000000, 0x00000000, 0x00000000,
  0x00000000, 0x00000000, 0x00000000, 0x00000000, 0x00000000, 0x00000000, 0x00000000, 0x00000000, 0x00000000, 0x00000000,
  0x00000000, 0x00000000, 0x00000000, 0x00000000, 0x00000000, 0x00000000, 0x00000000, 0x00000000, 0x00000000, 0x00000000,
  0x00000000, 0x00000000, 0x00000000, 0x00000000, 0x00000000, 0x00000000, 0x00000000, 0x00000000, 0x00000000, 0x00000000,
  0x00000000, 0x00000000, 0x00000000, 0x00000000, 0x00000000, 0x00000000, 0x00000000, 0x00000000, 0x00000000, 0x00000000,
  0x00000000, 0x00000000, 0x00000000, 0x00000000, 0x00000000, 0x00000000, 0x00000000, 0x00000000, 0x00000000, 0x00000000,
  0x00000000, 0x00000000, 0x00000000, 0x00000000, 0x00000000, 0x00000000, 0x00000000, 0x00000000, 0x00000000, 0x00000000,
  0x00000000, 0x00000000, 0x00000000, 0x00000000, 0x00000000, 0x00000000, 0x00000000, 0x00000000, 0x00000000, 0x00000000,
  0x00000000, 0x00000000, 0x00000000, 0x00000000, 0x00000000, 0x00000000, 0x00000000, 0x00000000, 0x00000000, 0x00000000,
  0x00000000, 0x00000000, 0x00000000, 0x00000000, 0x00000000, 0x00000000, 0x00000000, 0x00000000, 0x00000000, 0x00000000,
  0x00000000, 0x00000000, 0x00000000, 0x00000000, 0x00000000, 0x00000000, 0x00002E57, 0x00002A60, 0x00002667, 0x0000246C,
  0x00002271, 0x00002075, 0x00001E7A, 0x00001E7E, 0x00001C82, 0x00001A86, 0x0000188B, 0x0000188F, 0x00001693, 0x00001698,
  0x0000149D, 0x000012A2, 0x000012A7, 0x000010AD, 0x000010B3, 0x000010B9, 0x00000EC0, 0x00000EC7, 0x00000ECE, 0x00000CD6,
  0x00000CDF, 0x00000CE8, 0x00000CF1, 0x00000CFB, 0x00000D04, 0x00000D0E, 0x00000D17, 0x00000D20, 0x00000D29, 0x00000F31,
  0x00000F38, 0x00000F3F, 0x00001146, 0x0000114C, 0x00001152, 0x00001358, 0x0000135D, 0x00001562, 0x00001767, 0x0000176C,
  0x00001970, 0x00001974, 0x00001B79, 0x00001D7D, 0x00001F81, 0x00001F85, 0x0000218A, 0x0000238E, 0x00002593, 0x00002798,
  0x00002B9F, 0x00002FA8, 0x00000000, 0x00000000, 0x00000000, 0x00000000, 0x00000000, 0x00000000, 0x00000000, 0x00000000,
  0x00000000, 0x00000000, 0x00000000, 0x00000000, 0x00000000, 0x00000000, 0x00000000, 0x00000000, 0x00000000, 0x00000000,
  0x00000000, 0x00000000, 0x00000000, 0x00000000, 0x00000000, 0x00000000, 0x00000000, 0x00000000, 0x00000000, 0x00000000,
  0x00000000, 0x00000000, 0x00000000, 0x00000000, 0x00000000, 0x00000000, 0x00000000, 0x00000000, 0x00000000, 0x00000000,
  0x00000000, 0x00000000, 0x00000000, 0x00000000, 0x00000000, 0x00000000, 0x00000000, 0x00000000, 0x00000000, 0x00000000,
  0x00000000, 0x00000000, 0x00000000, 0x00000000, 0x00000000, 0x00000000, 0x00000000, 0x00000000, 0x00000000, 0x00000000,
  0x00000000, 0x00000000, 0x00000000, 0x00000000, 0x00000000, 0x00000000, 0x00000000, 0x00000000, 0x00000000, 0x00000000,
  0x00000000, 0x00000000, 0x00000000, 0x00000000, 0x00000000, 0x00000000, 0x00000000, 0x00000000, 0x00000000, 0x00000000,
  0x00000000, 0x00000000, 0x00000000, 0x00000000, 0x00000000, 0x00000000, 0x00000000, 0x00000000, 0x00000000, 0x00000000,
  0x00000000, 0x00000000, 0x00000000, 0x00000000, 0x00000000, 0x00000000, 0x00000000, 0x00000000, 0x00000000, 0x00000000,
  0x00000000, 0x00000000, 0x00000000, 0x00000000, 0x00000000, 0x00000000, 0x00000000, 0x00000000, 0x00000000, 0x00000000,
  0x00000000, 0x00000000, 0x00000000, 0x00000000, 0x00000000, 0x00000000, 0x00000000, 0x00000000, 0x00000000, 0x00000000,
  0x00000000, 0x00000000, 0x00000000, 0x00000000, 0x00000000, 0x00000000, 0x00000000, 0x00000000, 0x00000000, 0x00000000,
  0x00000000, 0x00000000, 0x00000000, 0x00000000, 0x00000000, 0x00000000, 0x00000000, 0x00000000, 0x00000000, 0x00000000,
  0x00000000, 0x00000000, 0x00000000, 0x00000000, 0x00000000, 0x00000000, 0x00000000, 0x00000000, 0x00000000, 0x00000000,
  0x00000000, 0x00000000, 0x00000000, 0x00000000, 0x00000000, 0x00000000, 0x00000000, 0x00000000, 0x00000000, 0x00000000,
  0x00000000, 0x00000000, 0x00000000, 0x00000000, 0x00000000, 0x00000000, 0x00000000, 0x00002E63, 0x00002C6A, 0x00002A70,
  0x00002875, 0x00002679, 0x0000247E, 0x00002282, 0x00002286, 0x0000208A, 0x0000208E, 0x00001E92, 0x00001C96, 0x00001C9A,
  0x00001A9F, 0x00001AA3, 0x000018A7, 0x000018AC, 0x000016B1, 0x000016B5, 0x000016BA, 0x000014C0, 0x000014C5, 0x000014CA,
  0x000012D0, 0x000012D6, 0x000012DC, 0x000012E2, 0x000012E9, 0x000012EF, 0x000010F6, 0x000010FC, 0x00001103, 0x00001109,
  0x00001310, 0x00001316, 0x0000131D, 0x00001323, 0x00001329, 0x0000132F, 0x00001535, 0x0000153A, 0x0000153F, 0x00001745,
  0x0000174A, 0x0000174E, 0x00001953, 0x00001958, 0x00001B5C, 0x00001B60, 0x00001D65, 0x00001D69, 0x00001F6D, 0x00002171,
  0x00002175, 0x00002379, 0x0000237D, 0x00002581, 0x00002786, 0x0000298A, 0x00002B8F, 0x00002D95, 0x00002F9C, 0x00000000,
  0x00000000, 0x00000000, 0x00000000, 0x00000000, 0x00000000, 0x00000000, 0x00000000, 0x00000000, 0x00000000, 0x00000000,
  0x00000000, 0x00000000, 0x00000000, 0x00000000, 0x00000000, 0x00000000, 0x00000000, 0x00000000, 0x00000000, 0x00000000,
  0x00000000, 0x00000000, 0x00000000, 0x00000000, 0x00000000, 0x00000000, 0x00000000, 0x00000000, 0x00000000, 0x00000000,
  0x00000000, 0x00000000, 0x00000000, 0x00000000, 0x00000000, 0x00000000, 0x00000000, 0x00000000, 0x00000000, 0x00000000,
  0x00000000, 0x00000000, 0x00000000, 0x00000000, 0x00000000, 0x00000000, 0x00000000, 0x00000000, 0x00000000, 0x00000000,
  0x00000000, 0x00000000, 0x00000000, 0x00000000, 0x00000000, 0x00000000, 0x00000000, 0x00000000, 0x00000000, 0x00000000,
  0x00000000, 0x00000000, 0x00000000, 0x00000000, 0x00000000, 0x00000000, 0x00000000, 0x00000000, 0x00000000, 0x00000000,
  0x00000000, 0x00000000, 0x00000000, 0x00000000, 0x00000000, 0x00000000, 0x00000000, 0x00000000, 0x00000000, 0x00000000,
  0x00000000, 0x00000000, 0x00000000, 0x00000000, 0x00000000, 0x00000000, 0x00000000, 0x00000000, 0x00000000, 0x00000000,
  0x00000000, 0x00000000, 0x00000000, 0x00000000, 0x00000000, 0x00000000, 0x00000000, 0x00000000, 0x00000000, 0x00000000,
  0x00000000, 0x00000000, 0x00000000, 0x00000000, 0x00000000, 0x00000000, 0x00000000, 0x00000000, 0x00000000, 0x00000000,
  0x00000000, 0x00000000, 0x00000000, 0x00000000, 0x00000000, 0x00000000, 0x00000000, 0x00000000, 0x00000000, 0x00000000,
  0x00000000, 0x00000000, 0x00000000, 0x00000000, 0x00000000, 0x00000000, 0x00000000, 0x00000000, 0x00000000, 0x00000000,
  0x00000000, 0x00000000, 0x00000000, 0x00000000, 0x00000000, 0x00000000, 0x00000000, 0x00000000, 0x00000000, 0x00000000,
  0x00000000, 0x00000000, 0x00000000, 0x00000000, 0x00000000, 0x00000000, 0x00000000, 0x00000000, 0x00000000, 0x00000000,
  0x00000000, 0x00000000, 0x00000000, 0x00000000, 0x00000000, 0x00000000, 0x00000000, 0x0000365E, 0x00003269, 0x0000306F,
  0x00002E75, 0x00002C79, 0x00002A7E, 0x00002882, 0x00002886, 0x0000268A, 0x0000268E, 0x00002492, 0x00002296, 0x0000229A,
  0x0000209D, 0x000020A1, 0x00001EA5, 0x00001EA9, 0x00001EAD, 0x00001CB1, 0x00001CB5, 0x00001CBA, 0x00001ABE, 0x00001AC2,
  0x00001AC7, 0x000018CB, 0x000018D0, 0x000018D5, 0x000018D9, 0x000016DE, 0x000016E3, 0x000016E8, 0x000016ED, 0x000016F3,
  0x000016F8, 0x000016FD, 0x00001702, 0x00001707, 0x0000170C, 0x00001712, 0x00001717, 0x0000171C, 0x00001721, 0x00001926,
  0x0000192A, 0x0000192F, 0x00001934, 0x00001B38, 0x00001B3D, 0x00001B41, 0x00001D45, 0x00001D4A, 0x00001D4E, 0x00001F52,
  0x00001F56, 0x00001F5A, 0x0000215E, 0x00002162, 0x00002365, 0x00002369, 0x0000256D, 0x00002771, 0x00002775, 0x00002979,
  0x0000297D, 0x00002B81, 0x00002D86, 0x00002F8A, 0x00003190, 0x00003396, 0x000037A1, 0x00000000, 0x00000000, 0x00000000,
  0x00000000, 0x00000000, 0x00000000, 0x00000000, 0x00000000, 0x00000000, 0x00000000, 0x00000000, 0x00000000, 0x00000000,
  0x00000000, 0x00000000, 0x00000000, 0x00000000, 0x00000000, 0x00000000, 0x00000000, 0x00000000, 0x00000000, 0x00000000,
  0x00000000, 0x00000000, 0x00000000, 0x00000000, 0x00000000, 0x00000000, 0x00000000, 0x00000000, 0x00000000, 0x00000000,
  0x00000000, 0x00000000, 0x00000000, 0x00000000, 0x00000000, 0x00000000, 0x00000000, 0x00000000, 0x00000000, 0x00000000,
  0x00000000, 0x00000000, 0x00000000, 0x00000000, 0x00000000, 0x00000000, 0x00000000, 0x00000000, 0x00000000, 0x00000000,
  0x00000000, 0x00000000, 0x00000000, 0x00000000, 0x00000000, 0x00000000, 0x00000000, 0x00000000, 0x00000000, 0x00000000,
  0x00000000, 0x00000000, 0x00000000, 0x00000000, 0x00000000, 0x00000000, 0x00000000, 0x00000000, 0x00000000, 0x00000000,
  0x00000000, 0x00000000, 0x00000000, 0x00000000, 0x00000000, 0x00000000, 0x00000000, 0x00000000, 0x00000000, 0x00000000,
  0x00000000, 0x00000000, 0x00000000, 0x00000000, 0x00000000, 0x00000000, 0x00000000, 0x00000000, 0x00000000, 0x00000000,
  0x00000000, 0x00000000, 0x00000000, 0x00000000, 0x00000000, 0x00000000, 0x00000000, 0x00000000, 0x00000000, 0x00000000,
  0x00000000, 0x00000000, 0x00000000, 0x00000000, 0x00000000, 0x00000000, 0x00000000, 0x00000000, 0x00000000, 0x00000000,
  0x00000000, 0x00000000, 0x00000000, 0x00000000, 0x00000000, 0x00000000, 0x00000000, 0x00000000, 0x00000000, 0x00000000,
  0x00000000, 0x00000000, 0x00000000, 0x00000000, 0x00000000, 0x00000000, 0x00000000, 0x00000000, 0x00000000, 0x00000000,
  0x00000000, 0x00000000, 0x00000000, 0x00000000, 0x00000000, 0x00000000, 0x00000000, 0x00000000, 0x00000000, 0x00000000,
  0x00000000, 0x00000000, 0x00000000, 0x00000000, 0x00000000, 0x00000000, 0x00000000, 0x00000000, 0x00003C5F, 0x0000366B,
  0x00003472, 0x00003277, 0x0000307C, 0x00002E80, 0x00002E84, 0x00002C88, 0x00002A8C, 0x00002A90, 0x00002894, 0x00002897,
  0x0000269B, 0x0000269E, 0x000024A2, 0x000024A6, 0x000024A9, 0x000022AD, 0x000022B0, 0x000020B4, 0x000020B8, 0x000020BB,
  0x000020BF, 0x00001EC3, 0x00001EC7, 0x00001ECB, 0x00001CCF, 0x00001CD3, 0x00001CD7, 0x00001CDB, 0x00001CDF, 0x00001CE3,
  0x00001AE8, 0x00001AEC, 0x00001AF0, 0x00001AF5, 0x00001AF9, 0x00001AFD, 0x00001B02, 0x00001B06, 0x00001B0A, 0x00001B0F,
  0x00001B13, 0x00001B17, 0x00001D1C, 0x00001D20, 0x00001D24, 0x00001D28, 0x00001D2C, 0x00001D30, 0x00001F34, 0x00001F38,
  0x00001F3C, 0x00002140, 0x00002144, 0x00002147, 0x0000214B, 0x0000234F, 0x00002352, 0x00002556, 0x00002559, 0x0000255D,
  0x00002761, 0x00002764, 0x00002968, 0x0000296B, 0x00002B6F, 0x00002B73, 0x00002D77, 0x00002F7B, 0x00002F7F, 0x00003183,
  0x00003388, 0x0000358D, 0x00003794, 0x00003DA0, 0x00000000, 0x00000000, 0x00000000, 0x00000000, 0x00000000, 0x00000000,
  0x00000000, 0x00000000, 0x00000000, 0x00000000, 0x00000000, 0x00000000, 0x00000000, 0x00000000, 0x00000000, 0x00000000,
  0x00000000, 0x00000000, 0x00000000, 0x00000000, 0x00000000, 0x00000000, 0x00000000, 0x00000000, 0x00000000, 0x00000000,
  0x00000000, 0x00000000, 0x00000000, 0x00000000, 0x00000000, 0x00000000, 0x00000000, 0x00000000, 0x00000000, 0x00000000,
  0x00000000, 0x00000000, 0x00000000, 0x00000000, 0x00000000, 0x00000000, 0x00000000, 0x00000000, 0x00000000, 0x00000000,
  0x00000000, 0x00000000, 0x00000000, 0x00000000, 0x00000000, 0x00000000, 0x00000000, 0x00000000, 0x00000000, 0x00000000,
  0x00000000, 0x00000000, 0x00000000, 0x00000000, 0x00000000, 0x00000000, 0x00000000, 0x00000000, 0x00000000, 0x00000000,
  0x00000000, 0x00000000, 0x00000000, 0x00000000, 0x00000000, 0x00000000, 0x00000000, 0x00000000, 0x00000000, 0x00000000,
  0x00000000, 0x00000000, 0x00000000, 0x00000000, 0x00000000, 0x00000000, 0x00000000, 0x00000000, 0x00000000, 0x00000000,
  0x00000000, 0x00000000, 0x00000000, 0x00000000, 0x00000000, 0x00000000, 0x00000000, 0x00000000, 0x00000000, 0x00000000,
  0x00000000, 0x00000000, 0x00000000, 0x00000000, 0x00000000, 0x00000000, 0x00000000, 0x00000000, 0x00000000, 0x00000000,
  0x00000000, 0x00000000, 0x00000000, 0x00000000, 0x00000000, 0x00000000, 0x00000000, 0x00000000, 0x00000000, 0x00000000,
  0x00000000, 0x00000000, 0x00000000, 0x00000000, 0x00000000, 0x00000000, 0x00000000, 0x00000000, 0x00000000, 0x00000000,
  0x00000000, 0x00000000, 0x00000000, 0x00000000, 0x00000000, 0x00000000, 0x00000000, 0x00000000, 0x00000000, 0x00000000,
  0x00000000, 0x00000000, 0x00000000, 0x00000000, 0x00000000, 0x00000000, 0x00000000, 0x00000000, 0x00000000, 0x00000000,
  0x00003C6B, 0x00003A72, 0x00003678, 0x0000367D, 0x00003481, 0x00003285, 0x00003089, 0x0000308D, 0x00002E90, 0x00002E94,
  0x00002C97, 0x00002C9B, 0x00002A9E, 0x00002AA2, 0x000028A5, 0x000028A8, 0x000028AC, 0x000026AF, 0x000026B2, 0x000026B6,
  0x000024B9, 0x000024BC, 0x000024C0, 0x000022C3, 0x000022C7, 0x000022CA, 0x000022CE, 0x000022D1, 0x000020D5, 0x000020D8,
  0x000020DC, 0x000020E0, 0x000020E3, 0x000020E7, 0x000020EB, 0x00001EEF, 0x00001EF2, 0x00001EF6, 0x00001EFA, 0x00001EFE,
  0x00001F01, 0x00001F05, 0x00001F09, 0x00001F0D, 0x00001F10, 0x00002114, 0x00002118, 0x0000211C, 0x0000211F, 0x00002123,
  0x00002127, 0x0000212A, 0x0000232E, 0x00002331, 0x00002335, 0x00002338, 0x0000233C, 0x0000253F, 0x00002543, 0x00002546,
  0x00002749, 0x0000274D, 0x00002750, 0x00002953, 0x00002957, 0x0000295A, 0x00002B5D, 0x00002B61, 0x00002D64, 0x00002D68,
  0x00002F6B, 0x00002F6F, 0x00003172, 0x00003176, 0x0000337A, 0x0000357E, 0x00003782, 0x00003787, 0x00003B8D, 0x00003D94,
  0x00000000, 0x00000000, 0x00000000, 0x00000000, 0x00000000, 0x00000000, 0x00000000, 0x00000000, 0x00000000, 0x00000000,
  0x00000000, 0x00000000, 0x00000000, 0x00000000, 0x00000000, 0x00000000, 0x00000000, 0x00000000, 0x00000000, 0x00000000,
  0x00000000, 0x00000000, 0x00000000, 0x00000000, 0x00000000, 0x00000000, 0x00000000, 0x00000000, 0x00000000, 0x00000000,
  0x00000000, 0x00000000, 0x00000000, 0x00000000, 0x00000000, 0x00000000, 0x00000000, 0x00000000, 0x00000000, 0x00000000,
  0x00000000, 0x00000000, 0x00000000, 0x00000000, 0x00000000, 0x00000000, 0x00000000, 0x00000000, 0x00000000, 0x00000000,
  0x00000000, 0x00000000, 0x00000000, 0x00000000, 0x00000000, 0x00000000, 0x00000000, 0x00000000, 0x00000000, 0x00000000,
  0x00000000, 0x00000000, 0x00000000, 0x00000000, 0x00000000, 0x00000000, 0x00000000, 0x00000000, 0x00000000, 0x00000000,
  0x00000000, 0x00000000, 0x00000000, 0x00000000, 0x00000000, 0x00000000, 0x00000000, 0x00000000, 0x00000000, 0x00000000,
  0x00000000, 0x00000000, 0x00000000, 0x00000000, 0x00000000, 0x00000000, 0x00000000, 0x00000000, 0x00000000, 0x00000000,
  0x00000000, 0x00000000, 0x00000000, 0x00000000, 0x00000000, 0x00000000, 0x00000000, 0x00000000, 0x00000000, 0x00000000,
  0x00000000, 0x00000000, 0x00000000, 0x00000000, 0x00000000, 0x00000000, 0x00000000, 0x00000000, 0x00000000, 0x00000000,
  0x00000000, 0x00000000, 0x00000000, 0x00000000, 0x00000000, 0x00000000, 0x00000000, 0x00000000, 0x00000000, 0x00000000,
  0x00000000, 0x00000000, 0x00000000, 0x00000000, 0x00000000, 0x00000000, 0x00000000, 0x00000000, 0x00000000, 0x00000000,
  0x00000000, 0x00000000, 0x00000000, 0x00000000, 0x00000000, 0x00000000, 0x00000000, 0x00000000, 0x00000000, 0x00000000,
  0x00000000, 0x00004267, 0x00003E71, 0x00003C77, 0x00003A7C, 0x00003880, 0x00003685, 0x00003688, 0x0000348C, 0x00003490,
  0x00003293, 0x00003297, 0x0000309A, 0x0000309D, 0x00002EA0, 0x00002EA3, 0x00002CA7, 0x00002CAA, 0x00002CAD, 0x00002AB0,
  0x00002AB3, 0x00002AB6, 0x000028B9, 0x000028BC, 0x000028C0, 0x000028C3, 0x000026C6, 0x000026C9, 0x000026CC, 0x000026CF,
  0x000024D3, 0x000024D6, 0x000024D9, 0x000024DC, 0x000024E0, 0x000024E3, 0x000024E6, 0x000024EA, 0x000022ED, 0x000022F0,
  0x000022F4, 0x000022F7, 0x000022FA, 0x000022FE, 0x00002301, 0x00002305, 0x00002308, 0x0000230B, 0x0000230F, 0x00002312,
  0x00002515, 0x00002519, 0x0000251C, 0x0000251F, 0x00002523, 0x00002526, 0x00002529, 0x0000252C, 0x00002730, 0x00002733,
  0x00002736, 0x00002739, 0x0000293C, 0x0000293F, 0x00002943, 0x00002946, 0x00002B49, 0x00002B4C, 0x00002B4F, 0x00002D52,
  0x00002D55, 0x00002D58, 0x00002F5C, 0x00002F5F, 0x00003162, 0x00003165, 0x00003368, 0x0000336C, 0x0000356F, 0x00003573,
  0x00003777, 0x0000377A, 0x0000397F, 0x00003B83, 0x00003D88, 0x00003F8E, 0x00004398, 0x00000000, 0x00000000, 0x00000000,
  0x00000000, 0x00000000, 0x00000000, 0x00000000, 0x00000000, 0x00000000, 0x00000000, 0x00000000, 0x00000000, 0x00000000,
  0x00000000, 0x00000000, 0x00000000, 0x00000000, 0x00000000, 0x00000000, 0x00000000, 0x00000000, 0x00000000, 0x00000000,
  0x00000000, 0x00000000, 0x00000000, 0x00000000, 0x00000000, 0x00000000, 0x00000000, 0x00000000, 0x00000000, 0x00000000,
  0x00000000, 0x00000000, 0x00000000, 0x00000000, 0x00000000, 0x00000000, 0x00000000, 0x00000000, 0x00000000, 0x00000000,
  0x00000000, 0x00000000, 0x00000000, 0x00000000, 0x00000000, 0x00000000, 0x00000000, 0x00000000, 0x00000000, 0x00000000,
  0x00000000, 0x00000000, 0x00000000, 0x00000000, 0x00000000, 0x00000000, 0x00000000, 0x00000000, 0x00000000, 0x00000000,
  0x00000000, 0x00000000, 0x00000000, 0x00000000, 0x00000000, 0x00000000, 0x00000000, 0x00000000, 0x00000000, 0x00000000,
  0x00000000, 0x00000000, 0x00000000, 0x00000000, 0x00000000, 0x00000000, 0x00000000, 0x00000000, 0x00000000, 0x00000000,
  0x00000000, 0x00000000, 0x00000000, 0x00000000, 0x00000000, 0x00000000, 0x00000000, 0x00000000, 0x00000000, 0x00000000,
  0x00000000, 0x00000000, 0x00000000, 0x00000000, 0x00000000, 0x00000000, 0x00000000, 0x00000000, 0x00000000, 0x00000000,
  0x00000000, 0x00000000, 0x00000000, 0x00000000, 0x00000000, 0x00000000, 0x00000000, 0x00000000, 0x00000000, 0x00000000,
  0x00000000, 0x00000000, 0x00000000, 0x00000000, 0x00000000, 0x00000000, 0x00000000, 0x00000000, 0x00000000, 0x00000000,
  0x00000000, 0x00000000, 0x00000000, 0x00000000, 0x00000000, 0x00000000, 0x00000000, 0x00000000, 0x00000000, 0x00000000,
  0x00000000, 0x00000000, 0x00000000, 0x0000446D, 0x00004074, 0x00003E7A, 0x00003C7F, 0x00003C83, 0x00003A87, 0x0000388B,
  0x0000388E, 0x00003692, 0x00003695, 0x00003498, 0x0000349C, 0x0000329F, 0x000032A2, 0x000032A5, 0x000030A8, 0x000030AB,
  0x000030AE, 0x00002EB1, 0x00002EB3, 0x00002EB6, 0x00002CB9, 0x00002CBC, 0x00002CBF, 0x00002CC2, 0x00002AC5, 0x00002AC8,
  0x00002ACB, 0x00002ACE, 0x000028D1, 0x000028D4, 0x000028D7, 0x000028DA, 0x000028DD, 0x000028E0, 0x000028E3, 0x000028E6,
  0x000026E9, 0x000026EC, 0x000026EF, 0x000026F2, 0x000026F5, 0x000026F8, 0x000026FB, 0x000026FE, 0x00002701, 0x00002704,
  0x00002707, 0x0000270A, 0x0000270D, 0x00002710, 0x00002713, 0x00002716, 0x00002919, 0x0000291C, 0x0000291F, 0x00002922,
  0x00002925, 0x00002928, 0x0000292B, 0x0000292E, 0x00002B31, 0x00002B34, 0x00002B37, 0x00002B3A, 0x00002D3D, 0x00002D40,
  0x00002D43, 0x00002D46, 0x00002F49, 0x00002F4C, 0x00002F4E, 0x00003151, 0x00003154, 0x00003157, 0x0000335A, 0x0000335D,
  0x00003360, 0x00003563, 0x00003567, 0x0000376A, 0x0000376D, 0x00003971, 0x00003974, 0x00003B78, 0x00003D7C, 0x00003D80,
  0x00003F85, 0x0000418B, 0x00004592, 0x00000000, 0x00000000, 0x00000000, 0x00000000, 0x00000000, 0x00000000, 0x00000000,
  0x00000000, 0x00000000, 0x00000000, 0x00000000, 0x00000000, 0x00000000, 0x00000000, 0x00000000, 0x00000000, 0x00000000,
  0x00000000, 0x00000000, 0x00000000, 0x00000000, 0x00000000, 0x00000000, 0x00000000, 0x00000000, 0x00000000, 0x00000000,
  0x00000000, 0x00000000, 0x00000000, 0x00000000, 0x00000000, 0x00000000, 0x00000000, 0x00000000, 0x00000000, 0x00000000,
  0x00000000, 0x00000000, 0x00000000, 0x00000000, 0x00000000, 0x00000000, 0x00000000, 0x00000000, 0x00000000, 0x00000000,
  0x00000000, 0x00000000, 0x00000000, 0x00000000, 0x00000000, 0x00000000, 0x00000000, 0x00000000, 0x00000000, 0x00000000,
  0x00000000, 0x00000000, 0x00000000, 0x00000000, 0x00000000, 0x00000000, 0x00000000, 0x00000000, 0x00000000, 0x00000000,
  0x00000000, 0x00000000, 0x00000000, 0x00000000, 0x00000000, 0x00000000, 0x00000000, 0x00000000, 0x00000000, 0x00000000,
  0x00000000, 0x00000000, 0x00000000, 0x00000000, 0x00000000, 0x00000000, 0x00000000, 0x00000000, 0x00000000, 0x00000000,
  0x00000000, 0x00000000, 0x00000000, 0x00000000, 0x00000000, 0x00000000, 0x00000000, 0x00000000, 0x00000000, 0x00000000,
  0x00000000, 0x00000000, 0x00000000, 0x00000000, 0x00000000, 0x00000000, 0x00000000, 0x00000000, 0x00000000, 0x00000000,
  0x00000000, 0x00000000, 0x00000000, 0x00000000, 0x00000000, 0x00000000, 0x00000000, 0x00000000, 0x00000000, 0x00000000,
  0x00000000, 0x00000000, 0x00000000, 0x00000000, 0x00000000, 0x00000000, 0x00000000, 0x00000000, 0x00000000, 0x00000000,
  0x00000000, 0x00000000, 0x00000000, 0x00000000, 0x00000000, 0x00004670, 0x00004477, 0x0000427C, 0x00004081, 0x00003E85,
  0x00003E89, 0x00003C8D, 0x00003C90, 0x00003A93, 0x00003A96, 0x0000389A, 0x0000389D, 0x000036A0, 0x000036A2, 0x000034A5,
  0x000034A8, 0x000034AB, 0x000032AE, 0x000032B1, 0x000032B3, 0x000030B6, 0x000030B9, 0x000030BC, 0x000030BE, 0x00002EC1,
  0x00002EC4, 0x00002EC7, 0x00002EC9, 0x00002ECC, 0x00002CCF, 0x00002CD2, 0x00002CD4, 0x00002CD7, 0x00002CDA, 0x00002CDD,
  0x00002CDF, 0x00002AE2, 0x00002AE5, 0x00002AE8, 0x00002AEA, 0x00002AED, 0x00002AF0, 0x00002AF3, 0x00002AF6, 0x00002AF8,
  0x00002AFB, 0x00002AFE, 0x00002B01, 0x00002B04, 0x00002B07, 0x00002B09, 0x00002B0C, 0x00002B0F, 0x00002B12, 0x00002B15,
  0x00002B17, 0x00002B1A, 0x00002B1D, 0x00002D20, 0x00002D22, 0x00002D25, 0x00002D28, 0x00002D2B, 0x00002D2D, 0x00002D30,
  0x00002F33, 0x00002F36, 0x00002F38, 0x00002F3B, 0x00002F3E, 0x00003141, 0x00003143, 0x00003146, 0x00003149, 0x0000334C,
  0x0000334E, 0x00003351, 0x00003554, 0x00003557, 0x0000355A, 0x0000375D, 0x0000375F, 0x00003962, 0x00003965, 0x00003B69,
  0x00003B6C, 0x00003D6F, 0x00003D72, 0x00003F76, 0x00003F7A, 0x0000417E, 0x00004383, 0x00004588, 0x0000478F, 0x00000000,
  0x00000000, 0x00000000, 0x00000000, 0x00000000, 0x00000000, 0x00000000, 0x00000000, 0x00000000, 0x00000000, 0x00000000,
  0x00000000, 0x00000000, 0x00000000, 0x00000000, 0x00000000, 0x00000000, 0x00000000, 0x00000000, 0x00000000, 0x00000000,
  0x00000000, 0x00000000, 0x00000000, 0x00000000, 0x00000000, 0x00000000, 0x00000000, 0x00000000, 0x00000000, 0x00000000,
  0x00000000, 0x00000000, 0x00000000, 0x00000000, 0x00000000, 0x00000000, 0x00000000, 0x00000000, 0x00000000, 0x00000000,
  0x00000000, 0x00000000, 0x00000000, 0x00000000, 0x00000000, 0x00000000, 0x00000000, 0x00000000, 0x00000000, 0x00000000,
  0x00000000, 0x00000000, 0x00000000, 0x00000000, 0x00000000, 0x00000000, 0x00000000, 0x00000000, 0x00000000, 0x00000000,
  0x00000000, 0x00000000, 0x00000000, 0x00000000, 0x00000000, 0x00000000, 0x00000000, 0x00000000, 0x00000000, 0x00000000,
  0x00000000, 0x00000000, 0x00000000, 0x00000000, 0x00000000, 0x00000000, 0x00000000, 0x00000000, 0x00000000, 0x00000000,
  0x00000000, 0x00000000, 0x00000000, 0x00000000, 0x00000000, 0x00000000, 0x00000000, 0x00000000, 0x00000000, 0x00000000,
  0x00000000, 0x00000000, 0x00000000, 0x00000000, 0x00000000, 0x00000000, 0x00000000, 0x00000000, 0x00000000, 0x00000000,
  0x00000000, 0x00000000, 0x00000000, 0x00000000, 0x00000000, 0x00000000, 0x00000000, 0x00000000, 0x00000000, 0x00000000,
  0x00000000, 0x00000000, 0x00000000, 0x00000000, 0x00000000, 0x00000000, 0x00000000, 0x00000000, 0x00000000, 0x00000000,
  0x00000000, 0x00000000, 0x00000000, 0x00000000, 0x00000000, 0x00000000, 0x00000000, 0x00004A72, 0x00004679, 0x0000447E,
  0x00004482, 0x00004286, 0x0000408A, 0x0000408E, 0x00003E91, 0x00003E94, 0x00003C97, 0x00003C9A, 0x00003A9D, 0x00003AA0,
  0x00003AA3, 0x000038A6, 0x000038A8, 0x000038AB, 0x000036AE, 0x000036B0, 0x000036B3, 0x000034B6, 0x000034B8, 0x000034BB,
  0x000034BD, 0x000032C0, 0x000032C3, 0x000032C5, 0x000032C8, 0x000030CA, 0x000030CD, 0x000030D0, 0x000030D2, 0x000030D5,
  0x000030D7, 0x00002EDA, 0x00002EDC, 0x00002EDF, 0x00002EE2, 0x00002EE4, 0x00002EE7, 0x00002EE9, 0x00002EEC, 0x00002EEF,
  0x00002EF1, 0x00002EF4, 0x00002EF6, 0x00002EF9, 0x00002EFC, 0x00002EFE, 0x00002F01, 0x00002F03, 0x00002F06, 0x00002F09,
  0x00002F0B, 0x00002F0E, 0x00002F10, 0x00002F13, 0x00002F16, 0x00002F18, 0x00002F1B, 0x00002F1D, 0x00002F20, 0x00002F23,
  0x00002F25, 0x00003128, 0x0000312A, 0x0000312D, 0x0000312F, 0x00003132, 0x00003135, 0x00003337, 0x0000333A, 0x0000333C,
  0x0000333F, 0x00003542, 0x00003544, 0x00003547, 0x00003549, 0x0000374C, 0x0000374F, 0x00003751, 0x00003954, 0x00003957,
  0x00003959, 0x00003B5C, 0x00003B5F, 0x00003B62, 0x00003D65, 0x00003D68, 0x00003F6B, 0x00003F6E, 0x00004171, 0x00004175,
  0x00004379, 0x0000457D, 0x00004581, 0x00004786, 0x00004B8D, 0x00000000, 0x00000000, 0x00000000, 0x00000000, 0x00000000,
  0x00000000, 0x00000000, 0x00000000, 0x00000000, 0x00000000, 0x00000000, 0x00000000, 0x00000000, 0x00000000, 0x00000000,
  0x00000000, 0x00000000, 0x00000000, 0x00000000, 0x00000000, 0x00000000, 0x00000000, 0x00000000, 0x00000000, 0x00000000,
  0x00000000, 0x00000000, 0x00000000, 0x00000000, 0x00000000, 0x00000000, 0x00000000, 0x00000000, 0x00000000, 0x00000000,
  0x00000000, 0x00000000, 0x00000000, 0x00000000, 0x00000000, 0x00000000, 0x00000000, 0x00000000, 0x00000000, 0x00000000,
  0x00000000, 0x00000000, 0x00000000, 0x00000000, 0x00000000, 0x00000000, 0x00000000, 0x00000000, 0x00000000, 0x00000000,
  0x00000000, 0x00000000, 0x00000000, 0x00000000, 0x00000000, 0x00000000, 0x00000000, 0x00000000, 0x00000000, 0x00000000,
  0x00000000, 0x00000000, 0x00000000, 0x00000000, 0x00000000, 0x00000000, 0x00000000, 0x00000000, 0x00000000, 0x00000000,
  0x00000000, 0x00000000, 0x00000000, 0x00000000, 0x00000000, 0x00000000, 0x00000000, 0x00000000, 0x00000000, 0x00000000,
  0x00000000, 0x00000000, 0x00000000, 0x00000000, 0x00000000, 0x00000000, 0x00000000, 0x00000000, 0x00000000, 0x00000000,
  0x00000000, 0x00000000, 0x00000000, 0x00000000, 0x00000000, 0x00000000, 0x00000000, 0x00000000, 0x00000000, 0x00000000,
  0x00000000, 0x00000000, 0x00000000, 0x00000000, 0x00000000, 0x00000000, 0x00000000, 0x00000000, 0x00000000, 0x00000000,
  0x00000000, 0x00000000, 0x00000000, 0x00000000, 0x00000000, 0x00000000, 0x00000000, 0x00000000, 0x00000000, 0x00004C73,
  0x00004A7A, 0x0000487F, 0x00004683, 0x00004687, 0x0000448B, 0x0000428E, 0x00004291, 0x00004095, 0x00004098, 0x00003E9A,
  0x00003E9D, 0x00003EA0, 0x00003CA3, 0x00003CA6, 0x00003CA8, 0x00003AAB, 0x00003AAD, 0x00003AB0, 0x000038B2, 0x000038B5,
  0x000038B7, 0x000038BA, 0x000036BC, 0x000036BF, 0x000036C1, 0x000036C4, 0x000034C6, 0x000034C9, 0x000034CB, 0x000034CE,
  0x000034D0, 0x000034D2, 0x000032D5, 0x000032D7, 0x000032DA, 0x000032DC, 0x000032DF, 0x000032E1, 0x000032E3, 0x000032E6,
  0x000032E8, 0x000030EB, 0x000030ED, 0x000030F0, 0x000030F2, 0x000030F5, 0x000030F7, 0x000030F9, 0x000030FC, 0x000030FE,
  0x00003101, 0x00003103, 0x00003106, 0x00003108, 0x0000310A, 0x0000310D, 0x0000310F, 0x00003112, 0x00003114, 0x00003317,
  0x00003319, 0x0000331C, 0x0000331E, 0x00003320, 0x00003323, 0x00003325, 0x00003328, 0x0000332A, 0x0000352D, 0x0000352F,
  0x00003531, 0x00003534, 0x00003536, 0x00003539, 0x0000373B, 0x0000373E, 0x00003740, 0x00003743, 0x00003945, 0x00003948,
  0x0000394A, 0x0000394D, 0x00003B4F, 0x00003B52, 0x00003B54, 0x00003D57, 0x00003D59, 0x00003D5C, 0x00003F5F, 0x00003F62,
  0x00003F65, 0x00004167, 0x0000416A, 0x0000436E, 0x00004371, 0x00004574, 0x00004778, 0x0000477C, 0x00004980, 0x00004B85,
  0x00004D8C, 0x00000000, 0x00000000, 0x00000000, 0x00000000, 0x00000000, 0x00000000, 0x00000000, 0x00000000, 0x00000000,
  0x00000000, 0x00000000, 0x00000000, 0x00000000, 0x00000000, 0x00000000, 0x00000000, 0x00000000, 0x00000000, 0x00000000,
  0x00000000, 0x00000000, 0x00000000, 0x00000000, 0x00000000, 0x00000000, 0x00000000, 0x00000000, 0x00000000, 0x00000000,
  0x00000000, 0x00000000, 0x00000000, 0x00000000, 0x00000000, 0x00000000, 0x00000000, 0x00000000, 0x00000000, 0x00000000,
  0x00000000, 0x00000000, 0x00000000, 0x00000000, 0x00000000, 0x00000000, 0x00000000, 0x00000000, 0x00000000, 0x00000000,
  0x00000000, 0x00000000, 0x00000000, 0x00000000, 0x00000000, 0x00000000, 0x00000000, 0x00000000, 0x00000000, 0x00000000,
  0x00000000, 0x00000000, 0x00000000, 0x00000000, 0x00000000, 0x00000000, 0x00000000, 0x00000000, 0x00000000, 0x00000000,
  0x00000000, 0x00000000, 0x00000000, 0x00000000, 0x00000000, 0x00000000, 0x00000000, 0x00000000, 0x00000000, 0x00000000,
  0x00000000, 0x00000000, 0x00000000, 0x00000000, 0x00000000, 0x00000000, 0x00000000, 0x00000000, 0x00000000, 0x00000000,
  0x00000000, 0x00000000, 0x00000000, 0x00000000, 0x00000000, 0x00000000, 0x00000000, 0x00000000, 0x00000000, 0x00000000,
  0x00000000, 0x00000000, 0x00000000, 0x00000000, 0x00000000, 0x00000000, 0x00000000, 0x00000000, 0x00000000, 0x00000000,
  0x00000000, 0x00000000, 0x00000000, 0x00000000, 0x00000000, 0x00000000, 0x00000000, 0x00000000, 0x00000000, 0x00000000,
  0x00000000, 0x00005073, 0x00004E7A, 0x00004C7F, 0x00004A83, 0x00004887, 0x0000488B, 0x0000468E, 0x00004692, 0x00004495,
  0x00004498, 0x0000429A, 0x0000429D, 0x000040A0, 0x000040A3, 0x000040A5, 0x00003EA8, 0x00003EAA, 0x00003EAD, 0x00003CAF,
  0x00003CB2, 0x00003CB4, 0x00003CB7, 0x00003AB9, 0x00003ABB, 0x00003ABE, 0x00003AC0, 0x000038C2, 0x000038C5, 0x000038C7,
  0x000038C9, 0x000038CC, 0x000036CE, 0x000036D0, 0x000036D3, 0x000036D5, 0x000036D7, 0x000036DA, 0x000036DC, 0x000034DE,
  0x000034E0, 0x000034E3, 0x000034E5, 0x000034E7, 0x000034EA, 0x000034EC, 0x000034EE, 0x000034F1, 0x000034F3, 0x000034F5,
  0x000034F7, 0x000034FA, 0x000034FC, 0x000034FE, 0x00003501, 0x00003503, 0x00003505, 0x00003508, 0x0000350A, 0x0000350C,
  0x0000350E, 0x00003511, 0x00003513, 0x00003515, 0x00003518, 0x0000351A, 0x0000351C, 0x0000351F, 0x00003521, 0x00003723,
  0x00003725, 0x00003728, 0x0000372A, 0x0000372C, 0x0000372F, 0x00003731, 0x00003933, 0x00003936, 0x00003938, 0x0000393A,
  0x0000393D, 0x00003B3F, 0x00003B41, 0x00003B44, 0x00003B46, 0x00003D48, 0x00003D4B, 0x00003D4D, 0x00003D50, 0x00003F52,
  0x00003F55, 0x00003F57, 0x0000415A, 0x0000415C, 0x0000415F, 0x00004362, 0x00004365, 0x00004567, 0x0000456A, 0x0000476D,
  0x00004771, 0x00004974, 0x00004978, 0x00004B7C, 0x00004D80, 0x00004F85, 0x0000518C, 0x00000000, 0x00000000, 0x00000000,
  0x00000000, 0x00000000, 0x00000000, 0x00000000, 0x00000000, 0x00000000, 0x00000000, 0x00000000, 0x00000000, 0x00000000,
  0x00000000, 0x00000000, 0x00000000, 0x00000000, 0x00000000, 0x00000000, 0x00000000, 0x00000000, 0x00000000, 0x00000000,
  0x00000000, 0x00000000, 0x00000000, 0x00000000, 0x00000000, 0x00000000, 0x00000000, 0x00000000, 0x00000000, 0x00000000,
  0x00000000, 0x00000000, 0x00000000, 0x00000000, 0x00000000, 0x00000000, 0x00000000, 0x00000000, 0x00000000, 0x00000000,
  0x00000000, 0x00000000, 0x00000000, 0x00000000, 0x00000000, 0x00000000, 0x00000000, 0x00000000, 0x00000000, 0x00000000,
  0x00000000, 0x00000000, 0x00000000, 0x00000000, 0x00000000, 0x00000000, 0x00000000, 0x00000000, 0x00000000, 0x00000000,
  0x00000000, 0x00000000, 0x00000000, 0x00000000, 0x00000000, 0x00000000, 0x00000000, 0x00000000, 0x00000000, 0x00000000,
  0x00000000, 0x00000000, 0x00000000, 0x00000000, 0x00000000, 0x00000000, 0x00000000, 0x00000000, 0x00000000, 0x00000000,
  0x00000000, 0x00000000, 0x00000000, 0x00000000, 0x00000000, 0x00000000, 0x00000000, 0x00000000, 0x00000000, 0x00000000,
  0x00000000, 0x00000000, 0x00000000, 0x00000000, 0x00000000, 0x00000000, 0x00000000, 0x00000000, 0x00000000, 0x00000000,
  0x00000000, 0x00000000, 0x00000000, 0x00000000, 0x00000000, 0x00000000, 0x00000000, 0x00000000, 0x00000000, 0x00000000,
  0x00000000, 0x00000000, 0x00000000, 0x00005472, 0x0000507A, 0x00004E7F, 0x00004C83, 0x00004C87, 0x00004A8B, 0x00004A8E,
  0x00004891, 0x00004894, 0x00004697, 0x0000469A, 0x0000449D, 0x000044A0, 0x000044A2, 0x000042A5, 0x000042A7, 0x000042AA,
  0x000040AC, 0x000040AE, 0x000040B1, 0x00003EB3, 0x00003EB6, 0x00003EB8, 0x00003EBA, 0x00003EBC, 0x00003CBF, 0x00003CC1,
  0x00003CC3, 0x00003CC5, 0x00003AC8, 0x00003ACA, 0x00003ACC, 0x00003ACE, 0x00003AD0, 0x00003AD3, 0x00003AD5, 0x000038D7,
  0x000038D9, 0x000038DB, 0x000038DE, 0x000038E0, 0x000038E2, 0x000038E4, 0x000038E6, 0x000038E9, 0x000038EB, 0x000036ED,
  0x000036EF, 0x000036F1, 0x000036F3, 0x000036F6, 0x000036F8, 0x000036FA, 0x000036FC, 0x000036FE, 0x00003701, 0x00003703,
  0x00003705, 0x00003707, 0x00003709, 0x0000370C, 0x0000370E, 0x00003710, 0x00003712, 0x00003914, 0x00003916, 0x00003919,
  0x0000391B, 0x0000391D, 0x0000391F, 0x00003921, 0x00003924, 0x00003926, 0x00003928, 0x00003B2A, 0x00003B2C, 0x00003B2F,
  0x00003B31, 0x00003B33, 0x00003B35, 0x00003B37, 0x00003D3A, 0x00003D3C, 0x00003D3E, 0x00003D40, 0x00003F43, 0x00003F45,
  0x00003F47, 0x00003F49, 0x00003F4C, 0x0000414E, 0x00004151, 0x00004153, 0x00004355, 0x00004358, 0x0000435A, 0x0000455D,
  0x0000455F, 0x00004562, 0x00004765, 0x00004768, 0x0000496B, 0x0000496E, 0x00004B71, 0x00004B74, 0x00004D78, 0x00004D7C,
  0x00004F80, 0x00005185, 0x0000558D, 0x00000000, 0x00000000, 0x00000000, 0x00000000, 0x00000000, 0x00000000, 0x00000000,
  0x00000000, 0x00000000, 0x00000000, 0x00000000, 0x00000000, 0x00000000, 0x00000000, 0x00000000, 0x00000000, 0x00000000,
  0x00000000, 0x00000000, 0x00000000, 0x00000000, 0x00000000, 0x00000000, 0x00000000, 0x00000000, 0x00000000, 0x00000000,
  0x00000000, 0x00000000, 0x00000000, 0x00000000, 0x00000000, 0x00000000, 0x00000000, 0x00000000, 0x00000000, 0x00000000,
  0x00000000, 0x00000000, 0x00000000, 0x00000000, 0x00000000, 0x00000000, 0x00000000, 0x00000000, 0x00000000, 0x00000000,
  0x00000000, 0x00000000, 0x00000000, 0x00000000, 0x00000000, 0x00000000, 0x00000000, 0x00000000, 0x00000000, 0x00000000,
  0x00000000, 0x00000000, 0x00000000, 0x00000000, 0x00000000, 0x00000000, 0x00000000, 0x00000000, 0x00000000, 0x00000000,
  0x00000000, 0x00000000, 0x00000000, 0x00000000, 0x00000000, 0x00000000, 0x00000000, 0x00000000, 0x00000000, 0x00000000,
  0x00000000, 0x00000000, 0x00000000, 0x00000000, 0x00000000, 0x00000000, 0x00000000, 0x00000000, 0x00000000, 0x00000000,
  0x00000000, 0x00000000, 0x00000000, 0x00000000, 0x00000000, 0x00000000, 0x00000000, 0x00000000, 0x00000000, 0x00000000,
  0x00000000, 0x00000000, 0x00000000, 0x00000000, 0x00000000, 0x00000000, 0x00000000, 0x00000000, 0x00000000, 0x00000000,
  0x00000000, 0x00000000, 0x00000000, 0x00000000, 0x00000000, 0x00005670, 0x00005479, 0x0000527E, 0x00005083, 0x00004E87,
  0x00004E8A, 0x00004C8E, 0x00004C91, 0x00004A94, 0x00004A97, 0x0000489A, 0x0000489C, 0x0000489F, 0x000046A2, 0x000046A4,
  0x000046A6, 0x000044A9, 0x000044AB, 0x000044AE, 0x000042B0, 0x000042B2, 0x000042B4, 0x000042B7, 0x000040B9, 0x000040BB,
  0x000040BD, 0x000040BF, 0x000040C2, 0x00003EC4, 0x00003EC6, 0x00003EC8, 0x00003ECA, 0x00003ECC, 0x00003CCE, 0x00003CD1,
  0x00003CD3, 0x00003CD5, 0x00003CD7, 0x00003CD9, 0x00003CDB, 0x00003CDD, 0x00003ADF, 0x00003AE1, 0x00003AE3, 0x00003AE6,
  0x00003AE8, 0x00003AEA, 0x00003AEC, 0x00003AEE, 0x00003AF0, 0x00003AF2, 0x00003AF4, 0x00003AF6, 0x00003AF8, 0x00003AFA,
  0x00003AFC, 0x00003AFE, 0x00003B01, 0x00003B03, 0x00003B05, 0x00003B07, 0x00003B09, 0x00003B0B, 0x00003B0D, 0x00003B0F,
  0x00003B11, 0x00003B13, 0x00003B15, 0x00003B17, 0x00003B19, 0x00003B1C, 0x00003B1E, 0x00003B20, 0x00003D22, 0x00003D24,
  0x00003D26, 0x00003D28, 0x00003D2A, 0x00003D2C, 0x00003D2E, 0x00003D31, 0x00003F33, 0x00003F35, 0x00003F37, 0x00003F39,
  0x00003F3B, 0x0000413D, 0x00004140, 0x00004142, 0x00004144, 0x00004146, 0x00004348, 0x0000434B, 0x0000434D, 0x0000434F,
  0x00004551, 0x00004554, 0x00004556, 0x00004759, 0x0000475B, 0x0000475D, 0x00004960, 0x00004963, 0x00004965, 0x00004B68,
  0x00004B6B, 0x00004D6E, 0x00004D71, 0x00004F75, 0x00004F78, 0x0000517C, 0x00005381, 0x00005586, 0x0000578F, 0x00000000,
  0x00000000, 0x00000000, 0x00000000, 0x00000000, 0x00000000, 0x00000000, 0x00000000, 0x00000000, 0x00000000, 0x00000000,
  0x00000000, 0x00000000, 0x00000000, 0x00000000, 0x00000000, 0x00000000, 0x00000000, 0x00000000, 0x00000000, 0x00000000,
  0x00000000, 0x00000000, 0x00000000, 0x00000000, 0x00000000, 0x00000000, 0x00000000, 0x00000000, 0x00000000, 0x00000000,
  0x00000000, 0x00000000, 0x00000000, 0x00000000, 0x00000000, 0x00000000, 0x00000000, 0x00000000, 0x00000000, 0x00000000,
  0x00000000, 0x00000000, 0x00000000, 0x00000000, 0x00000000, 0x00000000, 0x00000000, 0x00000000, 0x00000000, 0x00000000,
  0x00000000, 0x00000000, 0x00000000, 0x00000000, 0x00000000, 0x00000000, 0x00000000, 0x00000000, 0x00000000, 0x00000000,
  0x00000000, 0x00000000, 0x00000000, 0x00000000, 0x00000000, 0x00000000, 0x00000000, 0x00000000, 0x00000000, 0x00000000,
  0x00000000, 0x00000000, 0x00000000, 0x00000000, 0x00000000, 0x00000000, 0x00000000, 0x00000000, 0x00000000, 0x00000000,
  0x00000000, 0x00000000, 0x00000000, 0x00000000, 0x00000000, 0x00000000, 0x00000000, 0x00000000, 0x00000000, 0x00000000,
  0x00000000, 0x00000000, 0x00000000, 0x00000000, 0x00000000, 0x00000000, 0x00000000, 0x00000000, 0x00000000, 0x00000000,
  0x00000000, 0x00000000, 0x00000000, 0x00000000, 0x00000000, 0x00000000, 0x00000000, 0x00005C6B, 0x00005877, 0x0000567D,
  0x00005482, 0x00005286, 0x0000508A, 0x0000508D, 0x00004E90, 0x00004E93, 0x00004C96, 0x00004C99, 0x00004C9C, 0x00004A9E,
  0x00004AA1, 0x00004AA3, 0x000048A6, 0x000048A8, 0x000048AA, 0x000046AD, 0x000046AF, 0x000046B1, 0x000044B3, 0x000044B5,
  0x000044B8, 0x000044BA, 0x000044BC, 0x000042BE, 0x000042C0, 0x000042C2, 0x000042C4, 0x000042C6, 0x000040C8, 0x000040CA,
  0x000040CD, 0x000040CF, 0x000040D1, 0x000040D3, 0x00003ED5, 0x00003ED7, 0x00003ED9, 0x00003EDB, 0x00003EDD, 0x00003EDF,
  0x00003EE1, 0x00003EE3, 0x00003EE5, 0x00003EE7, 0x00003CE9, 0x00003CEB, 0x00003CED, 0x00003CEF, 0x00003CF1, 0x00003CF3,
  0x00003CF5, 0x00003CF7, 0x00003CF9, 0x00003CFB, 0x00003CFD, 0x00003CFF, 0x00003D00, 0x00003D02, 0x00003D04, 0x00003D06,
  0x00003D08, 0x00003D0A, 0x00003D0C, 0x00003D0E, 0x00003D10, 0x00003D12, 0x00003D14, 0x00003D16, 0x00003F18, 0x00003F1A,
  0x00003F1C, 0x00003F1E, 0x00003F20, 0x00003F22, 0x00003F24, 0x00003F26, 0x00003F28, 0x00003F2A, 0x0000412C, 0x0000412E,
  0x00004130, 0x00004132, 0x00004135, 0x00004137, 0x00004339, 0x0000433B, 0x0000433D, 0x0000433F, 0x00004341, 0x00004543,
  0x00004545, 0x00004547, 0x0000454A, 0x0000454C, 0x0000474E, 0x00004750, 0x00004752, 0x00004955, 0x00004957, 0x00004959,
  0x00004B5C, 0x00004B5E, 0x00004B61, 0x00004D63, 0x00004D66, 0x00004D69, 0x00004F6C, 0x00004F6F, 0x00005172, 0x00005175,
  0x00005379, 0x0000557D, 0x00005782, 0x00005988, 0x00005D94, 0x00000000, 0x00000000, 0x00000000, 0x00000000, 0x00000000,
  0x00000000, 0x00000000, 0x00000000, 0x00000000, 0x00000000, 0x00000000, 0x00000000, 0x00000000, 0x00000000, 0x00000000,
  0x00000000, 0x00000000, 0x00000000, 0x00000000, 0x00000000, 0x00000000, 0x00000000, 0x00000000, 0x00000000, 0x00000000,
  0x00000000, 0x00000000, 0x00000000, 0x00000000, 0x00000000, 0x00000000, 0x00000000, 0x00000000, 0x00000000, 0x00000000,
  0x00000000, 0x00000000, 0x00000000, 0x00000000, 0x00000000, 0x00000000, 0x00000000, 0x00000000, 0x00000000, 0x00000000,
  0x00000000, 0x00000000, 0x00000000, 0x00000000, 0x00000000, 0x00000000, 0x00000000, 0x00000000, 0x00000000, 0x00000000,
  0x00000000, 0x00000000, 0x00000000, 0x00000000, 0x00000000, 0x00000000, 0x00000000, 0x00000000, 0x00000000, 0x00000000,
  0x00000000, 0x00000000, 0x00000000, 0x00000000, 0x00000000, 0x00000000, 0x00000000, 0x00000000, 0x00000000, 0x00000000,
  0x00000000, 0x00000000, 0x00000000, 0x00000000, 0x00000000, 0x00000000, 0x00000000, 0x00000000, 0x00000000, 0x00000000,
  0x00000000, 0x00000000, 0x00000000, 0x00000000, 0x00000000, 0x00000000, 0x00000000, 0x00000000, 0x00000000, 0x00000000,
  0x00000000, 0x00000000, 0x00000000, 0x00000000, 0x00000000, 0x00000000, 0x00000000, 0x00000000, 0x00000000, 0x00000000,
  0x00005C75, 0x0000587C, 0x00005681, 0x00005685, 0x00005489, 0x0000528C, 0x0000528F, 0x00005092, 0x00005095, 0x00005098,
  0x00004E9B, 0x00004E9D, 0x00004CA0, 0x00004CA2, 0x00004CA5, 0x00004AA7, 0x00004AA9, 0x00004AAB, 0x00004AAE, 0x000048B0,
  0x000048B2, 0x000048B4, 0x000048B6, 0x000046B8, 0x000046BA, 0x000046BD, 0x000046BF, 0x000044C1, 0x000044C3, 0x000044C5,
  0x000044C7, 0x000044C9, 0x000044CB, 0x000042CD, 0x000042CF, 0x000042D0, 0x000042D2, 0x000042D4, 0x000042D6, 0x000042D8,
  0x000042DA, 0x000040DC, 0x000040DE, 0x000040E0, 0x000040E2, 0x000040E4, 0x000040E6, 0x000040E8, 0x000040EA, 0x000040EB,
  0x000040ED, 0x000040EF, 0x000040F1, 0x000040F3, 0x000040F5, 0x000040F7, 0x00003EF9, 0x00003EFB, 0x00003EFD, 0x00003EFF,
  0x00003F00, 0x00003F02, 0x00003F04, 0x00003F06, 0x00004108, 0x0000410A, 0x0000410C, 0x0000410E, 0x00004110, 0x00004112,
  0x00004114, 0x00004115, 0x00004117, 0x00004119, 0x0000411B, 0x0000411D, 0x0000411F, 0x00004121, 0x00004123, 0x00004325,
  0x00004327, 0x00004329, 0x0000432B, 0x0000432D, 0x0000432F, 0x00004330, 0x00004332, 0x00004534, 0x00004536, 0x00004538,
  0x0000453A, 0x0000453C, 0x0000453E, 0x00004740, 0x00004742, 0x00004745, 0x00004747, 0x00004949, 0x0000494B, 0x0000494D,
  0x0000494F, 0x00004B51, 0x00004B54, 0x00004B56, 0x00004B58, 0x00004D5A, 0x00004D5D, 0x00004D5F, 0x00004F62, 0x00004F64,
  0x00005167, 0x0000516A, 0x0000516D, 0x00005370, 0x00005373, 0x00005576, 0x0000577A, 0x0000577E, 0x00005983, 0x00005D8A,
  0x00000000, 0x00000000, 0x00000000, 0x00000000, 0x00000000, 0x00000000, 0x00000000, 0x00000000, 0x00000000, 0x00000000,
  0x00000000, 0x00000000, 0x00000000, 0x00000000, 0x00000000, 0x00000000, 0x00000000, 0x00000000, 0x00000000, 0x00000000,
  0x00000000, 0x00000000, 0x00000000, 0x00000000, 0x00000000, 0x00000000, 0x00000000, 0x00000000, 0x00000000, 0x00000000,
  0x00000000, 0x00000000, 0x00000000, 0x00000000, 0x00000000, 0x00000000, 0x00000000, 0x00000000, 0x00000000, 0x00000000,
  0x00000000, 0x00000000, 0x00000000, 0x00000000, 0x00000000, 0x00000000, 0x00000000, 0x00000000, 0x00000000, 0x00000000,
  0x00000000, 0x00000000, 0x00000000, 0x00000000, 0x00000000, 0x00000000, 0x00000000, 0x00000000, 0x00000000, 0x00000000,
  0x00000000, 0x00000000, 0x00000000, 0x00000000, 0x00000000, 0x00000000, 0x00000000, 0x00000000, 0x00000000, 0x00000000,
  0x00000000, 0x00000000, 0x00000000, 0x00000000, 0x00000000, 0x00000000, 0x00000000, 0x00000000, 0x00000000, 0x00000000,
  0x00000000, 0x00000000, 0x00000000, 0x00000000, 0x00000000, 0x00000000, 0x00000000, 0x00000000, 0x00000000, 0x00000000,
  0x00000000, 0x00000000, 0x00000000, 0x00000000, 0x00000000, 0x00000000, 0x00000000, 0x00000000, 0x00000000, 0x00000000,
  0x00000000, 0x00000000, 0x00006070, 0x00005C79, 0x00005A7F, 0x00005884, 0x00005888, 0x0000568B, 0x0000568E, 0x00005491,
  0x00005494, 0x00005297, 0x0000529A, 0x0000509C, 0x0000509F, 0x000050A1, 0x00004EA4, 0x00004EA6, 0x00004EA8, 0x00004CAA,
  0x00004CAC, 0x00004CAF, 0x00004CB1, 0x00004AB3, 0x00004AB5, 0x00004AB7, 0x00004AB9, 0x000048BB, 0x000048BD, 0x000048BF,
  0x000048C1, 0x000048C3, 0x000046C5, 0x000046C7, 0x000046C9, 0x000046CB, 0x000046CD, 0x000046CE, 0x000044D0, 0x000044D2,
  0x000044D4, 0x000044D6, 0x000044D8, 0x000044DA, 0x000044DC, 0x000044DD, 0x000044DF, 0x000042E1, 0x000042E3, 0x000042E5,
  0x000042E7, 0x000042E9, 0x000042EA, 0x000042EC, 0x000042EE, 0x000042F0, 0x000042F2, 0x000042F4, 0x000042F5, 0x000042F7,
  0x000042F9, 0x000042FB, 0x000042FD, 0x000042FF, 0x00004300, 0x00004302, 0x00004304, 0x00004306, 0x00004308, 0x0000430A,
  0x0000430B, 0x0000430D, 0x0000430F, 0x00004311, 0x00004313, 0x00004315, 0x00004316, 0x00004318, 0x0000431A, 0x0000431C,
  0x0000431E, 0x00004520, 0x00004522, 0x00004523, 0x00004525, 0x00004527, 0x00004529, 0x0000452B, 0x0000452D, 0x0000452F,
  0x00004731, 0x00004732, 0x00004734, 0x00004736, 0x00004738, 0x0000473A, 0x0000493C, 0x0000493E, 0x00004940, 0x00004942,
  0x00004944, 0x00004B46, 0x00004B48, 0x00004B4A, 0x00004B4C, 0x00004D4E, 0x00004D50, 0x00004D53, 0x00004D55, 0x00004F57,
  0x00004F59, 0x00004F5B, 0x0000515E, 0x00005160, 0x00005163, 0x00005365, 0x00005368, 0x0000556B, 0x0000556E, 0x00005771,
  0x00005774, 0x00005977, 0x0000597B, 0x00005B80, 0x00005D86, 0x0000618F, 0x00000000, 0x00000000, 0x00000000, 0x00000000,
  0x00000000, 0x00000000, 0x00000000, 0x00000000, 0x00000000, 0x00000000, 0x00000000, 0x00000000, 0x00000000, 0x00000000,
  0x00000000, 0x00000000, 0x00000000, 0x00000000, 0x00000000, 0x00000000, 0x00000000, 0x00000000, 0x00000000, 0x00000000,
  0x00000000, 0x00000000, 0x00000000, 0x00000000, 0x00000000, 0x00000000, 0x00000000, 0x00000000, 0x00000000, 0x00000000,
  0x00000000, 0x00000000, 0x00000000, 0x00000000, 0x00000000, 0x00000000, 0x00000000, 0x00000000, 0x00000000, 0x00000000,
  0x00000000, 0x00000000, 0x00000000, 0x00000000, 0x00000000, 0x00000000, 0x00000000, 0x00000000, 0x00000000, 0x00000000,
  0x00000000, 0x00000000, 0x00000000, 0x00000000, 0x00000000, 0x00000000, 0x00000000, 0x00000000, 0x00000000, 0x00000000,
  0x00000000, 0x00000000, 0x00000000, 0x00000000, 0x00000000, 0x00000000, 0x00000000, 0x00000000, 0x00000000, 0x00000000,
  0x00000000, 0x00000000, 0x00000000, 0x00000000, 0x00000000, 0x00000000, 0x00000000, 0x00000000, 0x00000000, 0x00000000,
  0x00000000, 0x00000000, 0x00000000, 0x00000000, 0x00000000, 0x00000000, 0x00000000, 0x00000000, 0x00000000, 0x00000000,
  0x00000000, 0x00000000, 0x00000000, 0x00000000, 0x00000000, 0x00006076, 0x00005E7D, 0x00005C82, 0x00005A86, 0x00005A8A,
  0x0000588D, 0x00005890, 0x00005693, 0x00005696, 0x00005499, 0x0000549B, 0x0000549E, 0x000052A0, 0x000052A2, 0x000052A5,
  0x000050A7, 0x000050A9, 0x000050AB, 0x00004EAD, 0x00004EAF, 0x00004EB2, 0x00004EB4, 0x00004CB6, 0x00004CB8, 0x00004CBA,
  0x00004CBB, 0x00004ABD, 0x00004ABF, 0x00004AC1, 0x00004AC3, 0x00004AC5, 0x00004AC7, 0x000048C9, 0x000048CB, 0x000048CD,
  0x000048CE, 0x000048D0, 0x000048D2, 0x000048D4, 0x000046D6, 0x000046D7, 0x000046D9, 0x000046DB, 0x000046DD, 0x000046DF,
  0x000046E0, 0x000046E2, 0x000046E4, 0x000046E6, 0x000046E8, 0x000044E9, 0x000044EB, 0x000044ED, 0x000044EF, 0x000044F0,
  0x000044F2, 0x000044F4, 0x000044F6, 0x000044F8, 0x000044F9, 0x000044FB, 0x000044FD, 0x000044FF, 0x00004500, 0x00004502,
  0x00004504, 0x00004506, 0x00004507, 0x00004509, 0x0000450B, 0x0000450D, 0x0000450F, 0x00004510, 0x00004512, 0x00004514,
  0x00004516, 0x00004717, 0x00004719, 0x0000471B, 0x0000471D, 0x0000471F, 0x00004720, 0x00004722, 0x00004724, 0x00004726,
  0x00004728, 0x00004729, 0x0000492B, 0x0000492D, 0x0000492F, 0x00004931, 0x00004932, 0x00004934, 0x00004936, 0x00004B38,
  0x00004B3A, 0x00004B3C, 0x00004B3E, 0x00004B40, 0x00004B42, 0x00004D44, 0x00004D45, 0x00004D47, 0x00004D49, 0x00004F4B,
  0x00004F4D, 0x00004F50, 0x00004F52, 0x00005154, 0x00005156, 0x00005158, 0x0000535A, 0x0000535D, 0x0000535F, 0x00005561,
  0x00005564, 0x00005566, 0x00005769, 0x0000576C, 0x0000596F, 0x00005972, 0x00005B75, 0x00005B79, 0x00005D7D, 0x00005F82,
  0x00006189, 0x00000000, 0x00000000, 0x00000000, 0x00000000, 0x00000000, 0x00000000, 0x00000000, 0x00000000, 0x00000000,
  0x00000000, 0x00000000, 0x00000000, 0x00000000, 0x00000000, 0x00000000, 0x00000000, 0x00000000, 0x00000000, 0x00000000,
  0x00000000, 0x00000000, 0x00000000, 0x00000000, 0x00000000, 0x00000000, 0x00000000, 0x00000000, 0x00000000, 0x00000000,
  0x00000000, 0x00000000, 0x00000000, 0x00000000, 0x00000000, 0x00000000, 0x00000000, 0x00000000, 0x00000000, 0x00000000,
  0x00000000, 0x00000000, 0x00000000, 0x00000000, 0x00000000, 0x00000000, 0x00000000, 0x00000000, 0x00000000, 0x00000000,
  0x00000000, 0x00000000, 0x00000000, 0x00000000, 0x00000000, 0x00000000, 0x00000000, 0x00000000, 0x00000000, 0x00000000,
  0x00000000, 0x00000000, 0x00000000, 0x00000000, 0x00000000, 0x00000000, 0x00000000, 0x00000000, 0x00000000, 0x00000000,
  0x00000000, 0x00000000, 0x00000000, 0x00000000, 0x00000000, 0x00000000, 0x00000000, 0x00000000, 0x00000000, 0x00000000,
  0x00000000, 0x00000000, 0x00000000, 0x00000000, 0x00000000, 0x00000000, 0x00000000, 0x00000000, 0x00000000, 0x00000000,
  0x00000000, 0x00000000, 0x00000000, 0x00000000, 0x00000000, 0x00000000, 0x00000000, 0x00006670, 0x0000627A, 0x00006080,
  0x00005E84, 0x00005C88, 0x00005C8C, 0x00005A8F, 0x00005A92, 0x00005895, 0x00005897, 0x0000569A, 0x0000569C, 0x0000569F,
  0x000054A1, 0x000054A3, 0x000054A6, 0x000052A8, 0x000052AA, 0x000052AC, 0x000052AE, 0x000050B0, 0x000050B2, 0x000050B4,
  0x000050B6, 0x00004EB8, 0x00004EBA, 0x00004EBC, 0x00004EBE, 0x00004EC0, 0x00004CC1, 0x00004CC3, 0x00004CC5, 0x00004CC7,
  0x00004CC9, 0x00004CCB, 0x00004ACC, 0x00004ACE, 0x00004AD0, 0x00004AD2, 0x00004AD4, 0x00004AD5, 0x00004AD7, 0x00004AD9,
  0x000048DB, 0x000048DC, 0x000048DE, 0x000048E0, 0x000048E1, 0x000048E3, 0x000048E5, 0x000048E7, 0x000048E8, 0x000048EA,
  0x000048EC, 0x000048EE, 0x000048EF, 0x000048F1, 0x000046F3, 0x000046F4, 0x000046F6, 0x000046F8, 0x000046FA, 0x000046FB,
  0x000046FD, 0x000046FF, 0x00004700, 0x00004702, 0x00004704, 0x00004705, 0x00004707, 0x00004709, 0x0000470B, 0x0000470C,
  0x0000490E, 0x00004910, 0x00004911, 0x00004913, 0x00004915, 0x00004917, 0x00004918, 0x0000491A, 0x0000491C, 0x0000491E,
  0x0000491F, 0x00004921, 0x00004923, 0x00004924, 0x00004B26, 0x00004B28, 0x00004B2A, 0x00004B2B, 0x00004B2D, 0x00004B2F,
  0x00004B31, 0x00004B33, 0x00004D34, 0x00004D36, 0x00004D38, 0x00004D3A, 0x00004D3C, 0x00004D3E, 0x00004F3F, 0x00004F41,
  0x00004F43, 0x00004F45, 0x00004F47, 0x00005149, 0x0000514B, 0x0000514D, 0x0000514F, 0x00005351, 0x00005353, 0x00005355,
  0x00005357, 0x00005559, 0x0000555C, 0x0000555E, 0x00005760, 0x00005763, 0x00005765, 0x00005968, 0x0000596A, 0x00005B6D,
  0x00005B70, 0x00005D73, 0x00005D77, 0x00005F7B, 0x0000617F, 0x00006385, 0x0000678F, 0x00000000, 0x00000000, 0x00000000,
  0x00000000, 0x00000000, 0x00000000, 0x00000000, 0x00000000, 0x00000000, 0x00000000, 0x00000000, 0x00000000, 0x00000000,
  0x00000000, 0x00000000, 0x00000000, 0x00000000, 0x00000000, 0x00000000, 0x00000000, 0x00000000, 0x00000000, 0x00000000,
  0x00000000, 0x00000000, 0x00000000, 0x00000000, 0x00000000, 0x00000000, 0x00000000, 0x00000000, 0x00000000, 0x00000000,
  0x00000000, 0x00000000, 0x00000000, 0x00000000, 0x00000000, 0x00000000, 0x00000000, 0x00000000, 0x00000000, 0x00000000,
  0x00000000, 0x00000000, 0x00000000, 0x00000000, 0x00000000, 0x00000000, 0x00000000, 0x00000000, 0x00000000, 0x00000000,
  0x00000000, 0x00000000, 0x00000000, 0x00000000, 0x00000000, 0x00000000, 0x00000000, 0x00000000, 0x00000000, 0x00000000,
  0x00000000, 0x00000000, 0x00000000, 0x00000000, 0x00000000, 0x00000000, 0x00000000, 0x00000000, 0x00000000, 0x00000000,
  0x00000000, 0x00000000, 0x00000000, 0x00000000, 0x00000000, 0x00000000, 0x00000000, 0x00000000, 0x00000000, 0x00000000,
  0x00000000, 0x00000000, 0x00000000, 0x00000000, 0x00000000, 0x00000000, 0x00000000, 0x00000000, 0x00000000, 0x00000000,
  0x00006676, 0x0000647D, 0x00006282, 0x00006086, 0x00005E8A, 0x00005E8D, 0x00005C90, 0x00005C93, 0x00005A96, 0x00005A98,
  0x00005A9B, 0x0000589D, 0x000058A0, 0x000058A2, 0x000056A4, 0x000056A6, 0x000056A9, 0x000054AB, 0x000054AD, 0x000054AF,
  0x000054B1, 0x000052B3, 0x000052B5, 0x000052B6, 0x000052B8, 0x000050BA, 0x000050BC, 0x000050BE, 0x000050C0, 0x000050C2,
  0x00004EC3, 0x00004EC5, 0x00004EC7, 0x00004EC9, 0x00004ECA, 0x00004ECC, 0x00004ECE, 0x00004CD0, 0x00004CD1, 0x00004CD3,
  0x00004CD5, 0x00004CD7, 0x00004CD8, 0x00004CDA, 0x00004CDC, 0x00004CDD, 0x00004ADF, 0x00004AE1, 0x00004AE2, 0x00004AE4,
  0x00004AE6, 0x00004AE7, 0x00004AE9, 0x00004AEB, 0x00004AEC, 0x00004AEE, 0x00004AF0, 0x00004AF1, 0x00004AF3, 0x00004AF5,
  0x00004AF6, 0x00004AF8, 0x00004AFA, 0x00004AFB, 0x00004AFD, 0x00004AFF, 0x00004B00, 0x00004B02, 0x00004B04, 0x00004B05,
  0x00004B07, 0x00004B09, 0x00004B0A, 0x00004B0C, 0x00004B0E, 0x00004B0F, 0x00004B11, 0x00004B13, 0x00004B14, 0x00004B16,
  0x00004B18, 0x00004B19, 0x00004B1B, 0x00004B1D, 0x00004B1E, 0x00004B20, 0x00004D22, 0x00004D23, 0x00004D25, 0x00004D27,
  0x00004D28, 0x00004D2A, 0x00004D2C, 0x00004D2E, 0x00004D2F, 0x00004F31, 0x00004F33, 0x00004F35, 0x00004F36, 0x00004F38,
  0x00004F3A, 0x00004F3C, 0x0000513D, 0x0000513F, 0x00005141, 0x00005143, 0x00005145, 0x00005347, 0x00005349, 0x0000534A,
  0x0000534C, 0x0000554E, 0x00005550, 0x00005552, 0x00005554, 0x00005756, 0x00005759, 0x0000575B, 0x0000595D, 0x0000595F,
  0x00005962, 0x00005B64, 0x00005B67, 0x00005B69, 0x00005D6C, 0x00005D6F, 0x00005F72, 0x00005F75, 0x00006179, 0x0000637D,
  0x00006582, 0x00006789, 0x00000000, 0x00000000, 0x00000000, 0x00000000, 0x00000000, 0x00000000, 0x00000000, 0x00000000,
  0x00000000, 0x00000000, 0x00000000, 0x00000000, 0x00000000, 0x00000000, 0x00000000, 0x00000000, 0x00000000, 0x00000000,
  0x00000000, 0x00000000, 0x00000000, 0x00000000, 0x00000000, 0x00000000, 0x00000000, 0x00000000, 0x00000000, 0x00000000,
  0x00000000, 0x00000000, 0x00000000, 0x00000000, 0x00000000, 0x00000000, 0x00000000, 0x00000000, 0x00000000, 0x00000000,
  0x00000000, 0x00000000, 0x00000000, 0x00000000, 0x00000000, 0x00000000, 0x00000000, 0x00000000, 0x00000000, 0x00000000,
  0x00000000, 0x00000000, 0x00000000, 0x00000000, 0x00000000, 0x00000000, 0x00000000, 0x00000000, 0x00000000, 0x00000000,
  0x00000000, 0x00000000, 0x00000000, 0x00000000, 0x00000000, 0x00000000, 0x00000000, 0x00000000, 0x00000000, 0x00000000,
  0x00000000, 0x00000000, 0x00000000, 0x00000000, 0x00000000, 0x00000000, 0x00000000, 0x00000000, 0x00000000, 0x00000000,
  0x00000000, 0x00000000, 0x00000000, 0x00000000, 0x00000000, 0x00000000, 0x00000000, 0x00000000, 0x00000000, 0x00000000,
  0x00000000, 0x00000000, 0x00000000, 0x00006679, 0x0000647F, 0x00006484, 0x00006288, 0x0000608B, 0x0000608F, 0x00005E91,
  0x00005E94, 0x00005C97, 0x00005C99, 0x00005C9C, 0x00005A9E, 0x00005AA1, 0x00005AA3, 0x000058A5, 0x000058A7, 0x000058A9,
  0x000056AB, 0x000056AD, 0x000056AF, 0x000056B1, 0x000056B3, 0x000054B5, 0x000054B7, 0x000054B9, 0x000054BA, 0x000052BC,
  0x000052BE, 0x000052C0, 0x000052C2, 0x000052C3, 0x000052C5, 0x000050C7, 0x000050C9, 0x000050CA, 0x000050CC, 0x000050CE,
  0x000050CF, 0x000050D1, 0x00004ED3, 0x00004ED4, 0x00004ED6, 0x00004ED8, 0x00004ED9, 0x00004EDB, 0x00004EDD, 0x00004EDE,
  0x00004EE0, 0x00004EE2, 0x00004CE3, 0x00004CE5, 0x00004CE7, 0x00004CE8, 0x00004CEA, 0x00004CEB, 0x00004CED, 0x00004CEF,
  0x00004CF0, 0x00004CF2, 0x00004CF3, 0x00004CF5, 0x00004CF7, 0x00004CF8, 0x00004CFA, 0x00004CFB, 0x00004CFD, 0x00004CFF,
  0x00004D00, 0x00004D02, 0x00004D04, 0x00004D05, 0x00004D07, 0x00004D08, 0x00004D0A, 0x00004D0C, 0x00004D0D, 0x00004D0F,
  0x00004D10, 0x00004D12, 0x00004D14, 0x00004D15, 0x00004D17, 0x00004D18, 0x00004D1A, 0x00004D1C, 0x00004F1D, 0x00004F1F,
  0x00004F21, 0x00004F22, 0x00004F24, 0x00004F26, 0x00004F27, 0x00004F29, 0x00004F2B, 0x00004F2C, 0x0000512E, 0x00005130,
  0x00005131, 0x00005133, 0x00005135, 0x00005136, 0x00005138, 0x0000533A, 0x0000533C, 0x0000533D, 0x0000533F, 0x00005341,
  0x00005343, 0x00005545, 0x00005546, 0x00005548, 0x0000554A, 0x0000574C, 0x0000574E, 0x00005750, 0x00005752, 0x00005754,
  0x00005956, 0x00005958, 0x0000595A, 0x00005B5C, 0x00005B5E, 0x00005B61, 0x00005D63, 0x00005D66, 0x00005D68, 0x00005F6B,
  0x00005F6E, 0x00006170, 0x00006174, 0x00006377, 0x0000657B, 0x00006580, 0x00006786, 0x00000000, 0x00000000, 0x00000000,
  0x00000000, 0x00000000, 0x00000000, 0x00000000, 0x00000000, 0x00000000, 0x00000000, 0x00000000, 0x00000000, 0x00000000,
  0x00000000, 0x00000000, 0x00000000, 0x00000000, 0x00000000, 0x00000000, 0x00000000, 0x00000000, 0x00000000, 0x00000000,
  0x00000000, 0x00000000, 0x00000000, 0x00000000, 0x00000000, 0x00000000, 0x00000000, 0x00000000, 0x00000000, 0x00000000,
  0x00000000, 0x00000000, 0x00000000, 0x00000000, 0x00000000, 0x00000000, 0x00000000, 0x00000000, 0x00000000, 0x00000000,
  0x00000000, 0x00000000, 0x00000000, 0x00000000, 0x00000000, 0x00000000, 0x00000000, 0x00000000, 0x00000000, 0x00000000,
  0x00000000, 0x00000000, 0x00000000, 0x00000000, 0x00000000, 0x00000000, 0x00000000, 0x00000000, 0x00000000, 0x00000000,
  0x00000000, 0x00000000, 0x00000000, 0x00000000, 0x00000000, 0x00000000, 0x00000000, 0x00000000, 0x00000000, 0x00000000,
  0x00000000, 0x00000000, 0x00000000, 0x00000000, 0x00000000, 0x00000000, 0x00000000, 0x00000000, 0x00000000, 0x00000000,
  0x00000000, 0x00000000, 0x00000000, 0x00000000, 0x00000000, 0x00006C73, 0x0000687C, 0x00006681, 0x00006686, 0x00006489,
  0x0000628D, 0x00006290, 0x00006093, 0x00006095, 0x00006098, 0x00005E9A, 0x00005E9D, 0x00005C9F, 0x00005CA1, 0x00005CA3,
  0x00005CA6, 0x00005AA8, 0x00005AAA, 0x00005AAC, 0x000058AE, 0x000058B0, 0x000058B1, 0x000058B3, 0x000056B5, 0x000056B7,
  0x000056B9, 0x000056BB, 0x000056BC, 0x000054BE, 0x000054C0, 0x000054C2, 0x000054C3, 0x000054C5, 0x000054C7, 0x000052C8,
  0x000052CA, 0x000052CC, 0x000052CD, 0x000052CF, 0x000052D1, 0x000052D2, 0x000052D4, 0x000050D6, 0x000050D7, 0x000050D9,
  0x000050DA, 0x000050DC, 0x000050DE, 0x000050DF, 0x000050E1, 0x000050E2, 0x000050E4, 0x000050E6, 0x000050E7, 0x00004EE9,
  0x00004EEA, 0x00004EEC, 0x00004EEE, 0x00004EEF, 0x00004EF1, 0x00004EF2, 0x00004EF4, 0x00004EF5, 0x00004EF7, 0x00004EF8,
  0x00004EFA, 0x00004EFC, 0x00004EFD, 0x00004EFF, 0x00004F00, 0x00004F02, 0x00004F03, 0x00004F05, 0x00004F07, 0x00004F08,
  0x00004F0A, 0x00004F0B, 0x00004F0D, 0x00004F0E, 0x00004F10, 0x00004F11, 0x00004F13, 0x00004F15, 0x00004F16, 0x00005118,
  0x00005119, 0x0000511B, 0x0000511D, 0x0000511E, 0x00005120, 0x00005121, 0x00005123, 0x00005125, 0x00005126, 0x00005128,
  0x00005129, 0x0000532B, 0x0000532D, 0x0000532E, 0x00005330, 0x00005332, 0x00005333, 0x00005335, 0x00005337, 0x00005538,
  0x0000553A, 0x0000553C, 0x0000553D, 0x0000553F, 0x00005541, 0x00005743, 0x00005744, 0x00005746, 0x00005748, 0x0000574A,
  0x0000594C, 0x0000594E, 0x0000594F, 0x00005951, 0x00005B53, 0x00005B55, 0x00005B57, 0x00005D59, 0x00005D5C, 0x00005D5E,
  0x00005D60, 0x00005F62, 0x00005F65, 0x00006167, 0x0000616A, 0x0000616C, 0x0000636F, 0x00006372, 0x00006576, 0x00006779,
  0x0000677E, 0x00006983, 0x00006D8C, 0x00000000, 0x00000000, 0x00000000, 0x00000000, 0x00000000, 0x00000000, 0x00000000,
  0x00000000, 0x00000000, 0x00000000, 0x00000000, 0x00000000, 0x00000000, 0x00000000, 0x00000000, 0x00000000, 0x00000000,
  0x00000000, 0x00000000, 0x00000000, 0x00000000, 0x00000000, 0x00000000, 0x00000000, 0x00000000, 0x00000000, 0x00000000,
  0x00000000, 0x00000000, 0x00000000, 0x00000000, 0x00000000, 0x00000000, 0x00000000, 0x00000000, 0x00000000, 0x00000000,
  0x00000000, 0x00000000, 0x00000000, 0x00000000, 0x00000000, 0x00000000, 0x00000000, 0x00000000, 0x00000000, 0x00000000,
  0x00000000, 0x00000000, 0x00000000, 0x00000000, 0x00000000, 0x00000000, 0x00000000, 0x00000000, 0x00000000, 0x00000000,
  0x00000000, 0x00000000, 0x00000000, 0x00000000, 0x00000000, 0x00000000, 0x00000000, 0x00000000, 0x00000000, 0x00000000,
  0x00000000, 0x00000000, 0x00000000, 0x00000000, 0x00000000, 0x00000000, 0x00000000, 0x00000000, 0x00000000, 0x00000000,
  0x00000000, 0x00000000, 0x00000000, 0x00000000, 0x00000000, 0x00000000, 0x00000000, 0x00000000, 0x00006C76, 0x00006A7E,
  0x00006883, 0x00006887, 0x0000668A, 0x0000648E, 0x00006491, 0x00006294, 0x00006296, 0x00006299, 0x0000609B, 0x0000609D,
  0x000060A0, 0x00005EA2, 0x00005EA4, 0x00005EA6, 0x00005CA8, 0x00005CAA, 0x00005CAC, 0x00005CAE, 0x00005AB0, 0x00005AB2,
  0x00005AB4, 0x00005AB5, 0x000058B7, 0x000058B9, 0x000058BB, 0x000058BC, 0x000058BE, 0x000056C0, 0x000056C2, 0x000056C3,
  0x000056C5, 0x000056C7, 0x000056C8, 0x000056CA, 0x000054CC, 0x000054CD, 0x000054CF, 0x000054D0, 0x000054D2, 0x000054D4,
  0x000054D5, 0x000054D7, 0x000052D8, 0x000052DA, 0x000052DB, 0x000052DD, 0x000052DF, 0x000052E0, 0x000052E2, 0x000052E3,
  0x000052E5, 0x000052E6, 0x000052E8, 0x000052E9, 0x000052EB, 0x000052EC, 0x000050EE, 0x000050F0, 0x000050F1, 0x000050F3,
  0x000050F4, 0x000050F6, 0x000050F7, 0x000050F9, 0x000050FA, 0x000050FC, 0x000050FD, 0x000050FF, 0x00005100, 0x00005102,
  0x00005103, 0x00005105, 0x00005106, 0x00005108, 0x00005109, 0x0000510B, 0x0000510C, 0x0000510E, 0x0000510F, 0x00005111,
  0x00005313, 0x00005314, 0x00005316, 0x00005317, 0x00005319, 0x0000531A, 0x0000531C, 0x0000531D, 0x0000531F, 0x00005320,
  0x00005322, 0x00005324, 0x00005325, 0x00005327, 0x00005528, 0x0000552A, 0x0000552B, 0x0000552D, 0x0000552F, 0x00005530,
  0x00005532, 0x00005533, 0x00005735, 0x00005737, 0x00005738, 0x0000573A, 0x0000573C, 0x0000573D, 0x0000573F, 0x00005941,
  0x00005943, 0x00005944, 0x00005946, 0x00005948, 0x00005B4A, 0x00005B4B, 0x00005B4D, 0x00005B4F, 0x00005D51, 0x00005D53,
  0x00005D55, 0x00005D57, 0x00005F59, 0x00005F5B, 0x00005F5D, 0x0000615F, 0x00006162, 0x00006164, 0x00006366, 0x00006369,
  0x0000636B, 0x0000656E, 0x00006571, 0x00006775, 0x00006978, 0x0000697C, 0x00006B81, 0x00006D89, 0x00000000, 0x00000000,
  0x00000000, 0x00000000, 0x00000000, 0x00000000, 0x00000000, 0x00000000, 0x00000000, 0x00000000, 0x00000000, 0x00000000,
  0x00000000, 0x00000000, 0x00000000, 0x00000000, 0x00000000, 0x00000000, 0x00000000, 0x00000000, 0x00000000, 0x00000000,
  0x00000000, 0x00000000, 0x00000000, 0x00000000, 0x00000000, 0x00000000, 0x00000000, 0x00000000, 0x00000000, 0x00000000,
  0x00000000, 0x00000000, 0x00000000, 0x00000000, 0x00000000, 0x00000000, 0x00000000, 0x00000000, 0x00000000, 0x00000000,
  0x00000000, 0x00000000, 0x00000000, 0x00000000, 0x00000000, 0x00000000, 0x00000000, 0x00000000, 0x00000000, 0x00000000,
  0x00000000, 0x00000000, 0x00000000, 0x00000000, 0x00000000, 0x00000000, 0x00000000, 0x00000000, 0x00000000, 0x00000000,
  0x00000000, 0x00000000, 0x00000000, 0x00000000, 0x00000000, 0x00000000, 0x00000000, 0x00000000, 0x00000000, 0x00000000,
  0x00000000, 0x00000000, 0x00000000, 0x00000000, 0x00000000, 0x00000000, 0x00000000, 0x00000000, 0x00000000, 0x00000000,
  0x00000000, 0x00006E79, 0x00006C7F, 0x00006A84, 0x00006A88, 0x0000688C, 0x0000668F, 0x00006692, 0x00006694, 0x00006497,
  0x00006499, 0x0000629C, 0x0000629E, 0x000062A0, 0x000060A2, 0x000060A4, 0x000060A7, 0x00005EA9, 0x00005EAA, 0x00005EAC,
  0x00005EAE, 0x00005CB0, 0x00005CB2, 0x00005CB4, 0x00005CB6, 0x00005CB7, 0x00005AB9, 0x00005ABB, 0x00005ABD, 0x00005ABE,
  0x00005AC0, 0x00005AC2, 0x000058C3, 0x000058C5, 0x000058C6, 0x000058C8, 0x000058CA, 0x000058CB, 0x000056CD, 0x000056CE,
  0x000056D0, 0x000056D2, 0x000056D3, 0x000056D5, 0x000056D6, 0x000056D8, 0x000056D9, 0x000054DB, 0x000054DC, 0x000054DE,
  0x000054DF, 0x000054E1, 0x000054E2, 0x000054E4, 0x000054E5, 0x000054E7, 0x000054E8, 0x000054EA, 0x000054EB, 0x000054ED,
  0x000054EE, 0x000054F0, 0x000054F1, 0x000052F3, 0x000052F4, 0x000052F6, 0x000052F7, 0x000052F9, 0x000052FA, 0x000052FC,
  0x000052FD, 0x000052FF, 0x00005300, 0x00005302, 0x00005303, 0x00005305, 0x00005306, 0x00005308, 0x00005309, 0x0000530B,
  0x0000530C, 0x0000550E, 0x0000550F, 0x00005511, 0x00005512, 0x00005514, 0x00005515, 0x00005517, 0x00005518, 0x0000551A,
  0x0000551B, 0x0000551D, 0x0000551E, 0x00005520, 0x00005521, 0x00005523, 0x00005524, 0x00005726, 0x00005727, 0x00005729,
  0x0000572A, 0x0000572C, 0x0000572D, 0x0000572F, 0x00005731, 0x00005732, 0x00005934, 0x00005935, 0x00005937, 0x00005939,
  0x0000593A, 0x0000593C, 0x00005B3D, 0x00005B3F, 0x00005B41, 0x00005B42, 0x00005B44, 0x00005B46, 0x00005D48, 0x00005D49,
  0x00005D4B, 0x00005D4D, 0x00005D4F, 0x00005F51, 0x00005F53, 0x00005F55, 0x00005F56, 0x00006158, 0x0000615B, 0x0000615D,
  0x0000635F, 0x00006361, 0x00006363, 0x00006566, 0x00006568, 0x0000676B, 0x0000676D, 0x00006770, 0x00006973, 0x00006B77,
  0x00006B7B, 0x00006D80, 0x00006F86, 0x00000000, 0x00000000, 0x00000000, 0x00000000, 0x00000000, 0x00000000, 0x00000000,
  0x00000000, 0x00000000, 0x00000000, 0x00000000, 0x00000000, 0x00000000, 0x00000000, 0x00000000, 0x00000000, 0x00000000,
  0x00000000, 0x00000000, 0x00000000, 0x00000000, 0x00000000, 0x00000000, 0x00000000, 0x00000000, 0x00000000, 0x00000000,
  0x00000000, 0x00000000, 0x00000000, 0x00000000, 0x00000000, 0x00000000, 0x00000000, 0x00000000, 0x00000000, 0x00000000,
  0x00000000, 0x00000000, 0x00000000, 0x00000000, 0x00000000, 0x00000000, 0x00000000, 0x00000000, 0x00000000, 0x00000000,
  0x00000000, 0x00000000, 0x00000000, 0x00000000, 0x00000000, 0x00000000, 0x00000000, 0x00000000, 0x00000000, 0x00000000,
  0x00000000, 0x00000000, 0x00000000, 0x00000000, 0x00000000, 0x00000000, 0x00000000, 0x00000000, 0x00000000, 0x00000000,
  0x00000000, 0x00000000, 0x00000000, 0x00000000, 0x00000000, 0x00000000, 0x00000000, 0x00000000, 0x00000000, 0x00000000,
  0x00000000, 0x00000000, 0x00000000, 0x00000000, 0x0000707B, 0x00006E81, 0x00006C85, 0x00006C89, 0x00006A8C, 0x0000688F,
  0x00006892, 0x00006895, 0x00006698, 0x0000669A, 0x0000649C, 0x0000649F, 0x000064A1, 0x000062A3, 0x000062A5, 0x000062A7,
  0x000062A9, 0x000060AB, 0x000060AD, 0x000060AF, 0x000060B0, 0x00005EB2, 0x00005EB4, 0x00005EB6, 0x00005EB7, 0x00005EB9,
  0x00005CBB, 0x00005CBC, 0x00005CBE, 0x00005CC0, 0x00005CC1, 0x00005CC3, 0x00005AC5, 0x00005AC6, 0x00005AC8, 0x00005AC9,
  0x00005ACB, 0x00005ACD, 0x00005ACE, 0x000058D0, 0x000058D1, 0x000058D3, 0x000058D4, 0x000058D6, 0x000058D7, 0x000058D9,
  0x000058DA, 0x000058DC, 0x000056DD, 0x000056DF, 0x000056E0, 0x000056E2, 0x000056E3, 0x000056E5, 0x000056E6, 0x000056E8,
  0x000056E9, 0x000056EA, 0x000056EC, 0x000056ED, 0x000056EF, 0x000056F0, 0x000056F2, 0x000056F3, 0x000056F5, 0x000056F6,
  0x000056F8, 0x000056F9, 0x000056FA, 0x000056FC, 0x000056FD, 0x000056FF, 0x00005700, 0x00005702, 0x00005703, 0x00005705,
  0x00005706, 0x00005707, 0x00005709, 0x0000570A, 0x0000570C, 0x0000570D, 0x0000570F, 0x00005710, 0x00005712, 0x00005713,
  0x00005715, 0x00005716, 0x00005717, 0x00005719, 0x0000571A, 0x0000571C, 0x0000571D, 0x0000571F, 0x00005720, 0x00005722,
  0x00005923, 0x00005925, 0x00005926, 0x00005928, 0x00005929, 0x0000592B, 0x0000592C, 0x0000592E, 0x0000592F, 0x00005B31,
  0x00005B32, 0x00005B34, 0x00005B36, 0x00005B37, 0x00005B39, 0x00005B3A, 0x00005D3C, 0x00005D3E, 0x00005D3F, 0x00005D41,
  0x00005D43, 0x00005D44, 0x00005F46, 0x00005F48, 0x00005F49, 0x00005F4B, 0x00005F4D, 0x0000614F, 0x00006150, 0x00006152,
  0x00006154, 0x00006356, 0x00006358, 0x0000635A, 0x0000635C, 0x0000655E, 0x00006560, 0x00006563, 0x00006765, 0x00006767,
  0x0000696A, 0x0000696D, 0x00006970, 0x00006B73, 0x00006D76, 0x00006D7A, 0x00006F7E, 0x00007184, 0x00000000, 0x00000000,
  0x00000000, 0x00000000, 0x00000000, 0x00000000, 0x00000000, 0x00000000, 0x00000000, 0x00000000, 0x00000000, 0x00000000,
  0x00000000, 0x00000000, 0x00000000, 0x00000000, 0x00000000, 0x00000000, 0x00000000, 0x00000000, 0x00000000, 0x00000000,
  0x00000000, 0x00000000, 0x00000000, 0x00000000, 0x00000000, 0x00000000, 0x00000000, 0x00000000, 0x00000000, 0x00000000,
  0x00000000, 0x00000000, 0x00000000, 0x00000000, 0x00000000, 0x00000000, 0x00000000, 0x00000000, 0x00000000, 0x00000000,
  0x00000000, 0x00000000, 0x00000000, 0x00000000, 0x00000000, 0x00000000, 0x00000000, 0x00000000, 0x00000000, 0x00000000,
  0x00000000, 0x00000000, 0x00000000, 0x00000000, 0x00000000, 0x00000000, 0x00000000, 0x00000000, 0x00000000, 0x00000000,
  0x00000000, 0x00000000, 0x00000000, 0x00000000, 0x00000000, 0x00000000, 0x00000000, 0x00000000, 0x00000000, 0x00000000,
  0x00000000, 0x00000000, 0x00000000, 0x00000000, 0x00000000, 0x00000000, 0x00007671, 0x0000727C, 0x00007082, 0x00006E86,
  0x00006E8A, 0x00006C8D, 0x00006C90, 0x00006A93, 0x00006A96, 0x00006898, 0x0000689A, 0x0000689D, 0x0000669F, 0x000066A1,
  0x000066A3, 0x000064A5, 0x000064A7, 0x000064A9, 0x000062AB, 0x000062AD, 0x000062AF, 0x000062B0, 0x000062B2, 0x000060B4,
  0x000060B6, 0x000060B7, 0x000060B9, 0x000060BB, 0x00005EBC, 0x00005EBE, 0x00005EC0, 0x00005EC1, 0x00005EC3, 0x00005EC4,
  0x00005CC6, 0x00005CC8, 0x00005CC9, 0x00005CCB, 0x00005CCC, 0x00005CCE, 0x00005CCF, 0x00005AD1, 0x00005AD2, 0x00005AD4,
  0x00005AD5, 0x00005AD7, 0x00005AD8, 0x00005ADA, 0x00005ADB, 0x00005ADD, 0x00005ADE, 0x000058DF, 0x000058E1, 0x000058E2,
  0x000058E4, 0x000058E5, 0x000058E7, 0x000058E8, 0x000058EA, 0x000058EB, 0x000058EC, 0x000058EE, 0x000058EF, 0x000058F1,
  0x000058F2, 0x000058F3, 0x000058F5, 0x000058F6, 0x000058F8, 0x000058F9, 0x000058FB, 0x000058FC, 0x000058FD, 0x000058FF,
  0x00005900, 0x00005902, 0x00005903, 0x00005904, 0x00005906, 0x00005907, 0x00005909, 0x0000590A, 0x0000590C, 0x0000590D,
  0x0000590E, 0x00005910, 0x00005911, 0x00005913, 0x00005914, 0x00005915, 0x00005917, 0x00005918, 0x0000591A, 0x0000591B,
  0x0000591D, 0x0000591E, 0x00005920, 0x00005B21, 0x00005B22, 0x00005B24, 0x00005B25, 0x00005B27, 0x00005B28, 0x00005B2A,
  0x00005B2B, 0x00005B2D, 0x00005B2E, 0x00005D30, 0x00005D31, 0x00005D33, 0x00005D34, 0x00005D36, 0x00005D37, 0x00005D39,
  0x00005F3B, 0x00005F3C, 0x00005F3E, 0x00005F3F, 0x00005F41, 0x00005F43, 0x00006144, 0x00006146, 0x00006148, 0x00006149,
  0x0000614B, 0x0000634D, 0x0000634F, 0x00006350, 0x00006352, 0x00006354, 0x00006556, 0x00006558, 0x0000655A, 0x0000675C,
  0x0000675E, 0x00006760, 0x00006962, 0x00006965, 0x00006967, 0x00006B69, 0x00006B6C, 0x00006D6F, 0x00006D72, 0x00006F75,
  0x00006F79, 0x0000717D, 0x00007383, 0x0000778E, 0x00000000, 0x00000000, 0x00000000, 0x00000000, 0x00000000, 0x00000000,
  0x00000000, 0x00000000, 0x00000000, 0x00000000, 0x00000000, 0x00000000, 0x00000000, 0x00000000, 0x00000000, 0x00000000,
  0x00000000, 0x00000000, 0x00000000, 0x00000000, 0x00000000, 0x00000000, 0x00000000, 0x00000000, 0x00000000, 0x00000000,
  0x00000000, 0x00000000, 0x00000000, 0x00000000, 0x00000000, 0x00000000, 0x00000000, 0x00000000, 0x00000000, 0x00000000,
  0x00000000, 0x00000000, 0x00000000, 0x00000000, 0x00000000, 0x00000000, 0x00000000, 0x00000000, 0x00000000, 0x00000000,
  0x00000000, 0x00000000, 0x00000000, 0x00000000, 0x00000000, 0x00000000, 0x00000000, 0x00000000, 0x00000000, 0x00000000,
  0x00000000, 0x00000000, 0x00000000, 0x00000000, 0x00000000, 0x00000000, 0x00000000, 0x00000000, 0x00000000, 0x00000000,
  0x00000000, 0x00000000, 0x00000000, 0x00000000, 0x00000000, 0x00000000, 0x00000000, 0x00000000, 0x00000000, 0x00007675,
  0x0000747E, 0x00007283, 0x00007087, 0x0000708B, 0x00006E8E, 0x00006E91, 0x00006C93, 0x00006C96, 0x00006A99, 0x00006A9B,
  0x00006A9D, 0x0000689F, 0x000068A1, 0x000068A3, 0x000066A5, 0x000066A7, 0x000066A9, 0x000066AB, 0x000064AD, 0x000064AF,
  0x000064B1, 0x000064B2, 0x000062B4, 0x000062B6, 0x000062B7, 0x000062B9, 0x000062BB, 0x000060BC, 0x000060BE, 0x000060C0,
  0x000060C1, 0x000060C3, 0x000060C4, 0x000060C6, 0x00005EC7, 0x00005EC9, 0x00005ECA, 0x00005ECC, 0x00005ECD, 0x00005ECF,
  0x00005ED0, 0x00005CD2, 0x00005CD3, 0x00005CD5, 0x00005CD6, 0x00005CD8, 0x00005CD9, 0x00005CDA, 0x00005CDC, 0x00005CDD,
  0x00005CDF, 0x00005CE0, 0x00005AE2, 0x00005AE3, 0x00005AE4, 0x00005AE6, 0x00005AE7, 0x00005AE9, 0x00005AEA, 0x00005AEB,
  0x00005AED, 0x00005AEE, 0x00005AF0, 0x00005AF1, 0x00005AF2, 0x00005AF4, 0x00005AF5, 0x00005AF7, 0x00005AF8, 0x00005AF9,
  0x00005AFB, 0x00005AFC, 0x00005AFD, 0x00005AFF, 0x00005B00, 0x00005B02, 0x00005B03, 0x00005B04, 0x00005B06, 0x00005B07,
  0x00005B08, 0x00005B0A, 0x00005B0B, 0x00005B0D, 0x00005B0E, 0x00005B0F, 0x00005B11, 0x00005B12, 0x00005B14, 0x00005B15,
  0x00005B16, 0x00005B18, 0x00005B19, 0x00005B1B, 0x00005B1C, 0x00005B1D, 0x00005D1F, 0x00005D20, 0x00005D22, 0x00005D23,
  0x00005D25, 0x00005D26, 0x00005D27, 0x00005D29, 0x00005D2A, 0x00005D2C, 0x00005D2D, 0x00005F2F, 0x00005F30, 0x00005F32,
  0x00005F33, 0x00005F35, 0x00005F36, 0x00005F38, 0x00006139, 0x0000613B, 0x0000613C, 0x0000613E, 0x0000613F, 0x00006141,
  0x00006143, 0x00006344, 0x00006346, 0x00006348, 0x00006349, 0x0000634B, 0x0000654D, 0x0000654E, 0x00006550, 0x00006552,
  0x00006754, 0x00006756, 0x00006758, 0x0000675A, 0x0000695C, 0x0000695E, 0x00006960, 0x00006B62, 0x00006B64, 0x00006B66,
  0x00006D69, 0x00006D6C, 0x00006F6E, 0x00006F71, 0x00007174, 0x00007178, 0x0000737C, 0x00007581, 0x0000778A, 0x00000000,
  0x00000000, 0x00000000, 0x00000000, 0x00000000, 0x00000000, 0x00000000, 0x00000000, 0x00000000, 0x00000000, 0x00000000,
  0x00000000, 0x00000000, 0x00000000, 0x00000000, 0x00000000, 0x00000000, 0x00000000, 0x00000000, 0x00000000, 0x00000000,
  0x00000000, 0x00000000, 0x00000000, 0x00000000, 0x00000000, 0x00000000, 0x00000000, 0x00000000, 0x00000000, 0x00000000,
  0x00000000, 0x00000000, 0x00000000, 0x00000000, 0x00000000, 0x00000000, 0x00000000, 0x00000000, 0x00000000, 0x00000000,
  0x00000000, 0x00000000, 0x00000000, 0x00000000, 0x00000000, 0x00000000, 0x00000000, 0x00000000, 0x00000000, 0x00000000,
  0x00000000, 0x00000000, 0x00000000, 0x00000000, 0x00000000, 0x00000000, 0x00000000, 0x00000000, 0x00000000, 0x00000000,
  0x00000000, 0x00000000, 0x00000000, 0x00000000, 0x00000000, 0x00000000, 0x00000000, 0x00000000, 0x00000000, 0x00000000,
  0x00000000, 0x00000000, 0x00007877, 0x0000767F, 0x00007484, 0x00007288, 0x0000728B, 0x0000708E, 0x00007091, 0x00006E94,
  0x00006E96, 0x00006C99, 0x00006C9B, 0x00006C9D, 0x00006AA0, 0x00006AA2, 0x00006AA4, 0x000068A6, 0x000068A8, 0x000068A9,
  0x000068AB, 0x000066AD, 0x000066AF, 0x000066B1, 0x000066B2, 0x000066B4, 0x000064B6, 0x000064B7, 0x000064B9, 0x000064BB,
  0x000064BC, 0x000062BE, 0x000062BF, 0x000062C1, 0x000062C2, 0x000062C4, 0x000062C5, 0x000060C7, 0x000060C8, 0x000060CA,
  0x000060CB, 0x000060CD, 0x000060CE, 0x000060D0, 0x000060D1, 0x00005ED3, 0x00005ED4, 0x00005ED6, 0x00005ED7, 0x00005ED8,
  0x00005EDA, 0x00005EDB, 0x00005EDD, 0x00005EDE, 0x00005EDF, 0x00005EE1, 0x00005EE2, 0x00005CE4, 0x00005CE5, 0x00005CE6,
  0x00005CE8, 0x00005CE9, 0x00005CEA, 0x00005CEC, 0x00005CED, 0x00005CEF, 0x00005CF0, 0x00005CF1, 0x00005CF3, 0x00005CF4,
  0x00005CF5, 0x00005CF7, 0x00005CF8, 0x00005CF9, 0x00005CFB, 0x00005CFC, 0x00005CFD, 0x00005CFF, 0x00005D00, 0x00005D02,
  0x00005D03, 0x00005D04, 0x00005D06, 0x00005D07, 0x00005D08, 0x00005D0A, 0x00005D0B, 0x00005D0C, 0x00005D0E, 0x00005D0F,
  0x00005D10, 0x00005D12, 0x00005D13, 0x00005D15, 0x00005D16, 0x00005D17, 0x00005D19, 0x00005D1A, 0x00005D1B, 0x00005F1D,
  0x00005F1E, 0x00005F20, 0x00005F21, 0x00005F22, 0x00005F24, 0x00005F25, 0x00005F27, 0x00005F28, 0x00005F29, 0x00005F2B,
  0x00005F2C, 0x0000612E, 0x0000612F, 0x00006131, 0x00006132, 0x00006134, 0x00006135, 0x00006137, 0x00006138, 0x0000633A,
  0x0000633B, 0x0000633D, 0x0000633E, 0x00006340, 0x00006341, 0x00006543, 0x00006544, 0x00006546, 0x00006548, 0x00006549,
  0x0000674B, 0x0000674D, 0x0000674E, 0x00006750, 0x00006752, 0x00006954, 0x00006956, 0x00006957, 0x00006959, 0x00006B5B,
  0x00006B5D, 0x00006B5F, 0x00006D62, 0x00006D64, 0x00006D66, 0x00006F69, 0x00006F6B, 0x0000716E, 0x00007171, 0x00007374,
  0x00007377, 0x0000757B, 0x00007780, 0x00007988, 0x00000000, 0x00000000, 0x00000000, 0x00000000, 0x00000000, 0x00000000,
  0x00000000, 0x00000000, 0x00000000, 0x00000000, 0x00000000, 0x00000000, 0x00000000, 0x00000000, 0x00000000, 0x00000000,
  0x00000000, 0x00000000, 0x00000000, 0x00000000, 0x00000000, 0x00000000, 0x00000000, 0x00000000, 0x00000000, 0x00000000,
  0x00000000, 0x00000000, 0x00000000, 0x00000000, 0x00000000, 0x00000000, 0x00000000, 0x00000000, 0x00000000, 0x00000000,
  0x00000000, 0x00000000, 0x00000000, 0x00000000, 0x00000000, 0x00000000, 0x00000000, 0x00000000, 0x00000000, 0x00000000,
  0x00000000, 0x00000000, 0x00000000, 0x00000000, 0x00000000, 0x00000000, 0x00000000, 0x00000000, 0x00000000, 0x00000000,
  0x00000000, 0x00000000, 0x00000000, 0x00000000, 0x00000000, 0x00000000, 0x00000000, 0x00000000, 0x00000000, 0x00000000,
  0x00000000, 0x00000000, 0x00000000, 0x00000000, 0x00000000, 0x00007A78, 0x0000787F, 0x00007684, 0x00007488, 0x0000748C,
  0x0000728F, 0x00007292, 0x00007094, 0x00007097, 0x00006E99, 0x00006E9B, 0x00006E9E, 0x00006CA0, 0x00006CA2, 0x00006CA4,
  0x00006CA6, 0x00006AA8, 0x00006AA9, 0x00006AAB, 0x00006AAD, 0x000068AF, 0x000068B1, 0x000068B2, 0x000068B4, 0x000066B6,
  0x000066B7, 0x000066B9, 0x000066BA, 0x000066BC, 0x000066BE, 0x000064BF, 0x000064C1, 0x000064C2, 0x000064C4, 0x000064C5,
  0x000064C7, 0x000062C8, 0x000062CA, 0x000062CB, 0x000062CC, 0x000062CE, 0x000062CF, 0x000062D1, 0x000062D2, 0x000062D4,
  0x000060D5, 0x000060D6, 0x000060D8, 0x000060D9, 0x000060DB, 0x000060DC, 0x000060DD, 0x000060DF, 0x000060E0, 0x000060E1,
  0x000060E3, 0x000060E4, 0x00005EE5, 0x00005EE7, 0x00005EE8, 0x00005EEA, 0x00005EEB, 0x00005EEC, 0x00005EEE, 0x00005EEF,
  0x00005EF0, 0x00005EF2, 0x00005EF3, 0x00005EF4, 0x00005EF6, 0x00005EF7, 0x00005EF8, 0x00005EFA, 0x00005EFB, 0x00005EFC,
  0x00005EFE, 0x00005EFF, 0x00005F00, 0x00005F01, 0x00005F03, 0x00005F04, 0x00005F05, 0x00005F07, 0x00005F08, 0x00005F09,
  0x00005F0B, 0x00005F0C, 0x00005F0D, 0x00005F0F, 0x00005F10, 0x00005F11, 0x00005F13, 0x00005F14, 0x00005F15, 0x00005F17,
  0x00005F18, 0x00005F1A, 0x0000611B, 0x0000611C, 0x0000611E, 0x0000611F, 0x00006120, 0x00006122, 0x00006123, 0x00006124,
  0x00006126, 0x00006127, 0x00006129, 0x0000612A, 0x0000632B, 0x0000632D, 0x0000632E, 0x00006330, 0x00006331, 0x00006333,
  0x00006334, 0x00006335, 0x00006337, 0x00006538, 0x0000653A, 0x0000653B, 0x0000653D, 0x0000653E, 0x00006540, 0x00006741,
  0x00006743, 0x00006745, 0x00006746, 0x00006748, 0x00006749, 0x0000694B, 0x0000694D, 0x0000694E, 0x00006950, 0x00006B52,
  0x00006B54, 0x00006B56, 0x00006B57, 0x00006D59, 0x00006D5B, 0x00006D5D, 0x00006D5F, 0x00006F61, 0x00006F64, 0x00006F66,
  0x00007168, 0x0000716B, 0x0000736D, 0x00007370, 0x00007573, 0x00007577, 0x0000777B, 0x00007980, 0x00007B87, 0x00000000,
  0x00000000, 0x00000000, 0x00000000, 0x00000000, 0x00000000, 0x00000000, 0x00000000, 0x00000000, 0x00000000, 0x00000000,
  0x00000000, 0x00000000, 0x00000000, 0x00000000, 0x00000000, 0x00000000, 0x00000000, 0x00000000, 0x00000000, 0x00000000,
  0x00000000, 0x00000000, 0x00000000, 0x00000000, 0x00000000, 0x00000000, 0x00000000, 0x00000000, 0x00000000, 0x00000000,
  0x00000000, 0x00000000, 0x00000000, 0x00000000, 0x00000000, 0x00000000, 0x00000000, 0x00000000, 0x00000000, 0x00000000,
  0x00000000, 0x00000000, 0x00000000, 0x00000000, 0x00000000, 0x00000000, 0x00000000, 0x00000000, 0x00000000, 0x00000000,
  0x00000000, 0x00000000, 0x00000000, 0x00000000, 0x00000000, 0x00000000, 0x00000000, 0x00000000, 0x00000000, 0x00000000,
  0x00000000, 0x00000000, 0x00000000, 0x00000000, 0x00000000, 0x00000000, 0x00000000, 0x00000000, 0x00007C79, 0x00007A80,
  0x00007885, 0x00007689, 0x0000768C, 0x0000748F, 0x00007492, 0x00007295, 0x00007297, 0x00007099, 0x0000709C, 0x0000709E,
  0x00006EA0, 0x00006EA2, 0x00006EA4, 0x00006EA6, 0x00006CA8, 0x00006CAA, 0x00006CAB, 0x00006CAD, 0x00006AAF, 0x00006AB1,
  0x00006AB2, 0x00006AB4, 0x00006AB5, 0x000068B7, 0x000068B9, 0x000068BA, 0x000068BC, 0x000068BD, 0x000066BF, 0x000066C0,
  0x000066C2, 0x000066C3, 0x000066C5, 0x000066C6, 0x000066C8, 0x000064C9, 0x000064CB, 0x000064CC, 0x000064CD, 0x000064CF,
  0x000064D0, 0x000064D2, 0x000064D3, 0x000064D4, 0x000062D6, 0x000062D7, 0x000062D9, 0x000062DA, 0x000062DB, 0x000062DD,
  0x000062DE, 0x000062DF, 0x000062E1, 0x000062E2, 0x000062E3, 0x000062E5, 0x000060E6, 0x000060E7, 0x000060E9, 0x000060EA,
  0x000060EB, 0x000060ED, 0x000060EE, 0x000060EF, 0x000060F1, 0x000060F2, 0x000060F3, 0x000060F4, 0x000060F6, 0x000060F7,
  0x000060F8, 0x000060FA, 0x000060FB, 0x000060FC, 0x000060FE, 0x000060FF, 0x00006100, 0x00006101, 0x00006103, 0x00006104,
  0x00006105, 0x00006107, 0x00006108, 0x00006109, 0x0000610B, 0x0000610C, 0x0000610D, 0x0000610E, 0x00006110, 0x00006111,
  0x00006112, 0x00006114, 0x00006115, 0x00006116, 0x00006118, 0x00006119, 0x0000631A, 0x0000631C, 0x0000631D, 0x0000631E,
  0x00006320, 0x00006321, 0x00006322, 0x00006324, 0x00006325, 0x00006326, 0x00006328, 0x00006329, 0x0000652B, 0x0000652C,
  0x0000652D, 0x0000652F, 0x00006530, 0x00006532, 0x00006533, 0x00006534, 0x00006536, 0x00006737, 0x00006739, 0x0000673A,
  0x0000673C, 0x0000673D, 0x0000673F, 0x00006740, 0x00006942, 0x00006943, 0x00006945, 0x00006946, 0x00006948, 0x00006B4A,
  0x00006B4B, 0x00006B4D, 0x00006B4E, 0x00006B50, 0x00006D52, 0x00006D54, 0x00006D55, 0x00006D57, 0x00006F59, 0x00006F5B,
  0x00006F5D, 0x00006F5F, 0x00007161, 0x00007163, 0x00007166, 0x00007368, 0x0000736A, 0x0000756D, 0x00007570, 0x00007773,
  0x00007776, 0x0000797A, 0x00007B7F, 0x00007D86, 0x00000000, 0x00000000, 0x00000000, 0x00000000, 0x00000000, 0x00000000,
  0x00000000, 0x00000000, 0x00000000, 0x00000000, 0x00000000, 0x00000000, 0x00000000, 0x00000000, 0x00000000, 0x00000000,
  0x00000000, 0x00000000, 0x00000000, 0x00000000, 0x00000000, 0x00000000, 0x00000000, 0x00000000, 0x00000000, 0x00000000,
  0x00000000, 0x00000000, 0x00000000, 0x00000000, 0x00000000, 0x00000000, 0x00000000, 0x00000000, 0x00000000, 0x00000000,
  0x00000000, 0x00000000, 0x00000000, 0x00000000, 0x00000000, 0x00000000, 0x00000000, 0x00000000, 0x00000000, 0x00000000,
  0x00000000, 0x00000000, 0x00000000, 0x00000000, 0x00000000, 0x00000000, 0x00000000, 0x00000000, 0x00000000, 0x00000000,
  0x00000000, 0x00000000, 0x00000000, 0x00000000, 0x00000000, 0x00000000, 0x00000000, 0x00000000, 0x00000000, 0x00000000,
  0x00000000, 0x00007E79, 0x00007C80, 0x00007A85, 0x00007889, 0x0000788C, 0x0000768F, 0x00007692, 0x00007495, 0x00007497,
  0x00007499, 0x0000729C, 0x0000729E, 0x000072A0, 0x000070A2, 0x000070A4, 0x000070A6, 0x00006EA8, 0x00006EAA, 0x00006EAB,
  0x00006EAD, 0x00006CAF, 0x00006CB0, 0x00006CB2, 0x00006CB4, 0x00006CB5, 0x00006AB7, 0x00006AB9, 0x00006ABA, 0x00006ABC,
  0x00006ABD, 0x00006ABF, 0x000068C0, 0x000068C2, 0x000068C3, 0x000068C5, 0x000068C6, 0x000068C7, 0x000068C9, 0x000066CA,
  0x000066CC, 0x000066CD, 0x000066CE, 0x000066D0, 0x000066D1, 0x000066D3, 0x000066D4, 0x000064D5, 0x000064D7, 0x000064D8,
  0x000064D9, 0x000064DB, 0x000064DC, 0x000064DD, 0x000064DF, 0x000064E0, 0x000064E1, 0x000064E3, 0x000064E4, 0x000064E5,
  0x000064E6, 0x000062E8, 0x000062E9, 0x000062EA, 0x000062EC, 0x000062ED, 0x000062EE, 0x000062F0, 0x000062F1, 0x000062F2,
  0x000062F3, 0x000062F5, 0x000062F6, 0x000062F7, 0x000062F8, 0x000062FA, 0x000062FB, 0x000062FC, 0x000062FE, 0x000062FF,
  0x00006300, 0x00006301, 0x00006303, 0x00006304, 0x00006305, 0x00006307, 0x00006308, 0x00006309, 0x0000630A, 0x0000630C,
  0x0000630D, 0x0000630E, 0x0000630F, 0x00006311, 0x00006312, 0x00006313, 0x00006315, 0x00006316, 0x00006317, 0x00006519,
  0x0000651A, 0x0000651B, 0x0000651C, 0x0000651E, 0x0000651F, 0x00006520, 0x00006522, 0x00006523, 0x00006524, 0x00006526,
  0x00006527, 0x00006528, 0x0000652A, 0x0000672B, 0x0000672C, 0x0000672E, 0x0000672F, 0x00006731, 0x00006732, 0x00006733,
  0x00006735, 0x00006936, 0x00006938, 0x00006939, 0x0000693A, 0x0000693C, 0x0000693D, 0x0000693F, 0x00006B40, 0x00006B42,
  0x00006B43, 0x00006B45, 0x00006B46, 0x00006B48, 0x00006D4A, 0x00006D4B, 0x00006D4D, 0x00006D4F, 0x00006D50, 0x00006F52,
  0x00006F54, 0x00006F55, 0x00006F57, 0x00007159, 0x0000715B, 0x0000715D, 0x0000735F, 0x00007361, 0x00007363, 0x00007566,
  0x00007568, 0x0000756A, 0x0000776D, 0x00007770, 0x00007973, 0x00007976, 0x00007B7A, 0x00007D7F, 0x00007F86, 0x00000000,
  0x00000000, 0x00000000, 0x00000000, 0x00000000, 0x00000000, 0x00000000, 0x00000000, 0x00000000, 0x00000000, 0x00000000,
  0x00000000, 0x00000000, 0x00000000, 0x00000000, 0x00000000, 0x00000000, 0x00000000, 0x00000000, 0x00000000, 0x00000000,
  0x00000000, 0x00000000, 0x00000000, 0x00000000, 0x00000000, 0x00000000, 0x00000000, 0x00000000, 0x00000000, 0x00000000,
  0x00000000, 0x00000000, 0x00000000, 0x00000000, 0x00000000, 0x00000000, 0x00000000, 0x00000000, 0x00000000, 0x00000000,
  0x00000000, 0x00000000, 0x00000000, 0x00000000, 0x00000000, 0x00000000, 0x00000000, 0x00000000, 0x00000000, 0x00000000,
  0x00000000, 0x00000000, 0x00000000, 0x00000000, 0x00000000, 0x00000000, 0x00000000, 0x00000000, 0x00000000, 0x00000000,
  0x00000000, 0x00000000, 0x00000000, 0x00000000, 0x00008079, 0x00007E80, 0x00007C85, 0x00007A89, 0x00007A8C, 0x0000788F,
  0x00007892, 0x00007695, 0x00007697, 0x0000769A, 0x0000749C, 0x0000749E, 0x000074A0, 0x000072A2, 0x000072A4, 0x000072A6,
  0x000070A8, 0x000070A9, 0x000070AB, 0x000070AD, 0x000070AF, 0x00006EB0, 0x00006EB2, 0x00006EB4, 0x00006EB5, 0x00006CB7,
  0x00006CB8, 0x00006CBA, 0x00006CBB, 0x00006CBD, 0x00006CBE, 0x00006AC0, 0x00006AC1, 0x00006AC3, 0x00006AC4, 0x00006AC6,
  0x00006AC7, 0x00006AC8, 0x000068CA, 0x000068CB, 0x000068CD, 0x000068CE, 0x000068CF, 0x000068D1, 0x000068D2, 0x000068D3,
  0x000068D5, 0x000066D6, 0x000066D7, 0x000066D9, 0x000066DA, 0x000066DB, 0x000066DD, 0x000066DE, 0x000066DF, 0x000066E0,
  0x000066E2, 0x000066E3, 0x000066E4, 0x000066E6, 0x000066E7, 0x000064E8, 0x000064E9, 0x000064EB, 0x000064EC, 0x000064ED,
  0x000064EF, 0x000064F0, 0x000064F1, 0x000064F2, 0x000064F4, 0x000064F5, 0x000064F6, 0x000064F7, 0x000064F9, 0x000064FA,
  0x000064FB, 0x000064FC, 0x000064FE, 0x000064FF, 0x00006500, 0x00006501, 0x00006503, 0x00006504, 0x00006505, 0x00006506,
  0x00006508, 0x00006509, 0x0000650A, 0x0000650B, 0x0000650D, 0x0000650E, 0x0000650F, 0x00006510, 0x00006512, 0x00006513,
  0x00006514, 0x00006516, 0x00006517, 0x00006718, 0x00006719, 0x0000671B, 0x0000671C, 0x0000671D, 0x0000671F, 0x00006720,
  0x00006721, 0x00006722, 0x00006724, 0x00006725, 0x00006726, 0x00006728, 0x00006729, 0x0000692A, 0x0000692C, 0x0000692D,
  0x0000692E, 0x00006930, 0x00006931, 0x00006932, 0x00006934, 0x00006935, 0x00006B37, 0x00006B38, 0x00006B39, 0x00006B3B,
  0x00006B3C, 0x00006B3E, 0x00006B3F, 0x00006D41, 0x00006D42, 0x00006D44, 0x00006D45, 0x00006D47, 0x00006D48, 0x00006F4A,
  0x00006F4B, 0x00006F4D, 0x00006F4F, 0x00007150, 0x00007152, 0x00007154, 0x00007156, 0x00007157, 0x00007359, 0x0000735B,
  0x0000735D, 0x0000755F, 0x00007561, 0x00007563, 0x00007765, 0x00007768, 0x0000776A, 0x0000796D, 0x00007970, 0x00007B73,
  0x00007B76, 0x00007D7A, 0x00007F7F, 0x00008186, 0x00000000, 0x00000000, 0x00000000, 0x00000000, 0x00000000, 0x00000000,
  0x00000000, 0x00000000, 0x00000000, 0x00000000, 0x00000000, 0x00000000, 0x00000000, 0x00000000, 0x00000000, 0x00000000,
  0x00000000, 0x00000000, 0x00000000, 0x00000000, 0x00000000, 0x00000000, 0x00000000, 0x00000000, 0x00000000, 0x00000000,
  0x00000000, 0x00000000, 0x00000000, 0x00000000, 0x00000000, 0x00000000, 0x00000000, 0x00000000, 0x00000000, 0x00000000,
  0x00000000, 0x00000000, 0x00000000, 0x00000000, 0x00000000, 0x00000000, 0x00000000, 0x00000000, 0x00000000, 0x00000000,
  0x00000000, 0x00000000, 0x00000000, 0x00000000, 0x00000000, 0x00000000, 0x00000000, 0x00000000, 0x00000000, 0x00000000,
  0x00000000, 0x00000000, 0x00000000, 0x00000000, 0x00000000, 0x00000000, 0x00000000, 0x00008279, 0x00008081, 0x00007E85,
  0x00007C89, 0x00007C8D, 0x00007A90, 0x00007A92, 0x00007895, 0x00007897, 0x0000789A, 0x0000769C, 0x0000769E, 0x000076A0,
  0x000074A2, 0x000074A4, 0x000074A6, 0x000074A8, 0x000072A9, 0x000072AB, 0x000072AD, 0x000072AF, 0x000070B0, 0x000070B2,
  0x000070B3, 0x000070B5, 0x000070B7, 0x00006EB8, 0x00006EBA, 0x00006EBB, 0x00006EBD, 0x00006EBE, 0x00006EC0, 0x00006CC1,
  0x00006CC2, 0x00006CC4, 0x00006CC5, 0x00006CC7, 0x00006CC8, 0x00006CC9, 0x00006ACB, 0x00006ACC, 0x00006ACD, 0x00006ACF,
  0x00006AD0, 0x00006AD1, 0x00006AD3, 0x00006AD4, 0x00006AD5, 0x000068D7, 0x000068D8, 0x000068D9, 0x000068DB, 0x000068DC,
  0x000068DD, 0x000068DE, 0x000068E0, 0x000068E1, 0x000068E2, 0x000068E4, 0x000068E5, 0x000068E6, 0x000068E7, 0x000066E9,
  0x000066EA, 0x000066EB, 0x000066EC, 0x000066EE, 0x000066EF, 0x000066F0, 0x000066F1, 0x000066F3, 0x000066F4, 0x000066F5,
  0x000066F6, 0x000066F7, 0x000066F9, 0x000066FA, 0x000066FB, 0x000066FC, 0x000066FE, 0x000066FF, 0x00006700, 0x00006701,
  0x00006703, 0x00006704, 0x00006705, 0x00006706, 0x00006708, 0x00006709, 0x0000670A, 0x0000670B, 0x0000670C, 0x0000670E,
  0x0000670F, 0x00006710, 0x00006711, 0x00006713, 0x00006714, 0x00006715, 0x00006716, 0x00006918, 0x00006919, 0x0000691A,
  0x0000691B, 0x0000691D, 0x0000691E, 0x0000691F, 0x00006921, 0x00006922, 0x00006923, 0x00006924, 0x00006926, 0x00006927,
  0x00006928, 0x00006B2A, 0x00006B2B, 0x00006B2C, 0x00006B2E, 0x00006B2F, 0x00006B30, 0x00006B32, 0x00006B33, 0x00006B34,
  0x00006D36, 0x00006D37, 0x00006D38, 0x00006D3A, 0x00006D3B, 0x00006D3D, 0x00006D3E, 0x00006F3F, 0x00006F41, 0x00006F42,
  0x00006F44, 0x00006F45, 0x00006F47, 0x00007148, 0x0000714A, 0x0000714C, 0x0000714D, 0x0000714F, 0x00007350, 0x00007352,
  0x00007354, 0x00007356, 0x00007557, 0x00007559, 0x0000755B, 0x0000755D, 0x0000775F, 0x00007761, 0x00007763, 0x00007965,
  0x00007968, 0x0000796A, 0x00007B6D, 0x00007B6F, 0x00007D72, 0x00007D76, 0x00007F7A, 0x0000817E, 0x00008386, 0x00000000,
  0x00000000, 0x00000000, 0x00000000, 0x00000000, 0x00000000, 0x00000000, 0x00000000, 0x00000000, 0x00000000, 0x00000000,
  0x00000000, 0x00000000, 0x00000000, 0x00000000, 0x00000000, 0x00000000, 0x00000000, 0x00000000, 0x00000000, 0x00000000,
  0x00000000, 0x00000000, 0x00000000, 0x00000000, 0x00000000, 0x00000000, 0x00000000, 0x00000000, 0x00000000, 0x00000000,
  0x00000000, 0x00000000, 0x00000000, 0x00000000, 0x00000000, 0x00000000, 0x00000000, 0x00000000, 0x00000000, 0x00000000,
  0x00000000, 0x00000000, 0x00000000, 0x00000000, 0x00000000, 0x00000000, 0x00000000, 0x00000000, 0x00000000, 0x00000000,
  0x00000000, 0x00000000, 0x00000000, 0x00000000, 0x00000000, 0x00000000, 0x00000000, 0x00000000, 0x00000000, 0x00000000,
  0x00008479, 0x00008281, 0x00008085, 0x00007E89, 0x00007E8D, 0x00007C90, 0x00007C92, 0x00007A95, 0x00007A97, 0x00007A9A,
  0x0000789C, 0x0000789E, 0x000078A0, 0x000076A2, 0x000076A4, 0x000076A6, 0x000076A7, 0x000074A9, 0x000074AB, 0x000074AD,
  0x000074AE, 0x000072B0, 0x000072B2, 0x000072B3, 0x000072B5, 0x000072B6, 0x000070B8, 0x000070B9, 0x000070BB, 0x000070BC,
  0x000070BE, 0x000070BF, 0x00006EC1, 0x00006EC2, 0x00006EC3, 0x00006EC5, 0x00006EC6, 0x00006EC8, 0x00006EC9, 0x00006CCA,
  0x00006CCC, 0x00006CCD, 0x00006CCE, 0x00006CD0, 0x00006CD1, 0x00006CD2, 0x00006CD4, 0x00006CD5, 0x00006AD6, 0x00006AD7,
  0x00006AD9, 0x00006ADA, 0x00006ADB, 0x00006ADD, 0x00006ADE, 0x00006ADF, 0x00006AE0, 0x00006AE2, 0x00006AE3, 0x00006AE4,
  0x00006AE5, 0x00006AE6, 0x00006AE8, 0x000068E9, 0x000068EA, 0x000068EB, 0x000068ED, 0x000068EE, 0x000068EF, 0x000068F0,
  0x000068F2, 0x000068F3, 0x000068F4, 0x000068F5, 0x000068F6, 0x000068F8, 0x000068F9, 0x000068FA, 0x000068FB, 0x000068FC,
  0x000068FE, 0x000068FF, 0x00006900, 0x00006901, 0x00006903, 0x00006904, 0x00006905, 0x00006906, 0x00006907, 0x00006909,
  0x0000690A, 0x0000690B, 0x0000690C, 0x0000690D, 0x0000690F, 0x00006910, 0x00006911, 0x00006912, 0x00006914, 0x00006915,
  0x00006916, 0x00006B17, 0x00006B19, 0x00006B1A, 0x00006B1B, 0x00006B1C, 0x00006B1D, 0x00006B1F, 0x00006B20, 0x00006B21,
  0x00006B22, 0x00006B24, 0x00006B25, 0x00006B26, 0x00006B28, 0x00006B29, 0x00006D2A, 0x00006D2B, 0x00006D2D, 0x00006D2E,
  0x00006D2F, 0x00006D31, 0x00006D32, 0x00006D33, 0x00006D35, 0x00006F36, 0x00006F37, 0x00006F39, 0x00006F3A, 0x00006F3C,
  0x00006F3D, 0x00006F3E, 0x00007140, 0x00007141, 0x00007143, 0x00007144, 0x00007146, 0x00007147, 0x00007349, 0x0000734A,
  0x0000734C, 0x0000734D, 0x0000734F, 0x00007551, 0x00007552, 0x00007554, 0x00007556, 0x00007758, 0x00007759, 0x0000775B,
  0x0000775D, 0x0000795F, 0x00007961, 0x00007963, 0x00007B65, 0x00007B68, 0x00007B6A, 0x00007D6D, 0x00007D6F, 0x00007F72,
  0x00007F76, 0x0000817A, 0x0000837E, 0x00008586, 0x00000000, 0x00000000, 0x00000000, 0x00000000, 0x00000000, 0x00000000,
  0x00000000, 0x00000000, 0x00000000, 0x00000000, 0x00000000, 0x00000000, 0x00000000, 0x00000000, 0x00000000, 0x00000000,
  0x00000000, 0x00000000, 0x00000000, 0x00000000, 0x00000000, 0x00000000, 0x00000000, 0x00000000, 0x00000000, 0x00000000,
  0x00000000, 0x00000000, 0x00000000, 0x00000000, 0x00000000, 0x00000000, 0x00000000, 0x00000000, 0x00000000, 0x00000000,
  0x00000000, 0x00000000, 0x00000000, 0x00000000, 0x00000000, 0x00000000, 0x00000000, 0x00000000, 0x00000000, 0x00000000,
  0x00000000, 0x00000000, 0x00000000, 0x00000000, 0x00000000, 0x00000000, 0x00000000, 0x00000000, 0x00000000, 0x00000000,
  0x00000000, 0x00000000, 0x00000000, 0x00008679, 0x00008480, 0x00008285, 0x00008089, 0x0000808C, 0x00007E8F, 0x00007E92,
  0x00007C95, 0x00007C97, 0x00007C99, 0x00007A9C, 0x00007A9E, 0x00007AA0, 0x000078A2, 0x000078A4, 0x000078A6, 0x000078A7,
  0x000076A9, 0x000076AB, 0x000076AC, 0x000076AE, 0x000074B0, 0x000074B1, 0x000074B3, 0x000074B4, 0x000074B6, 0x000072B8,
  0x000072B9, 0x000072BA, 0x000072BC, 0x000072BD, 0x000072BF, 0x000070C0, 0x000070C2, 0x000070C3, 0x000070C4, 0x000070C6,
  0x000070C7, 0x000070C8, 0x000070CA, 0x00006ECB, 0x00006ECC, 0x00006ECE, 0x00006ECF, 0x00006ED0, 0x00006ED2, 0x00006ED3,
  0x00006ED4, 0x00006ED6, 0x00006CD7, 0x00006CD8, 0x00006CD9, 0x00006CDB, 0x00006CDC, 0x00006CDD, 0x00006CDE, 0x00006CE0,
  0x00006CE1, 0x00006CE2, 0x00006CE3, 0x00006CE4, 0x00006CE6, 0x00006CE7, 0x00006AE8, 0x00006AE9, 0x00006AEB, 0x00006AEC,
  0x00006AED, 0x00006AEE, 0x00006AEF, 0x00006AF1, 0x00006AF2, 0x00006AF3, 0x00006AF4, 0x00006AF5, 0x00006AF7, 0x00006AF8,
  0x00006AF9, 0x00006AFA, 0x00006AFB, 0x00006AFD, 0x00006AFE, 0x00006AFF, 0x00006B00, 0x00006B01, 0x00006B02, 0x00006B04,
  0x00006B05, 0x00006B06, 0x00006B07, 0x00006B08, 0x00006B0A, 0x00006B0B, 0x00006B0C, 0x00006B0D, 0x00006B0E, 0x00006B10,
  0x00006B11, 0x00006B12, 0x00006B13, 0x00006B14, 0x00006B16, 0x00006B17, 0x00006D18, 0x00006D19, 0x00006D1B, 0x00006D1C,
  0x00006D1D, 0x00006D1E, 0x00006D1F, 0x00006D21, 0x00006D22, 0x00006D23, 0x00006D24, 0x00006D26, 0x00006D27, 0x00006D28,
  0x00006F29, 0x00006F2B, 0x00006F2C, 0x00006F2D, 0x00006F2F, 0x00006F30, 0x00006F31, 0x00006F33, 0x00006F34, 0x00007135,
  0x00007137, 0x00007138, 0x00007139, 0x0000713B, 0x0000713C, 0x0000713D, 0x0000713F, 0x00007340, 0x00007342, 0x00007343,
  0x00007345, 0x00007346, 0x00007347, 0x00007549, 0x0000754B, 0x0000754C, 0x0000754E, 0x0000754F, 0x00007751, 0x00007753,
  0x00007754, 0x00007756, 0x00007958, 0x00007959, 0x0000795B, 0x0000795D, 0x00007B5F, 0x00007B61, 0x00007B63, 0x00007D66,
  0x00007D68, 0x00007D6A, 0x00007F6D, 0x00007F70, 0x00008173, 0x00008176, 0x0000837A, 0x0000857F, 0x00008786, 0x00000000,
  0x00000000, 0x00000000, 0x00000000, 0x00000000, 0x00000000, 0x00000000, 0x00000000, 0x00000000, 0x00000000, 0x00000000,
  0x00000000, 0x00000000, 0x00000000, 0x00000000, 0x00000000, 0x00000000, 0x00000000, 0x00000000, 0x00000000, 0x00000000,
  0x00000000, 0x00000000, 0x00000000, 0x00000000, 0x00000000, 0x00000000, 0x00000000, 0x00000000, 0x00000000, 0x00000000,
  0x00000000, 0x00000000, 0x00000000, 0x00000000, 0x00000000, 0x00000000, 0x00000000, 0x00000000, 0x00000000, 0x00000000,
  0x00000000, 0x00000000, 0x00000000, 0x00000000, 0x00000000, 0x00000000, 0x00000000, 0x00000000, 0x00000000, 0x00000000,
  0x00000000, 0x00000000, 0x00000000, 0x00000000, 0x00000000, 0x00000000, 0x00008A77, 0x00008680, 0x00008485, 0x00008289,
  0x0000828C, 0x0000808F, 0x00008092, 0x00007E95, 0x00007E97, 0x00007E99, 0x00007C9C, 0x00007C9E, 0x00007CA0, 0x00007AA2,
  0x00007AA3, 0x00007AA5, 0x00007AA7, 0x000078A9, 0x000078AB, 0x000078AC, 0x000078AE, 0x000076B0, 0x000076B1, 0x000076B3,
  0x000076B4, 0x000076B6, 0x000074B7, 0x000074B9, 0x000074BA, 0x000074BC, 0x000074BD, 0x000074BE, 0x000072C0, 0x000072C1,
  0x000072C3, 0x000072C4, 0x000072C5, 0x000072C7, 0x000072C8, 0x000072C9, 0x000070CB, 0x000070CC, 0x000070CD, 0x000070CF,
  0x000070D0, 0x000070D1, 0x000070D2, 0x000070D4, 0x000070D5, 0x00006ED6, 0x00006ED7, 0x00006ED9, 0x00006EDA, 0x00006EDB,
  0x00006EDC, 0x00006EDE, 0x00006EDF, 0x00006EE0, 0x00006EE1, 0x00006EE2, 0x00006EE4, 0x00006EE5, 0x00006EE6, 0x00006CE7,
  0x00006CE8, 0x00006CEA, 0x00006CEB, 0x00006CEC, 0x00006CED, 0x00006CEE, 0x00006CF0, 0x00006CF1, 0x00006CF2, 0x00006CF3,
  0x00006CF4, 0x00006CF6, 0x00006CF7, 0x00006CF8, 0x00006CF9, 0x00006CFA, 0x00006CFB, 0x00006CFD, 0x00006CFE, 0x00006CFF,
  0x00006D00, 0x00006D01, 0x00006D02, 0x00006D04, 0x00006D05, 0x00006D06, 0x00006D07, 0x00006D08, 0x00006D09, 0x00006D0B,
  0x00006D0C, 0x00006D0D, 0x00006D0E, 0x00006D0F, 0x00006D11, 0x00006D12, 0x00006D13, 0x00006D14, 0x00006D15, 0x00006D17,
  0x00006D18, 0x00006F19, 0x00006F1A, 0x00006F1B, 0x00006F1D, 0x00006F1E, 0x00006F1F, 0x00006F20, 0x00006F21, 0x00006F23,
  0x00006F24, 0x00006F25, 0x00006F26, 0x00006F28, 0x00006F29, 0x0000712A, 0x0000712B, 0x0000712D, 0x0000712E, 0x0000712F,
  0x00007130, 0x00007132, 0x00007133, 0x00007134, 0x00007336, 0x00007337, 0x00007338, 0x0000733A, 0x0000733B, 0x0000733C,
  0x0000733E, 0x0000733F, 0x00007541, 0x00007542, 0x00007543, 0x00007545, 0x00007546, 0x00007548, 0x00007749, 0x0000774B,
  0x0000774C, 0x0000774E, 0x0000774F, 0x00007951, 0x00007953, 0x00007954, 0x00007956, 0x00007B58, 0x00007B5A, 0x00007B5C,
  0x00007B5D, 0x00007D5F, 0x00007D61, 0x00007D63, 0x00007F66, 0x00007F68, 0x00007F6A, 0x0000816D, 0x00008170, 0x00008373,
  0x00008376, 0x0000857A, 0x0000877F, 0x00008B88, 0x00000000, 0x00000000, 0x00000000, 0x00000000, 0x00000000, 0x00000000,
  0x00000000, 0x00000000, 0x00000000, 0x00000000, 0x00000000, 0x00000000, 0x00000000, 0x00000000, 0x00000000, 0x00000000,
  0x00000000, 0x00000000, 0x00000000, 0x00000000, 0x00000000, 0x00000000, 0x00000000, 0x00000000, 0x00000000, 0x00000000,
  0x00000000, 0x00000000, 0x00000000, 0x00000000, 0x00000000, 0x00000000, 0x00000000, 0x00000000, 0x00000000, 0x00000000,
  0x00000000, 0x00000000, 0x00000000, 0x00000000, 0x00000000, 0x00000000, 0x00000000, 0x00000000, 0x00000000, 0x00000000,
  0x00000000, 0x00000000, 0x00000000, 0x00000000, 0x00000000, 0x00000000, 0x00000000, 0x00000000, 0x00000000, 0x00008C74,
  0x00008880, 0x00008685, 0x00008489, 0x0000848C, 0x0000828F, 0x00008292, 0x00008094, 0x00008097, 0x00008099, 0x00007E9B,
  0x00007E9D, 0x00007E9F, 0x00007CA1, 0x00007CA3, 0x00007CA5, 0x00007CA7, 0x00007AA9, 0x00007AAA, 0x00007AAC, 0x00007AAE,
  0x000078AF, 0x000078B1, 0x000078B2, 0x000078B4, 0x000078B5, 0x000078B7, 0x000076B8, 0x000076BA, 0x000076BB, 0x000076BD,
  0x000076BE, 0x000076BF, 0x000074C1, 0x000074C2, 0x000074C4, 0x000074C5, 0x000074C6, 0x000074C8, 0x000074C9, 0x000072CA,
  0x000072CB, 0x000072CD, 0x000072CE, 0x000072CF, 0x000072D1, 0x000072D2, 0x000072D3, 0x000072D4, 0x000070D6, 0x000070D7,
  0x000070D8, 0x000070D9, 0x000070DA, 0x000070DC, 0x000070DD, 0x000070DE, 0x000070DF, 0x000070E0, 0x000070E2, 0x000070E3,
  0x000070E4, 0x000070E5, 0x000070E6, 0x00006EE8, 0x00006EE9, 0x00006EEA, 0x00006EEB, 0x00006EEC, 0x00006EEE, 0x00006EEF,
  0x00006EF0, 0x00006EF1, 0x00006EF2, 0x00006EF3, 0x00006EF4, 0x00006EF6, 0x00006EF7, 0x00006EF8, 0x00006EF9, 0x00006EFA,
  0x00006EFB, 0x00006EFD, 0x00006EFE, 0x00006EFF, 0x00006F00, 0x00006F01, 0x00006F02, 0x00006F04, 0x00006F05, 0x00006F06,
  0x00006F07, 0x00006F08, 0x00006F09, 0x00006F0B, 0x00006F0C, 0x00006F0D, 0x00006F0E, 0x00006F0F, 0x00006F10, 0x00006F11,
  0x00006F13, 0x00006F14, 0x00006F15, 0x00006F16, 0x00006F17, 0x00007119, 0x0000711A, 0x0000711B, 0x0000711C, 0x0000711D,
  0x0000711F, 0x00007120, 0x00007121, 0x00007122, 0x00007123, 0x00007125, 0x00007126, 0x00007127, 0x00007128, 0x00007129,
  0x0000732B, 0x0000732C, 0x0000732D, 0x0000732E, 0x00007330, 0x00007331, 0x00007332, 0x00007334, 0x00007335, 0x00007536,
  0x00007537, 0x00007539, 0x0000753A, 0x0000753B, 0x0000753D, 0x0000753E, 0x00007740, 0x00007741, 0x00007742, 0x00007744,
  0x00007745, 0x00007747, 0x00007948, 0x0000794A, 0x0000794B, 0x0000794D, 0x0000794E, 0x00007950, 0x00007B51, 0x00007B53,
  0x00007B55, 0x00007B56, 0x00007D58, 0x00007D5A, 0x00007D5C, 0x00007D5E, 0x00007F60, 0x00007F62, 0x00007F64, 0x00008166,
  0x00008168, 0x0000816B, 0x0000836D, 0x00008370, 0x00008573, 0x00008576, 0x0000877A, 0x0000897F, 0x00008D8B, 0x00000000,
  0x00000000, 0x00000000, 0x00000000, 0x00000000, 0x00000000, 0x00000000, 0x00000000, 0x00000000, 0x00000000, 0x00000000,
  0x00000000, 0x00000000, 0x00000000, 0x00000000, 0x00000000, 0x00000000, 0x00000000, 0x00000000, 0x00000000, 0x00000000,
  0x00000000, 0x00000000, 0x00000000, 0x00000000, 0x00000000, 0x00000000, 0x00000000, 0x00000000, 0x00000000, 0x00000000,
  0x00000000, 0x00000000, 0x00000000, 0x00000000, 0x00000000, 0x00000000, 0x00000000, 0x00000000, 0x00000000, 0x00000000,
  0x00000000, 0x00000000, 0x00000000, 0x00000000, 0x00000000, 0x00000000, 0x00000000, 0x00000000, 0x00000000, 0x00000000,
  0x00000000, 0x00000000, 0x00000000, 0x00008A7F, 0x00008884, 0x00008888, 0x0000868C, 0x0000848F, 0x00008492, 0x00008494,
  0x00008297, 0x00008299, 0x0000809B, 0x0000809D, 0x0000809F, 0x00007EA1, 0x00007EA3, 0x00007EA5, 0x00007EA7, 0x00007CA8,
  0x00007CAA, 0x00007CAC, 0x00007CAD, 0x00007CAF, 0x00007AB1, 0x00007AB2, 0x00007AB4, 0x00007AB5, 0x00007AB7, 0x000078B8,
  0x000078B9, 0x000078BB, 0x000078BC, 0x000078BE, 0x000078BF, 0x000076C0, 0x000076C2, 0x000076C3, 0x000076C4, 0x000076C6,
  0x000076C7, 0x000076C8, 0x000074CA, 0x000074CB, 0x000074CC, 0x000074CD, 0x000074CF, 0x000074D0, 0x000074D1, 0x000074D2,
  0x000074D4, 0x000074D5, 0x000072D6, 0x000072D7, 0x000072D9, 0x000072DA, 0x000072DB, 0x000072DC, 0x000072DD, 0x000072DF,
  0x000072E0, 0x000072E1, 0x000072E2, 0x000072E3, 0x000072E4, 0x000072E6, 0x000070E7, 0x000070E8, 0x000070E9, 0x000070EA,
  0x000070EB, 0x000070ED, 0x000070EE, 0x000070EF, 0x000070F0, 0x000070F1, 0x000070F2, 0x000070F4, 0x000070F5, 0x000070F6,
  0x000070F7, 0x000070F8, 0x000070F9, 0x000070FA, 0x000070FC, 0x000070FD, 0x000070FE, 0x000070FF, 0x00007100, 0x00007101,
  0x00007102, 0x00007103, 0x00007105, 0x00007106, 0x00007107, 0x00007108, 0x00007109, 0x0000710A, 0x0000710B, 0x0000710D,
  0x0000710E, 0x0000710F, 0x00007110, 0x00007111, 0x00007112, 0x00007114, 0x00007115, 0x00007116, 0x00007117, 0x00007118,
  0x00007319, 0x0000731B, 0x0000731C, 0x0000731D, 0x0000731E, 0x0000731F, 0x00007320, 0x00007322, 0x00007323, 0x00007324,
  0x00007325, 0x00007326, 0x00007328, 0x00007329, 0x0000752A, 0x0000752B, 0x0000752D, 0x0000752E, 0x0000752F, 0x00007530,
  0x00007532, 0x00007533, 0x00007534, 0x00007535, 0x00007737, 0x00007738, 0x00007739, 0x0000773B, 0x0000773C, 0x0000773D,
  0x0000773F, 0x00007940, 0x00007941, 0x00007943, 0x00007944, 0x00007946, 0x00007947, 0x00007B48, 0x00007B4A, 0x00007B4B,
  0x00007B4D, 0x00007B4E, 0x00007D50, 0x00007D52, 0x00007D53, 0x00007D55, 0x00007D57, 0x00007F58, 0x00007F5A, 0x00007F5C,
  0x00007F5E, 0x00008160, 0x00008162, 0x00008164, 0x00008366, 0x00008368, 0x0000856B, 0x0000856D, 0x00008570, 0x00008773,
  0x00008977, 0x0000897B, 0x00008B80, 0x00000000, 0x00000000, 0x00000000, 0x00000000, 0x00000000, 0x00000000, 0x00000000,
  0x00000000, 0x00000000, 0x00000000, 0x00000000, 0x00000000, 0x00000000, 0x00000000, 0x00000000, 0x00000000, 0x00000000,
  0x00000000, 0x00000000, 0x00000000, 0x00000000, 0x00000000, 0x00000000, 0x00000000, 0x00000000, 0x00000000, 0x00000000,
  0x00000000, 0x00000000, 0x00000000, 0x00000000, 0x00000000, 0x00000000, 0x00000000, 0x00000000, 0x00000000, 0x00000000,
  0x00000000, 0x00000000, 0x00000000, 0x00000000, 0x00000000, 0x00000000, 0x00000000, 0x00000000, 0x00000000, 0x00000000,
  0x00000000, 0x00000000, 0x00000000, 0x00000000, 0x00000000, 0x00000000, 0x00008C7E, 0x00008A84, 0x00008A88, 0x0000888B,
  0x0000868F, 0x00008691, 0x00008694, 0x00008496, 0x00008499, 0x0000829B, 0x0000829D, 0x0000829F, 0x000080A1, 0x000080A3,
  0x000080A5, 0x000080A6, 0x00007EA8, 0x00007EAA, 0x00007EAB, 0x00007EAD, 0x00007EAF, 0x00007CB0, 0x00007CB2, 0x00007CB3,
  0x00007CB5, 0x00007CB6, 0x00007AB8, 0x00007AB9, 0x00007ABA, 0x00007ABC, 0x00007ABD, 0x00007ABF, 0x000078C0, 0x000078C1,
  0x000078C3, 0x000078C4, 0x000078C5, 0x000078C7, 0x000078C8, 0x000076C9, 0x000076CA, 0x000076CC, 0x000076CD, 0x000076CE,
  0x000076CF, 0x000076D1, 0x000076D2, 0x000076D3, 0x000076D4, 0x000074D6, 0x000074D7, 0x000074D8, 0x000074D9, 0x000074DA,
  0x000074DC, 0x000074DD, 0x000074DE, 0x000074DF, 0x000074E0, 0x000074E1, 0x000074E3, 0x000074E4, 0x000072E5, 0x000072E6,
  0x000072E7, 0x000072E8, 0x000072E9, 0x000072EB, 0x000072EC, 0x000072ED, 0x000072EE, 0x000072EF, 0x000072F0, 0x000072F1,
  0x000072F3, 0x000072F4, 0x000072F5, 0x000072F6, 0x000072F7, 0x000072F8, 0x000072F9, 0x000072FA, 0x000072FC, 0x000072FD,
  0x000072FE, 0x000072FF, 0x00007300, 0x00007301, 0x00007302, 0x00007303, 0x00007305, 0x00007306, 0x00007307, 0x00007308,
  0x00007309, 0x0000730A, 0x0000730B, 0x0000730C, 0x0000730E, 0x0000730F, 0x00007310, 0x00007311, 0x00007312, 0x00007313,
  0x00007314, 0x00007316, 0x00007317, 0x00007318, 0x00007319, 0x0000731A, 0x0000751B, 0x0000751C, 0x0000751E, 0x0000751F,
  0x00007520, 0x00007521, 0x00007522, 0x00007523, 0x00007525, 0x00007526, 0x00007527, 0x00007528, 0x00007529, 0x0000772B,
  0x0000772C, 0x0000772D, 0x0000772E, 0x00007730, 0x00007731, 0x00007732, 0x00007733, 0x00007735, 0x00007736, 0x00007937,
  0x00007938, 0x0000793A, 0x0000793B, 0x0000793C, 0x0000793E, 0x0000793F, 0x00007B40, 0x00007B42, 0x00007B43, 0x00007B45,
  0x00007B46, 0x00007B47, 0x00007D49, 0x00007D4A, 0x00007D4C, 0x00007D4D, 0x00007D4F, 0x00007F50, 0x00007F52, 0x00007F54,
  0x00007F55, 0x00007F57, 0x00008159, 0x0000815A, 0x0000815C, 0x0000815E, 0x00008360, 0x00008362, 0x00008364, 0x00008566,
  0x00008569, 0x0000876B, 0x0000876E, 0x00008770, 0x00008974, 0x00008B77, 0x00008B7B, 0x00008D81, 0x00000000, 0x00000000,
  0x00000000, 0x00000000, 0x00000000, 0x00000000, 0x00000000, 0x00000000, 0x00000000, 0x00000000, 0x00000000, 0x00000000,
  0x00000000, 0x00000000, 0x00000000, 0x00000000, 0x00000000, 0x00000000, 0x00000000, 0x00000000, 0x00000000, 0x00000000,
  0x00000000, 0x00000000, 0x00000000, 0x00000000, 0x00000000, 0x00000000, 0x00000000, 0x00000000, 0x00000000, 0x00000000,
  0x00000000, 0x00000000, 0x00000000, 0x00000000, 0x00000000, 0x00000000, 0x00000000, 0x00000000, 0x00000000, 0x00000000,
  0x00000000, 0x00000000, 0x00000000, 0x00000000, 0x00000000, 0x00000000, 0x00000000, 0x00000000, 0x00000000, 0x00008E7D,
  0x00008C83, 0x00008C87, 0x00008A8B, 0x0000888E, 0x00008891, 0x00008894, 0x00008696, 0x00008698, 0x0000849B, 0x0000849D,
  0x0000849F, 0x000082A1, 0x000082A2, 0x000082A4, 0x000082A6, 0x000080A8, 0x000080A9, 0x000080AB, 0x000080AD, 0x000080AE,
  0x00007EB0, 0x00007EB1, 0x00007EB3, 0x00007EB4, 0x00007EB6, 0x00007CB7, 0x00007CB9, 0x00007CBA, 0x00007CBB, 0x00007CBD,
  0x00007CBE, 0x00007AC0, 0x00007AC1, 0x00007AC2, 0x00007AC4, 0x00007AC5, 0x00007AC6, 0x00007AC7, 0x000078C9, 0x000078CA,
  0x000078CB, 0x000078CC, 0x000078CE, 0x000078CF, 0x000078D0, 0x000078D1, 0x000078D3, 0x000078D4, 0x000076D5, 0x000076D6,
  0x000076D7, 0x000076D8, 0x000076DA, 0x000076DB, 0x000076DC, 0x000076DD, 0x000076DE, 0x000076DF, 0x000076E1, 0x000076E2,
  0x000076E3, 0x000074E4, 0x000074E5, 0x000074E6, 0x000074E7, 0x000074E9, 0x000074EA, 0x000074EB, 0x000074EC, 0x000074ED,
  0x000074EE, 0x000074EF, 0x000074F0, 0x000074F2, 0x000074F3, 0x000074F4, 0x000074F5, 0x000074F6, 0x000074F7, 0x000074F8,
  0x000074F9, 0x000074FB, 0x000074FC, 0x000074FD, 0x000074FE, 0x000074FF, 0x00007500, 0x00007501, 0x00007502, 0x00007503,
  0x00007504, 0x00007506, 0x00007507, 0x00007508, 0x00007509, 0x0000750A, 0x0000750B, 0x0000750C, 0x0000750D, 0x0000750F,
  0x00007510, 0x00007511, 0x00007512, 0x00007513, 0x00007514, 0x00007515, 0x00007516, 0x00007518, 0x00007519, 0x0000751A,
  0x0000751B, 0x0000771C, 0x0000771D, 0x0000771E, 0x00007720, 0x00007721, 0x00007722, 0x00007723, 0x00007724, 0x00007725,
  0x00007727, 0x00007728, 0x00007729, 0x0000772A, 0x0000792B, 0x0000792C, 0x0000792E, 0x0000792F, 0x00007930, 0x00007931,
  0x00007933, 0x00007934, 0x00007935, 0x00007936, 0x00007B38, 0x00007B39, 0x00007B3A, 0x00007B3B, 0x00007B3D, 0x00007B3E,
  0x00007B3F, 0x00007D41, 0x00007D42, 0x00007D44, 0x00007D45, 0x00007D46, 0x00007D48, 0x00007F49, 0x00007F4B, 0x00007F4C,
  0x00007F4E, 0x00007F4F, 0x00008151, 0x00008152, 0x00008154, 0x00008156, 0x00008157, 0x00008359, 0x0000835B, 0x0000835D,
  0x0000835E, 0x00008560, 0x00008562, 0x00008564, 0x00008767, 0x00008769, 0x0000896B, 0x0000896E, 0x00008971, 0x00008B74,
  0x00008D78, 0x00008D7C, 0x00008F82, 0x00000000, 0x00000000, 0x00000000, 0x00000000, 0x00000000, 0x00000000, 0x00000000,
  0x00000000, 0x00000000, 0x00000000, 0x00000000, 0x00000000, 0x00000000, 0x00000000, 0x00000000, 0x00000000, 0x00000000,
  0x00000000, 0x00000000, 0x00000000, 0x00000000, 0x00000000, 0x00000000, 0x00000000, 0x00000000, 0x00000000, 0x00000000,
  0x00000000, 0x00000000, 0x00000000, 0x00000000, 0x00000000, 0x00000000, 0x00000000, 0x00000000, 0x00000000, 0x00000000,
  0x00000000, 0x00000000, 0x00000000, 0x00000000, 0x00000000, 0x00000000, 0x00000000, 0x00000000, 0x00000000, 0x00000000,
  0x00000000, 0x00000000, 0x0000927B, 0x00008E82, 0x00008E87, 0x00008C8B, 0x00008A8E, 0x00008A91, 0x00008A93, 0x00008896,
  0x00008898, 0x0000869A, 0x0000869C, 0x0000869E, 0x000084A0, 0x000084A2, 0x000084A4, 0x000084A6, 0x000082A7, 0x000082A9,
  0x000082AB, 0x000082AC, 0x000082AE, 0x000080AF, 0x000080B1, 0x000080B3, 0x000080B4, 0x000080B5, 0x00007EB7, 0x00007EB8,
  0x00007EBA, 0x00007EBB, 0x00007EBC, 0x00007EBE, 0x00007CBF, 0x00007CC0, 0x00007CC2, 0x00007CC3, 0x00007CC4, 0x00007CC6,
  0x00007CC7, 0x00007AC8, 0x00007AC9, 0x00007ACB, 0x00007ACC, 0x00007ACD, 0x00007ACE, 0x00007AD0, 0x00007AD1, 0x00007AD2,
  0x000078D3, 0x000078D4, 0x000078D5, 0x000078D7, 0x000078D8, 0x000078D9, 0x000078DA, 0x000078DB, 0x000078DC, 0x000078DE,
  0x000078DF, 0x000078E0, 0x000078E1, 0x000078E2, 0x000076E3, 0x000076E4, 0x000076E6, 0x000076E7, 0x000076E8, 0x000076E9,
  0x000076EA, 0x000076EB, 0x000076EC, 0x000076ED, 0x000076EE, 0x000076F0, 0x000076F1, 0x000076F2, 0x000076F3, 0x000076F4,
  0x000076F5, 0x000076F6, 0x000076F7, 0x000076F8, 0x000076F9, 0x000076FB, 0x000076FC, 0x000076FD, 0x000076FE, 0x000076FF,
  0x00007700, 0x00007701, 0x00007702, 0x00007703, 0x00007704, 0x00007706, 0x00007707, 0x00007708, 0x00007709, 0x0000770A,
  0x0000770B, 0x0000770C, 0x0000770D, 0x0000770E, 0x0000770F, 0x00007711, 0x00007712, 0x00007713, 0x00007714, 0x00007715,
  0x00007716, 0x00007717, 0x00007718, 0x00007719, 0x0000771B, 0x0000771C, 0x0000791D, 0x0000791E, 0x0000791F, 0x00007920,
  0x00007921, 0x00007923, 0x00007924, 0x00007925, 0x00007926, 0x00007927, 0x00007928, 0x0000792A, 0x0000792B, 0x0000792C,
  0x00007B2D, 0x00007B2E, 0x00007B2F, 0x00007B31, 0x00007B32, 0x00007B33, 0x00007B34, 0x00007B36, 0x00007B37, 0x00007D38,
  0x00007D39, 0x00007D3B, 0x00007D3C, 0x00007D3D, 0x00007D3F, 0x00007D40, 0x00007F41, 0x00007F43, 0x00007F44, 0x00007F45,
  0x00007F47, 0x00007F48, 0x0000814A, 0x0000814B, 0x0000814C, 0x0000814E, 0x00008150, 0x00008351, 0x00008353, 0x00008354,
  0x00008356, 0x00008358, 0x00008559, 0x0000855B, 0x0000855D, 0x0000855F, 0x00008761, 0x00008763, 0x00008765, 0x00008967,
  0x00008969, 0x00008B6C, 0x00008B6E, 0x00008B71, 0x00008D74, 0x00008F78, 0x00008F7D, 0x00009384, 0x00000000, 0x00000000,
  0x00000000, 0x00000000, 0x00000000, 0x00000000, 0x00000000, 0x00000000, 0x00000000, 0x00000000, 0x00000000, 0x00000000,
  0x00000000, 0x00000000, 0x00000000, 0x00000000, 0x00000000, 0x00000000, 0x00000000, 0x00000000, 0x00000000, 0x00000000,
  0x00000000, 0x00000000, 0x00000000, 0x00000000, 0x00000000, 0x00000000, 0x00000000, 0x00000000, 0x00000000, 0x00000000,
  0x00000000, 0x00000000, 0x00000000, 0x00000000, 0x00000000, 0x00000000, 0x00000000, 0x00000000, 0x00000000, 0x00000000,
  0x00000000, 0x00000000, 0x00000000, 0x00000000, 0x00000000, 0x00009479, 0x00009281, 0x00009086, 0x00008E8A, 0x00008E8D,
  0x00008C90, 0x00008C93, 0x00008A95, 0x00008A98, 0x0000889A, 0x0000889C, 0x0000889E, 0x000086A0, 0x000086A2, 0x000086A4,
  0x000086A5, 0x000084A7, 0x000084A9, 0x000084AA, 0x000084AC, 0x000084AE, 0x000082AF, 0x000082B1, 0x000082B2, 0x000082B4,
  0x000082B5, 0x000080B6, 0x000080B8, 0x000080B9, 0x000080BB, 0x000080BC, 0x000080BD, 0x00007EBF, 0x00007EC0, 0x00007EC1,
  0x00007EC3, 0x00007EC4, 0x00007EC5, 0x00007EC6, 0x00007CC8, 0x00007CC9, 0x00007CCA, 0x00007CCB, 0x00007CCD, 0x00007CCE,
  0x00007CCF, 0x00007CD0, 0x00007CD1, 0x00007AD2, 0x00007AD4, 0x00007AD5, 0x00007AD6, 0x00007AD7, 0x00007AD8, 0x00007AD9,
  0x00007ADB, 0x00007ADC, 0x00007ADD, 0x00007ADE, 0x00007ADF, 0x00007AE0, 0x000078E1, 0x000078E3, 0x000078E4, 0x000078E5,
  0x000078E6, 0x000078E7, 0x000078E8, 0x000078E9, 0x000078EA, 0x000078EB, 0x000078EC, 0x000078EE, 0x000078EF, 0x000078F0,
  0x000078F1, 0x000078F2, 0x000078F3, 0x000078F4, 0x000078F5, 0x000078F6, 0x000078F7, 0x000078F8, 0x000078FA, 0x000078FB,
  0x000078FC, 0x000078FD, 0x000078FE, 0x000078FF, 0x00007900, 0x00007901, 0x00007902, 0x00007903, 0x00007904, 0x00007905,
  0x00007907, 0x00007908, 0x00007909, 0x0000790A, 0x0000790B, 0x0000790C, 0x0000790D, 0x0000790E, 0x0000790F, 0x00007910,
  0x00007911, 0x00007913, 0x00007914, 0x00007915, 0x00007916, 0x00007917, 0x00007918, 0x00007919, 0x0000791A, 0x0000791B,
  0x0000791C, 0x0000791E, 0x00007B1F, 0x00007B20, 0x00007B21, 0x00007B22, 0x00007B23, 0x00007B24, 0x00007B26, 0x00007B27,
  0x00007B28, 0x00007B29, 0x00007B2A, 0x00007B2B, 0x00007B2D, 0x00007D2E, 0x00007D2F, 0x00007D30, 0x00007D31, 0x00007D32,
  0x00007D34, 0x00007D35, 0x00007D36, 0x00007D37, 0x00007F39, 0x00007F3A, 0x00007F3B, 0x00007F3C, 0x00007F3E, 0x00007F3F,
  0x00007F40, 0x00008142, 0x00008143, 0x00008144, 0x00008146, 0x00008147, 0x00008149, 0x0000834A, 0x0000834B, 0x0000834D,
  0x0000834E, 0x00008350, 0x00008551, 0x00008553, 0x00008555, 0x00008556, 0x00008558, 0x0000875A, 0x0000875B, 0x0000875D,
  0x0000875F, 0x00008961, 0x00008963, 0x00008965, 0x00008B67, 0x00008B6A, 0x00008D6C, 0x00008D6F, 0x00008F72, 0x00008F75,
  0x00009179, 0x0000937E, 0x00009586, 0x00000000, 0x00000000, 0x00000000, 0x00000000, 0x00000000, 0x00000000, 0x00000000,
  0x00000000, 0x00000000, 0x00000000, 0x00000000, 0x00000000, 0x00000000, 0x00000000, 0x00000000, 0x00000000, 0x00000000,
  0x00000000, 0x00000000, 0x00000000, 0x00000000, 0x00000000, 0x00000000, 0x00000000, 0x00000000, 0x00000000, 0x00000000,
  0x00000000, 0x00000000, 0x00000000, 0x00000000, 0x00000000, 0x00000000, 0x00000000, 0x00000000, 0x00000000, 0x00000000,
  0x00000000, 0x00000000, 0x00000000, 0x00000000, 0x00000000, 0x00000000, 0x00000000, 0x00000000, 0x00000000, 0x00009480,
  0x00009285, 0x00009089, 0x0000908D, 0x00008E90, 0x00008E92, 0x00008C95, 0x00008C97, 0x00008A99, 0x00008A9C, 0x00008A9E,
  0x000088A0, 0x000088A1, 0x000088A3, 0x000088A5, 0x000086A7, 0x000086A8, 0x000086AA, 0x000086AC, 0x000084AD, 0x000084AF,
  0x000084B0, 0x000084B2, 0x000084B3, 0x000084B5, 0x000082B6, 0x000082B7, 0x000082B9, 0x000082BA, 0x000082BC, 0x000082BD,
  0x000080BE, 0x000080BF, 0x000080C1, 0x000080C2, 0x000080C3, 0x000080C5, 0x000080C6, 0x00007EC7, 0x00007EC8, 0x00007ECA,
  0x00007ECB, 0x00007ECC, 0x00007ECD, 0x00007ECE, 0x00007ED0, 0x00007ED1, 0x00007CD2, 0x00007CD3, 0x00007CD4, 0x00007CD5,
  0x00007CD7, 0x00007CD8, 0x00007CD9, 0x00007CDA, 0x00007CDB, 0x00007CDC, 0x00007CDD, 0x00007CDE, 0x00007AE0, 0x00007AE1,
  0x00007AE2, 0x00007AE3, 0x00007AE4, 0x00007AE5, 0x00007AE6, 0x00007AE7, 0x00007AE8, 0x00007AE9, 0x00007AEB, 0x00007AEC,
  0x00007AED, 0x00007AEE, 0x00007AEF, 0x00007AF0, 0x00007AF1, 0x00007AF2, 0x00007AF3, 0x00007AF4, 0x00007AF5, 0x00007AF6,
  0x00007AF7, 0x00007AF9, 0x00007AFA, 0x00007AFB, 0x00007AFC, 0x00007AFD, 0x00007AFE, 0x00007AFF, 0x00007B00, 0x00007B01,
  0x00007B02, 0x00007B03, 0x00007B04, 0x00007B05, 0x00007B06, 0x00007B08, 0x00007B09, 0x00007B0A, 0x00007B0B, 0x00007B0C,
  0x00007B0D, 0x00007B0E, 0x00007B0F, 0x00007B10, 0x00007B11, 0x00007B12, 0x00007B13, 0x00007B14, 0x00007B16, 0x00007B17,
  0x00007B18, 0x00007B19, 0x00007B1A, 0x00007B1B, 0x00007B1C, 0x00007B1D, 0x00007B1E, 0x00007B1F, 0x00007D21, 0x00007D22,
  0x00007D23, 0x00007D24, 0x00007D25, 0x00007D26, 0x00007D27, 0x00007D28, 0x00007D2A, 0x00007D2B, 0x00007D2C, 0x00007D2D,
  0x00007F2E, 0x00007F2F, 0x00007F31, 0x00007F32, 0x00007F33, 0x00007F34, 0x00007F35, 0x00007F37, 0x00007F38, 0x00008139,
  0x0000813A, 0x0000813C, 0x0000813D, 0x0000813E, 0x00008140, 0x00008141, 0x00008342, 0x00008343, 0x00008345, 0x00008346,
  0x00008348, 0x00008349, 0x0000854A, 0x0000854C, 0x0000854D, 0x0000854F, 0x00008550, 0x00008552, 0x00008753, 0x00008755,
  0x00008757, 0x00008758, 0x0000895A, 0x0000895C, 0x0000895E, 0x0000895F, 0x00008B61, 0x00008B63, 0x00008B66, 0x00008D68,
  0x00008D6A, 0x00008F6D, 0x00008F6F, 0x00009172, 0x00009176, 0x0000937A, 0x0000957F, 0x00000000, 0x00000000, 0x00000000,
  0x00000000, 0x00000000, 0x00000000, 0x00000000, 0x00000000, 0x00000000, 0x00000000, 0x00000000, 0x00000000, 0x00000000,
  0x00000000, 0x00000000, 0x00000000, 0x00000000, 0x00000000, 0x00000000, 0x00000000, 0x00000000, 0x00000000, 0x00000000,
  0x00000000, 0x00000000, 0x00000000, 0x00000000, 0x00000000, 0x00000000, 0x00000000, 0x00000000, 0x00000000, 0x00000000,
  0x00000000, 0x00000000, 0x00000000, 0x00000000, 0x00000000, 0x00000000, 0x00000000, 0x00000000, 0x00000000, 0x00000000,
  0x00000000, 0x00000000, 0x0000967E, 0x00009484, 0x00009288, 0x0000928C, 0x0000908F, 0x00009092, 0x00008E94, 0x00008E97,
  0x00008C99, 0x00008C9B, 0x00008C9D, 0x00008A9F, 0x00008AA1, 0x00008AA3, 0x00008AA5, 0x000088A6, 0x000088A8, 0x000088AA,
  0x000088AB, 0x000086AD, 0x000086AE, 0x000086B0, 0x000086B1, 0x000086B3, 0x000084B4, 0x000084B6, 0x000084B7, 0x000084B8,
  0x000084BA, 0x000084BB, 0x000082BC, 0x000082BE, 0x000082BF, 0x000082C0, 0x000082C2, 0x000082C3, 0x000082C4, 0x000082C5,
  0x000080C7, 0x000080C8, 0x000080C9, 0x000080CA, 0x000080CB, 0x000080CD, 0x000080CE, 0x000080CF, 0x000080D0, 0x00007ED1,
  0x00007ED2, 0x00007ED4, 0x00007ED5, 0x00007ED6, 0x00007ED7, 0x00007ED8, 0x00007ED9, 0x00007EDA, 0x00007EDC, 0x00007EDD,
  0x00007EDE, 0x00007CDF, 0x00007CE0, 0x00007CE1, 0x00007CE2, 0x00007CE3, 0x00007CE4, 0x00007CE5, 0x00007CE6, 0x00007CE8,
  0x00007CE9, 0x00007CEA, 0x00007CEB, 0x00007CEC, 0x00007CED, 0x00007CEE, 0x00007CEF, 0x00007CF0, 0x00007CF1, 0x00007CF2,
  0x00007CF3, 0x00007CF4, 0x00007CF5, 0x00007CF7, 0x00007CF8, 0x00007CF9, 0x00007CFA, 0x00007AFB, 0x00007AFC, 0x00007AFD,
  0x00007AFE, 0x00007AFF, 0x00007B00, 0x00007B01, 0x00007B02, 0x00007B03, 0x00007B04, 0x00007D05, 0x00007D06, 0x00007D07,
  0x00007D08, 0x00007D0A, 0x00007D0B, 0x00007D0C, 0x00007D0D, 0x00007D0E, 0x00007D0F, 0x00007D10, 0x00007D11, 0x00007D12,
  0x00007D13, 0x00007D14, 0x00007D15, 0x00007D16, 0x00007D17, 0x00007D19, 0x00007D1A, 0x00007D1B, 0x00007D1C, 0x00007D1D,
  0x00007D1E, 0x00007D1F, 0x00007D20, 0x00007F21, 0x00007F22, 0x00007F23, 0x00007F25, 0x00007F26, 0x00007F27, 0x00007F28,
  0x00007F29, 0x00007F2A, 0x00007F2B, 0x00007F2D, 0x00007F2E, 0x0000812F, 0x00008130, 0x00008131, 0x00008132, 0x00008134,
  0x00008135, 0x00008136, 0x00008137, 0x00008138, 0x0000833A, 0x0000833B, 0x0000833C, 0x0000833D, 0x0000833F, 0x00008340,
  0x00008341, 0x00008343, 0x00008544, 0x00008545, 0x00008547, 0x00008548, 0x00008549, 0x0000854B, 0x0000874C, 0x0000874E,
  0x0000874F, 0x00008751, 0x00008752, 0x00008954, 0x00008955, 0x00008957, 0x00008959, 0x00008B5A, 0x00008B5C, 0x00008B5E,
  0x00008B60, 0x00008D62, 0x00008D64, 0x00008D66, 0x00008F68, 0x00008F6B, 0x0000916D, 0x00009170, 0x00009373, 0x00009377,
  0x0000957B, 0x00009781, 0x00000000, 0x00000000, 0x00000000, 0x00000000, 0x00000000, 0x00000000, 0x00000000, 0x00000000,
  0x00000000, 0x00000000, 0x00000000, 0x00000000, 0x00000000, 0x00000000, 0x00000000, 0x00000000, 0x00000000, 0x00000000,
  0x00000000, 0x00000000, 0x00000000, 0x00000000, 0x00000000, 0x00000000, 0x00000000, 0x00000000, 0x00000000, 0x00000000,
  0x00000000, 0x00000000, 0x00000000, 0x00000000, 0x00000000, 0x00000000, 0x00000000, 0x00000000, 0x00000000, 0x00000000,
  0x00000000, 0x00000000, 0x00000000, 0x00000000, 0x00000000, 0x0000987C, 0x00009683, 0x00009488, 0x0000948B, 0x0000928E,
  0x00009291, 0x00009094, 0x00009096, 0x00008E98, 0x00008E9B, 0x00008E9D, 0x00008C9F, 0x00008CA1, 0x00008CA2, 0x00008CA4,
  0x00008AA6, 0x00008AA8, 0x00008AA9, 0x00008AAB, 0x000088AC, 0x000088AE, 0x000088AF, 0x000088B1, 0x000088B2, 0x000086B4,
  0x000086B5, 0x000086B7, 0x000086B8, 0x000086B9, 0x000086BB, 0x000084BC, 0x000084BD, 0x000084BE, 0x000084C0, 0x000084C1,
  0x000084C2, 0x000084C4, 0x000082C5, 0x000082C6, 0x000082C7, 0x000082C8, 0x000082CA, 0x000082CB, 0x000082CC, 0x000082CD,
  0x000082CE, 0x000080D0, 0x000080D1, 0x000080D2, 0x000080D3, 0x000080D4, 0x000080D5, 0x000080D6, 0x000080D7, 0x000080D9,
  0x000080DA, 0x000080DB, 0x000080DC, 0x00007EDD, 0x00007EDE, 0x00007EDF, 0x00007EE0, 0x00007EE1, 0x00007EE2, 0x00007EE4,
  0x00007EE5, 0x00007EE6, 0x00007EE7, 0x00007EE8, 0x00007EE9, 0x00007EEA, 0x00007EEB, 0x00007EEC, 0x00007EED, 0x00007EEE,
  0x00007EEF, 0x00007EF0, 0x00007EF1, 0x00007EF2, 0x00007EF3, 0x00007CF5, 0x00007CF6, 0x00007CF7, 0x00007CF8, 0x00007CF9,
  0x00007CFA, 0x00007CFB, 0x00007CFC, 0x00007CFD, 0x00007CFE, 0x00007CFF, 0x00007D00, 0x00007D01, 0x00007D02, 0x00007D03,
  0x00007D04, 0x00007D05, 0x00007D06, 0x00007D07, 0x00007D08, 0x00007D09, 0x00007D0A, 0x00007F0C, 0x00007F0D, 0x00007F0E,
  0x00007F0F, 0x00007F10, 0x00007F11, 0x00007F12, 0x00007F13, 0x00007F14, 0x00007F15, 0x00007F16, 0x00007F17, 0x00007F18,
  0x00007F19, 0x00007F1A, 0x00007F1B, 0x00007F1D, 0x00007F1E, 0x00007F1F, 0x00007F20, 0x00007F21, 0x00007F22, 0x00008123,
  0x00008124, 0x00008125, 0x00008126, 0x00008128, 0x00008129, 0x0000812A, 0x0000812B, 0x0000812C, 0x0000812D, 0x0000812E,
  0x0000812F, 0x00008331, 0x00008332, 0x00008333, 0x00008334, 0x00008335, 0x00008337, 0x00008338, 0x00008339, 0x0000833A,
  0x0000853B, 0x0000853D, 0x0000853E, 0x0000853F, 0x00008541, 0x00008542, 0x00008543, 0x00008744, 0x00008746, 0x00008747,
  0x00008748, 0x0000874A, 0x0000874B, 0x0000894D, 0x0000894E, 0x00008950, 0x00008951, 0x00008953, 0x00008B54, 0x00008B56,
  0x00008B57, 0x00008B59, 0x00008D5B, 0x00008D5D, 0x00008D5E, 0x00008D60, 0x00008F62, 0x00008F64, 0x00008F67, 0x00009169,
  0x0000916B, 0x0000936E, 0x00009371, 0x00009574, 0x00009577, 0x0000977C, 0x00009983, 0x00000000, 0x00000000, 0x00000000,
  0x00000000, 0x00000000, 0x00000000, 0x00000000, 0x00000000, 0x00000000, 0x00000000, 0x00000000, 0x00000000, 0x00000000,
  0x00000000, 0x00000000, 0x00000000, 0x00000000, 0x00000000, 0x00000000, 0x00000000, 0x00000000, 0x00000000, 0x00000000,
  0x00000000, 0x00000000, 0x00000000, 0x00000000, 0x00000000, 0x00000000, 0x00000000, 0x00000000, 0x00000000, 0x00000000,
  0x00000000, 0x00000000, 0x00000000, 0x00000000, 0x00000000, 0x00000000, 0x00000000, 0x00000000, 0x00009C79, 0x00009882,
  0x00009687, 0x0000968A, 0x0000948E, 0x00009491, 0x00009293, 0x00009296, 0x00009098, 0x0000909A, 0x0000909C, 0x00008E9E,
  0x00008EA0, 0x00008EA2, 0x00008EA4, 0x00008CA5, 0x00008CA7, 0x00008CA9, 0x00008CAA, 0x00008AAC, 0x00008AAD, 0x00008AAF,
  0x00008AB0, 0x00008AB2, 0x000088B3, 0x000088B5, 0x000088B6, 0x000088B7, 0x000088B9, 0x000088BA, 0x000086BB, 0x000086BD,
  0x000086BE, 0x000086BF, 0x000086C1, 0x000086C2, 0x000086C3, 0x000084C4, 0x000084C5, 0x000084C7, 0x000084C8, 0x000084C9,
  0x000084CA, 0x000084CB, 0x000084CD, 0x000084CE, 0x000082CF, 0x000082D0, 0x000082D1, 0x000082D2, 0x000082D3, 0x000082D5,
  0x000082D6, 0x000082D7, 0x000082D8, 0x000082D9, 0x000082DA, 0x000080DB, 0x000080DC, 0x000080DD, 0x000080DE, 0x000080E0,
  0x000080E1, 0x000080E2, 0x000080E3, 0x000080E4, 0x000080E5, 0x000080E6, 0x000080E7, 0x000080E8, 0x000080E9, 0x000080EA,
  0x000080EB, 0x000080EC, 0x000080ED, 0x000080EE, 0x000080EF, 0x00007EF0, 0x00007EF2, 0x00007EF3, 0x00007EF4, 0x00007EF5,
  0x00007EF6, 0x00007EF7, 0x00007EF8, 0x00007EF9, 0x00007EFA, 0x00007EFB, 0x00007EFC, 0x00007EFD, 0x00007EFE, 0x00007EFF,
  0x00007F00, 0x00007F01, 0x00007F02, 0x00007F03, 0x00007F04, 0x00007F05, 0x00007F06, 0x00007F07, 0x00007F08, 0x00007F09,
  0x00007F0A, 0x00007F0B, 0x00007F0C, 0x00007F0D, 0x00007F0F, 0x00008110, 0x00008111, 0x00008112, 0x00008113, 0x00008114,
  0x00008115, 0x00008116, 0x00008117, 0x00008118, 0x00008119, 0x0000811A, 0x0000811B, 0x0000811C, 0x0000811D, 0x0000811E,
  0x0000811F, 0x00008121, 0x00008122, 0x00008123, 0x00008124, 0x00008325, 0x00008326, 0x00008327, 0x00008328, 0x00008329,
  0x0000832A, 0x0000832C, 0x0000832D, 0x0000832E, 0x0000832F, 0x00008330, 0x00008531, 0x00008532, 0x00008534, 0x00008535,
  0x00008536, 0x00008537, 0x00008538, 0x0000853A, 0x0000853B, 0x0000873C, 0x0000873D, 0x0000873E, 0x00008740, 0x00008741,
  0x00008742, 0x00008744, 0x00008945, 0x00008946, 0x00008948, 0x00008949, 0x0000894A, 0x0000894C, 0x00008B4D, 0x00008B4F,
  0x00008B50, 0x00008B52, 0x00008B53, 0x00008D55, 0x00008D56, 0x00008D58, 0x00008D5A, 0x00008F5B, 0x00008F5D, 0x00008F5F,
  0x00008F61, 0x00009163, 0x00009165, 0x00009167, 0x00009369, 0x0000936C, 0x0000956E, 0x00009571, 0x00009775, 0x00009778,
  0x0000997D, 0x00009D86, 0x00000000, 0x00000000, 0x00000000, 0x00000000, 0x00000000, 0x00000000, 0x00000000, 0x00000000,
  0x00000000, 0x00000000, 0x00000000, 0x00000000, 0x00000000, 0x00000000, 0x00000000, 0x00000000, 0x00000000, 0x00000000,
  0x00000000, 0x00000000, 0x00000000, 0x00000000, 0x00000000, 0x00000000, 0x00000000, 0x00000000, 0x00000000, 0x00000000,
  0x00000000, 0x00000000, 0x00000000, 0x00000000, 0x00000000, 0x00000000, 0x00000000, 0x00000000, 0x00000000, 0x00000000,
  0x00000000, 0x00000000, 0x00009A80, 0x00009885, 0x00009889, 0x0000968D, 0x00009690, 0x00009493, 0x00009495, 0x00009297,
  0x0000929A, 0x0000929C, 0x0000909E, 0x000090A0, 0x000090A1, 0x000090A3, 0x00008EA5, 0x00008EA7, 0x00008EA8, 0x00008EAA,
  0x00008CAB, 0x00008CAD, 0x00008CAE, 0x00008CB0, 0x00008CB1, 0x00008AB3, 0x00008AB4, 0x00008AB6, 0x00008AB7, 0x00008AB8,
  0x00008ABA, 0x000088BB, 0x000088BC, 0x000088BD, 0x000088BF, 0x000088C0, 0x000088C1, 0x000088C2, 0x000086C4, 0x000086C5,
  0x000086C6, 0x000086C7, 0x000086C9, 0x000086CA, 0x000086CB, 0x000086CC, 0x000084CD, 0x000084CE, 0x000084CF, 0x000084D1,
  0x000084D2, 0x000084D3, 0x000084D4, 0x000084D5, 0x000084D6, 0x000084D7, 0x000084D8, 0x000082D9, 0x000082DB, 0x000082DC,
  0x000082DD, 0x000082DE, 0x000082DF, 0x000082E0, 0x000082E1, 0x000082E2, 0x000082E3, 0x000082E4, 0x000082E5, 0x000082E6,
  0x000082E7, 0x000082E8, 0x000082E9, 0x000082EA, 0x000082EB, 0x000080ED, 0x000080EE, 0x000080EF, 0x000080F0, 0x000080F1,
  0x000080F2, 0x000080F3, 0x000080F4, 0x000080F5, 0x000080F6, 0x000080F7, 0x000080F8, 0x000080F9, 0x000080FA, 0x000080FB,
  0x000080FC, 0x000080FD, 0x000080FE, 0x000080FF, 0x00008100, 0x00008101, 0x00008102, 0x00008103, 0x00008104, 0x00008105,
  0x00008106, 0x00008107, 0x00008108, 0x00008109, 0x0000810A, 0x0000810B, 0x0000810C, 0x0000810D, 0x0000810E, 0x0000810F,
  0x00008110, 0x00008111, 0x00008112, 0x00008314, 0x00008315, 0x00008316, 0x00008317, 0x00008318, 0x00008319, 0x0000831A,
  0x0000831B, 0x0000831C, 0x0000831D, 0x0000831E, 0x0000831F, 0x00008320, 0x00008321, 0x00008322, 0x00008323, 0x00008324,
  0x00008326, 0x00008527, 0x00008528, 0x00008529, 0x0000852A, 0x0000852B, 0x0000852C, 0x0000852D, 0x0000852E, 0x00008530,
  0x00008531, 0x00008532, 0x00008733, 0x00008734, 0x00008735, 0x00008736, 0x00008738, 0x00008739, 0x0000873A, 0x0000873B,
  0x0000893D, 0x0000893E, 0x0000893F, 0x00008940, 0x00008942, 0x00008943, 0x00008944, 0x00008B45, 0x00008B47, 0x00008B48,
  0x00008B49, 0x00008B4B, 0x00008B4C, 0x00008D4E, 0x00008D4F, 0x00008D51, 0x00008D52, 0x00008D54, 0x00008F55, 0x00008F57,
  0x00008F58, 0x00008F5A, 0x0000915C, 0x0000915E, 0x0000915F, 0x00009161, 0x00009363, 0x00009365, 0x00009368, 0x0000956A,
  0x0000956C, 0x0000976F, 0x00009772, 0x00009976, 0x0000997A, 0x00009B7F, 0x00000000, 0x00000000, 0x00000000, 0x00000000,
  0x00000000, 0x00000000, 0x00000000, 0x00000000, 0x00000000, 0x00000000, 0x00000000, 0x00000000, 0x00000000, 0x00000000,
  0x00000000, 0x00000000, 0x00000000, 0x00000000, 0x00000000, 0x00000000, 0x00000000, 0x00000000, 0x00000000, 0x00000000,
  0x00000000, 0x00000000, 0x00000000, 0x00000000, 0x00000000, 0x00000000, 0x00000000, 0x00000000, 0x00000000, 0x00000000,
  0x00000000, 0x00000000, 0x00000000, 0x00000000, 0x00000000, 0x00009E7E, 0x00009C84, 0x00009A88, 0x0000988C, 0x0000988F,
  0x00009692, 0x00009694, 0x00009497, 0x00009499, 0x0000949B, 0x0000929D, 0x0000929F, 0x000092A1, 0x000092A3, 0x000090A4,
  0x000090A6, 0x000090A8, 0x000090A9, 0x00008EAB, 0x00008EAC, 0x00008EAE, 0x00008EAF, 0x00008EB1, 0x00008CB2, 0x00008CB4,
  0x00008CB5, 0x00008CB6, 0x00008CB8, 0x00008AB9, 0x00008ABA, 0x00008ABC, 0x00008ABD, 0x00008ABE, 0x00008ABF, 0x00008AC1,
  0x000088C2, 0x000088C3, 0x000088C4, 0x000088C6, 0x000088C7, 0x000088C8, 0x000088C9, 0x000088CA, 0x000088CB, 0x000086CD,
  0x000086CE, 0x000086CF, 0x000086D0, 0x000086D1, 0x000086D2, 0x000086D3, 0x000086D4, 0x000086D6, 0x000086D7, 0x000084D8,
  0x000084D9, 0x000084DA, 0x000084DB, 0x000084DC, 0x000084DD, 0x000084DE, 0x000084DF, 0x000084E0, 0x000084E1, 0x000084E2,
  0x000084E3, 0x000084E4, 0x000084E5, 0x000084E7, 0x000084E8, 0x000084E9, 0x000082EA, 0x000082EB, 0x000082EC, 0x000082ED,
  0x000082EE, 0x000082EF, 0x000082F0, 0x000082F1, 0x000082F2, 0x000082F3, 0x000082F4, 0x000082F5, 0x000082F6, 0x000082F7,
  0x000082F8, 0x000082F9, 0x000082FA, 0x000082FB, 0x000082FC, 0x000082FD, 0x000082FE, 0x000082FF, 0x00008300, 0x00008301,
  0x00008302, 0x00008303, 0x00008304, 0x00008305, 0x00008306, 0x00008307, 0x00008308, 0x00008309, 0x0000830A, 0x0000830B,
  0x0000830C, 0x0000830D, 0x0000830E, 0x0000830F, 0x00008310, 0x00008311, 0x00008312, 0x00008313, 0x00008314, 0x00008315,
  0x00008516, 0x00008517, 0x00008518, 0x0000851A, 0x0000851B, 0x0000851C, 0x0000851D, 0x0000851E, 0x0000851F, 0x00008520,
  0x00008521, 0x00008522, 0x00008523, 0x00008524, 0x00008525, 0x00008526, 0x00008527, 0x00008728, 0x00008729, 0x0000872B,
  0x0000872C, 0x0000872D, 0x0000872E, 0x0000872F, 0x00008730, 0x00008731, 0x00008732, 0x00008934, 0x00008935, 0x00008936,
  0x00008937, 0x00008938, 0x00008939, 0x0000893B, 0x0000893C, 0x0000893D, 0x00008B3E, 0x00008B40, 0x00008B41, 0x00008B42,
  0x00008B43, 0x00008B45, 0x00008B46, 0x00008D47, 0x00008D49, 0x00008D4A, 0x00008D4B, 0x00008D4D, 0x00008F4E, 0x00008F50,
  0x00008F51, 0x00008F53, 0x00008F54, 0x00009156, 0x00009157, 0x00009159, 0x0000915B, 0x0000935C, 0x0000935E, 0x00009360,
  0x00009362, 0x00009564, 0x00009566, 0x00009568, 0x0000976B, 0x0000976D, 0x00009970, 0x00009973, 0x00009B77, 0x00009D7B,
  0x00009F81, 0x00000000, 0x00000000, 0x00000000, 0x00000000, 0x00000000, 0x00000000, 0x00000000, 0x00000000, 0x00000000,
  0x00000000, 0x00000000, 0x00000000, 0x00000000, 0x00000000, 0x00000000, 0x00000000, 0x00000000, 0x00000000, 0x00000000,
  0x00000000, 0x00000000, 0x00000000, 0x00000000, 0x00000000, 0x00000000, 0x00000000, 0x00000000, 0x00000000, 0x00000000,
  0x00000000, 0x00000000, 0x00000000, 0x00000000, 0x00000000, 0x00000000, 0x00000000, 0x00000000, 0x0000A07A, 0x00009E83,
  0x00009C87, 0x00009A8B, 0x00009A8E, 0x00009891, 0x00009894, 0x00009696, 0x00009698, 0x0000969A, 0x0000949C, 0x0000949E,
  0x000094A0, 0x000094A2, 0x000092A4, 0x000092A6, 0x000092A7, 0x000092A9, 0x000090AA, 0x000090AC, 0x000090AD, 0x000090AF,
  0x00008EB0, 0x00008EB2, 0x00008EB3, 0x00008EB5, 0x00008EB6, 0x00008EB7, 0x00008CB9, 0x00008CBA, 0x00008CBB, 0x00008CBC,
  0x00008CBE, 0x00008CBF, 0x00008CC0, 0x00008AC1, 0x00008AC3, 0x00008AC4, 0x00008AC5, 0x00008AC6, 0x00008AC7, 0x00008AC9,
  0x00008ACA, 0x000088CB, 0x000088CC, 0x000088CD, 0x000088CE, 0x000088CF, 0x000088D0, 0x000088D2, 0x000088D3, 0x000088D4,
  0x000088D5, 0x000086D6, 0x000086D7, 0x000086D8, 0x000086D9, 0x000086DA, 0x000086DB, 0x000086DC, 0x000086DD, 0x000086DE,
  0x000086E0, 0x000086E1, 0x000086E2, 0x000086E3, 0x000086E4, 0x000086E5, 0x000086E6, 0x000084E7, 0x000084E8, 0x000084E9,
  0x000084EA, 0x000084EB, 0x000084EC, 0x000084ED, 0x000084EE, 0x000084EF, 0x000084F0, 0x000084F1, 0x000084F2, 0x000084F3,
  0x000084F4, 0x000084F5, 0x000084F6, 0x000084F7, 0x000084F8, 0x000084F9, 0x000084FA, 0x000084FB, 0x000084FC, 0x000084FD,
  0x000084FE, 0x000084FF, 0x00008500, 0x00008501, 0x00008502, 0x00008503, 0x00008504, 0x00008505, 0x00008506, 0x00008507,
  0x00008508, 0x00008509, 0x0000850A, 0x0000850B, 0x0000850C, 0x0000850D, 0x0000850E, 0x0000850F, 0x00008510, 0x00008511,
  0x00008512, 0x00008513, 0x00008514, 0x00008515, 0x00008516, 0x00008517, 0x00008518, 0x00008719, 0x0000871A, 0x0000871B,
  0x0000871C, 0x0000871D, 0x0000871E, 0x0000871F, 0x00008721, 0x00008722, 0x00008723, 0x00008724, 0x00008725, 0x00008726,
  0x00008727, 0x00008728, 0x00008729, 0x0000892A, 0x0000892B, 0x0000892C, 0x0000892D, 0x0000892F, 0x00008930, 0x00008931,
  0x00008932, 0x00008933, 0x00008934, 0x00008B35, 0x00008B36, 0x00008B38, 0x00008B39, 0x00008B3A, 0x00008B3B, 0x00008B3C,
  0x00008B3E, 0x00008D3F, 0x00008D40, 0x00008D41, 0x00008D43, 0x00008D44, 0x00008D45, 0x00008D46, 0x00008F48, 0x00008F49,
  0x00008F4A, 0x00008F4C, 0x00008F4D, 0x00008F4F, 0x00009150, 0x00009152, 0x00009153, 0x00009155, 0x00009356, 0x00009358,
  0x00009359, 0x0000935B, 0x0000955D, 0x0000955F, 0x00009561, 0x00009563, 0x00009765, 0x00009767, 0x00009769, 0x0000996B,
  0x0000996E, 0x00009B71, 0x00009B74, 0x00009D78, 0x00009F7C, 0x0000A185, 0x00000000, 0x00000000, 0x00000000, 0x00000000,
  0x00000000, 0x00000000, 0x00000000, 0x00000000, 0x00000000, 0x00000000, 0x00000000, 0x00000000, 0x00000000, 0x00000000,
  0x00000000, 0x00000000, 0x00000000, 0x00000000, 0x00000000, 0x00000000, 0x00000000, 0x00000000, 0x00000000, 0x00000000,
  0x00000000, 0x00000000, 0x00000000, 0x00000000, 0x00000000, 0x00000000, 0x00000000, 0x00000000, 0x00000000, 0x00000000,
  0x00000000, 0x00000000, 0x0000A081, 0x00009E86, 0x00009C8A, 0x00009C8D, 0x00009A90, 0x00009A93, 0x00009895, 0x00009898,
  0x0000989A, 0x0000969C, 0x0000969E, 0x000096A0, 0x000096A1, 0x000094A3, 0x000094A5, 0x000094A7, 0x000094A8, 0x000092AA,
  0x000092AB, 0x000092AD, 0x000092AE, 0x000090B0, 0x000090B1, 0x000090B3, 0x000090B4, 0x000090B5, 0x000090B7, 0x00008EB8,
  0x00008EB9, 0x00008EBB, 0x00008EBC, 0x00008EBD, 0x00008EBE, 0x00008CC0, 0x00008CC1, 0x00008CC2, 0x00008CC3, 0x00008CC4,
  0x00008CC6, 0x00008CC7, 0x00008CC8, 0x00008AC9, 0x00008ACA, 0x00008ACB, 0x00008ACD, 0x00008ACE, 0x00008ACF, 0x00008AD0,
  0x00008AD1, 0x00008AD2, 0x00008AD3, 0x00008AD4, 0x000088D5, 0x000088D6, 0x000088D7, 0x000088D9, 0x000088DA, 0x000088DB,
  0x000088DC, 0x000088DD, 0x000088DE, 0x000088DF, 0x000088E0, 0x000088E1, 0x000088E2, 0x000088E3, 0x000086E4, 0x000086E5,
  0x000086E6, 0x000086E7, 0x000086E8, 0x000086E9, 0x000086EA, 0x000086EB, 0x000086EC, 0x000086ED, 0x000086EE, 0x000086EF,
  0x000086F0, 0x000086F1, 0x000086F2, 0x000086F3, 0x000086F4, 0x000086F5, 0x000086F6, 0x000086F7, 0x000086F8, 0x000086F9,
  0x000086FA, 0x000086FB, 0x000086FC, 0x000086FD, 0x000086FE, 0x000086FF, 0x00008700, 0x00008701, 0x00008702, 0x00008703,
  0x00008704, 0x00008705, 0x00008706, 0x00008707, 0x00008708, 0x00008709, 0x0000870A, 0x0000870B, 0x0000870C, 0x0000870D,
  0x0000870E, 0x0000870F, 0x00008710, 0x00008711, 0x00008712, 0x00008713, 0x00008714, 0x00008715, 0x00008716, 0x00008717,
  0x00008718, 0x00008719, 0x0000871A, 0x0000871B, 0x0000891C, 0x0000891D, 0x0000891E, 0x0000891F, 0x00008920, 0x00008921,
  0x00008922, 0x00008923, 0x00008924, 0x00008925, 0x00008926, 0x00008928, 0x00008929, 0x0000892A, 0x00008B2B, 0x00008B2C,
  0x00008B2D, 0x00008B2E, 0x00008B2F, 0x00008B30, 0x00008B31, 0x00008B32, 0x00008B34, 0x00008B35, 0x00008B36, 0x00008D37,
  0x00008D38, 0x00008D39, 0x00008D3B, 0x00008D3C, 0x00008D3D, 0x00008D3E, 0x00008D3F, 0x00008F41, 0x00008F42, 0x00008F43,
  0x00008F44, 0x00008F46, 0x00008F47, 0x00009148, 0x0000914A, 0x0000914B, 0x0000914C, 0x0000914E, 0x0000914F, 0x00009351,
  0x00009352, 0x00009354, 0x00009355, 0x00009557, 0x00009558, 0x0000955A, 0x0000955C, 0x0000975E, 0x0000975F, 0x00009761,
  0x00009763, 0x00009965, 0x00009967, 0x0000996A, 0x00009B6C, 0x00009B6F, 0x00009D72, 0x00009D75, 0x00009F79, 0x0000A17E,
  0x00000000, 0x00000000, 0x00000000, 0x00000000, 0x00000000, 0x00000000, 0x00000000, 0x00000000, 0x00000000, 0x00000000,
  0x00000000, 0x00000000, 0x00000000, 0x00000000, 0x00000000, 0x00000000, 0x00000000, 0x00000000, 0x00000000, 0x00000000,
  0x00000000, 0x00000000, 0x00000000, 0x00000000, 0x00000000, 0x00000000, 0x00000000, 0x00000000, 0x00000000, 0x00000000,
  0x00000000, 0x00000000, 0x00000000, 0x00000000, 0x00000000, 0x0000A27E, 0x0000A084, 0x00009E89, 0x00009E8C, 0x00009C8F,
  0x00009C92, 0x00009A95, 0x00009A97, 0x00009A99, 0x0000989B, 0x0000989D, 0x0000989F, 0x000096A1, 0x000096A3, 0x000096A4,
  0x000096A6, 0x000094A8, 0x000094A9, 0x000094AB, 0x000094AC, 0x000094AE, 0x000092AF, 0x000092B1, 0x000092B2, 0x000092B3,
  0x000092B5, 0x000090B6, 0x000090B7, 0x000090B9, 0x000090BA, 0x000090BB, 0x000090BD, 0x000090BE, 0x00008EBF, 0x00008EC0,
  0x00008EC1, 0x00008EC3, 0x00008EC4, 0x00008EC5, 0x00008EC6, 0x00008EC7, 0x00008CC8, 0x00008CCA, 0x00008CCB, 0x00008CCC,
  0x00008CCD, 0x00008CCE, 0x00008CCF, 0x00008CD0, 0x00008CD1, 0x00008CD2, 0x00008AD4, 0x00008AD5, 0x00008AD6, 0x00008AD7,
  0x00008AD8, 0x00008AD9, 0x00008ADA, 0x00008ADB, 0x00008ADC, 0x00008ADD, 0x00008ADE, 0x00008ADF, 0x00008AE0, 0x000088E1,
  0x000088E2, 0x000088E3, 0x000088E4, 0x000088E5, 0x000088E6, 0x000088E7, 0x000088E8, 0x000088E9, 0x000088EA, 0x000088EB,
  0x000088EC, 0x000088ED, 0x000088EE, 0x000088EF, 0x000088F0, 0x000088F1, 0x000088F2, 0x000088F3, 0x000088F4, 0x000088F5,
  0x000088F6, 0x000088F7, 0x000088F8, 0x000088F9, 0x000088FA, 0x000088FB, 0x000088FC, 0x000088FD, 0x000088FE, 0x000088FF,
  0x00008900, 0x00008901, 0x00008902, 0x00008903, 0x00008904, 0x00008905, 0x00008906, 0x00008907, 0x00008908, 0x00008909,
  0x0000890A, 0x0000890B, 0x0000890C, 0x0000890D, 0x0000890E, 0x0000890F, 0x00008910, 0x00008911, 0x00008912, 0x00008913,
  0x00008914, 0x00008915, 0x00008916, 0x00008917, 0x00008918, 0x00008919, 0x0000891A, 0x0000891B, 0x0000891C, 0x0000891D,
  0x0000891E, 0x00008B1F, 0x00008B20, 0x00008B21, 0x00008B22, 0x00008B23, 0x00008B24, 0x00008B25, 0x00008B26, 0x00008B27,
  0x00008B28, 0x00008B29, 0x00008B2A, 0x00008B2B, 0x00008D2D, 0x00008D2E, 0x00008D2F, 0x00008D30, 0x00008D31, 0x00008D32,
  0x00008D33, 0x00008D34, 0x00008D35, 0x00008D37, 0x00008F38, 0x00008F39, 0x00008F3A, 0x00008F3B, 0x00008F3C, 0x00008F3E,
  0x00008F3F, 0x00008F40, 0x00009141, 0x00009142, 0x00009144, 0x00009145, 0x00009146, 0x00009148, 0x00009149, 0x0000934A,
  0x0000934C, 0x0000934D, 0x0000934E, 0x00009350, 0x00009551, 0x00009553, 0x00009554, 0x00009556, 0x00009557, 0x00009759,
  0x0000975B, 0x0000975C, 0x0000975E, 0x00009960, 0x00009962, 0x00009964, 0x00009B66, 0x00009B68, 0x00009B6A, 0x00009D6D,
  0x00009D70, 0x00009F73, 0x00009F76, 0x0000A17B, 0x0000A381, 0x00000000, 0x00000000, 0x00000000, 0x00000000, 0x00000000,
  0x00000000, 0x00000000, 0x00000000, 0x00000000, 0x00000000, 0x00000000, 0x00000000, 0x00000000, 0x00000000, 0x00000000,
  0x00000000, 0x00000000, 0x00000000, 0x00000000, 0x00000000, 0x00000000, 0x00000000, 0x00000000, 0x00000000, 0x00000000,
  0x00000000, 0x00000000, 0x00000000, 0x00000000, 0x00000000, 0x00000000, 0x00000000, 0x00000000, 0x0000A678, 0x0000A282,
  0x0000A287, 0x0000A08B, 0x00009E8E, 0x00009E91, 0x00009C94, 0x00009C96, 0x00009C98, 0x00009A9A, 0x00009A9C, 0x00009A9E,
  0x000098A0, 0x000098A2, 0x000098A4, 0x000098A5, 0x000096A7, 0x000096A9, 0x000096AA, 0x000096AC, 0x000096AD, 0x000094AF,
  0x000094B0, 0x000094B2, 0x000094B3, 0x000094B4, 0x000092B6, 0x000092B7, 0x000092B8, 0x000092B9, 0x000092BB, 0x000092BC,
  0x000090BD, 0x000090BE, 0x000090C0, 0x000090C1, 0x000090C2, 0x000090C3, 0x000090C4, 0x000090C6, 0x00008EC7, 0x00008EC8,
  0x00008EC9, 0x00008ECA, 0x00008ECB, 0x00008ECC, 0x00008ECD, 0x00008ECF, 0x00008ED0, 0x00008ED1, 0x00008CD2, 0x00008CD3,
  0x00008CD4, 0x00008CD5, 0x00008CD6, 0x00008CD7, 0x00008CD8, 0x00008CD9, 0x00008CDA, 0x00008CDB, 0x00008CDC, 0x00008CDD,
  0x00008CDE, 0x00008ADF, 0x00008AE0, 0x00008AE1, 0x00008AE2, 0x00008AE3, 0x00008AE4, 0x00008AE5, 0x00008AE6, 0x00008AE7,
  0x00008AE8, 0x00008AE9, 0x00008AEA, 0x00008AEB, 0x00008AEC, 0x00008AED, 0x00008AEE, 0x00008AEF, 0x00008AF0, 0x00008AF1,
  0x00008AF2, 0x00008AF3, 0x00008AF4, 0x00008AF5, 0x00008AF6, 0x00008AF7, 0x00008AF8, 0x00008AF9, 0x00008AFA, 0x00008AFB,
  0x00008AFC, 0x00008AFD, 0x000088FE, 0x000088FF, 0x00008900, 0x00008901, 0x00008B02, 0x00008B03, 0x00008B04, 0x00008B05,
  0x00008B06, 0x00008B07, 0x00008B08, 0x00008B09, 0x00008B0A, 0x00008B0B, 0x00008B0C, 0x00008B0D, 0x00008B0E, 0x00008B0F,
  0x00008B10, 0x00008B11, 0x00008B12, 0x00008B13, 0x00008B14, 0x00008B15, 0x00008B16, 0x00008B17, 0x00008B18, 0x00008B19,
  0x00008B1A, 0x00008B1B, 0x00008B1C, 0x00008B1D, 0x00008B1E, 0x00008B1F, 0x00008B20, 0x00008D21, 0x00008D22, 0x00008D23,
  0x00008D24, 0x00008D25, 0x00008D26, 0x00008D27, 0x00008D28, 0x00008D29, 0x00008D2A, 0x00008D2B, 0x00008D2C, 0x00008D2D,
  0x00008F2E, 0x00008F2F, 0x00008F30, 0x00008F32, 0x00008F33, 0x00008F34, 0x00008F35, 0x00008F36, 0x00008F37, 0x00008F38,
  0x00009139, 0x0000913B, 0x0000913C, 0x0000913D, 0x0000913E, 0x0000913F, 0x00009141, 0x00009142, 0x00009343, 0x00009344,
  0x00009346, 0x00009347, 0x00009348, 0x00009349, 0x0000954B, 0x0000954C, 0x0000954D, 0x0000954F, 0x00009550, 0x00009752,
  0x00009753, 0x00009755, 0x00009756, 0x00009758, 0x0000995A, 0x0000995B, 0x0000995D, 0x0000995F, 0x00009B61, 0x00009B63,
  0x00009B65, 0x00009D67, 0x00009D69, 0x00009D6B, 0x00009F6E, 0x00009F71, 0x0000A174, 0x0000A378, 0x0000A37D, 0x0000A787,
  0x00000000, 0x00000000, 0x00000000, 0x00000000, 0x00000000, 0x00000000, 0x00000000, 0x00000000, 0x00000000, 0x00000000,
  0x00000000, 0x00000000, 0x00000000, 0x00000000, 0x00000000, 0x00000000, 0x00000000, 0x00000000, 0x00000000, 0x00000000,
  0x00000000, 0x00000000, 0x00000000, 0x00000000, 0x00000000, 0x00000000, 0x00000000, 0x00000000, 0x00000000, 0x00000000,
  0x00000000, 0x00000000, 0x0000A680, 0x0000A486, 0x0000A28A, 0x0000A08D, 0x0000A090, 0x00009E93, 0x00009E95, 0x00009E98,
  0x00009C9A, 0x00009C9C, 0x00009C9E, 0x00009AA0, 0x00009AA1, 0x00009AA3, 0x00009AA5, 0x000098A6, 0x000098A8, 0x000098AA,
  0x000098AB, 0x000096AD, 0x000096AE, 0x000096B0, 0x000096B1, 0x000096B2, 0x000096B4, 0x000094B5, 0x000094B6, 0x000094B8,
  0x000094B9, 0x000094BA, 0x000094BB, 0x000092BD, 0x000092BE, 0x000092BF, 0x000092C0, 0x000092C2, 0x000092C3, 0x000092C4,
  0x000090C5, 0x000090C6, 0x000090C7, 0x000090C8, 0x000090CA, 0x000090CB, 0x000090CC, 0x000090CD, 0x000090CE, 0x000090CF,
  0x00008ED0, 0x00008ED1, 0x00008ED2, 0x00008ED3, 0x00008ED4, 0x00008ED5, 0x00008ED6, 0x00008ED8, 0x00008ED9, 0x00008EDA,
  0x00008EDB, 0x00008EDC, 0x00008CDD, 0x00008CDE, 0x00008CDF, 0x00008CE0, 0x00008CE1, 0x00008CE2, 0x00008CE3, 0x00008CE4,
  0x00008CE5, 0x00008CE6, 0x00008CE7, 0x00008CE8, 0x00008CE9, 0x00008CEA, 0x00008CEB, 0x00008CEC, 0x00008CED, 0x00008CEE,
  0x00008CEF, 0x00008CF0, 0x00008CF1, 0x00008CF2, 0x00008CF2, 0x00008AF3, 0x00008AF4, 0x00008AF5, 0x00008AF6, 0x00008AF7,
  0x00008AF8, 0x00008AF9, 0x00008AFA, 0x00008AFB, 0x00008AFC, 0x00008AFD, 0x00008AFE, 0x00008AFF, 0x00008B00, 0x00008B01,
  0x00008B02, 0x00008B03, 0x00008B04, 0x00008B05, 0x00008B06, 0x00008B07, 0x00008B08, 0x00008B09, 0x00008B0A, 0x00008B0B,
  0x00008B0C, 0x00008D0D, 0x00008D0D, 0x00008D0E, 0x00008D0F, 0x00008D10, 0x00008D11, 0x00008D12, 0x00008D13, 0x00008D14,
  0x00008D15, 0x00008D16, 0x00008D17, 0x00008D18, 0x00008D19, 0x00008D1A, 0x00008D1B, 0x00008D1C, 0x00008D1D, 0x00008D1E,
  0x00008D1F, 0x00008D20, 0x00008D21, 0x00008D22, 0x00008F23, 0x00008F24, 0x00008F25, 0x00008F26, 0x00008F27, 0x00008F29,
  0x00008F2A, 0x00008F2B, 0x00008F2C, 0x00008F2D, 0x00008F2E, 0x00008F2F, 0x00009130, 0x00009131, 0x00009132, 0x00009133,
  0x00009134, 0x00009135, 0x00009137, 0x00009138, 0x00009139, 0x0000913A, 0x0000933B, 0x0000933C, 0x0000933D, 0x0000933F,
  0x00009340, 0x00009341, 0x00009342, 0x00009544, 0x00009545, 0x00009546, 0x00009547, 0x00009549, 0x0000954A, 0x0000974B,
  0x0000974D, 0x0000974E, 0x0000974F, 0x00009751, 0x00009752, 0x00009954, 0x00009955, 0x00009957, 0x00009959, 0x00009B5A,
  0x00009B5C, 0x00009B5E, 0x00009B5F, 0x00009D61, 0x00009D63, 0x00009D65, 0x00009F67, 0x00009F6A, 0x00009F6C, 0x0000A16F,
  0x0000A172, 0x0000A375, 0x0000A579, 0x0000A77F, 0x00000000, 0x00000000, 0x00000000, 0x00000000, 0x00000000, 0x00000000,
  0x00000000, 0x00000000, 0x00000000, 0x00000000, 0x00000000, 0x00000000, 0x00000000, 0x00000000, 0x00000000, 0x00000000,
  0x00000000, 0x00000000, 0x00000000, 0x00000000, 0x00000000, 0x00000000, 0x00000000, 0x00000000, 0x00000000, 0x00000000,
  0x00000000, 0x00000000, 0x00000000, 0x00000000, 0x00000000, 0x0000A87C, 0x0000A684, 0x0000A488, 0x0000A28C, 0x0000A28F,
  0x0000A292, 0x0000A094, 0x0000A097, 0x00009E99, 0x00009E9B, 0x00009E9D, 0x00009C9F, 0x00009CA1, 0x00009CA2, 0x00009CA4,
  0x00009AA6, 0x00009AA7, 0x00009AA9, 0x00009AAB, 0x000098AC, 0x000098AE, 0x000098AF, 0x000098B0, 0x000098B2, 0x000096B3,
  0x000096B4, 0x000096B6, 0x000096B7, 0x000096B8, 0x000096BA, 0x000094BB, 0x000094BC, 0x000094BD, 0x000094BF, 0x000094C0,
  0x000094C1, 0x000094C2, 0x000094C3, 0x000092C4, 0x000092C6, 0x000092C7, 0x000092C8, 0x000092C9, 0x000092CA, 0x000092CB,
  0x000092CC, 0x000092CD, 0x000090CE, 0x000090CF, 0x000090D1, 0x000090D2, 0x000090D3, 0x000090D4, 0x000090D5, 0x000090D6,
  0x000090D7, 0x000090D8, 0x000090D9, 0x000090DA, 0x00008EDB, 0x00008EDC, 0x00008EDD, 0x00008EDE, 0x00008EDF, 0x00008EE0,
  0x00008EE1, 0x00008EE2, 0x00008EE3, 0x00008EE4, 0x00008EE5, 0x00008EE6, 0x00008EE7, 0x00008EE8, 0x00008EE9, 0x00008EEA,
  0x00008EEB, 0x00008EEC, 0x00008EED, 0x00008CEE, 0x00008CEF, 0x00008CF0, 0x00008CF1, 0x00008CF2, 0x00008CF3, 0x00008CF4,
  0x00008CF5, 0x00008CF5, 0x00008CF6, 0x00008CF7, 0x00008CF8, 0x00008CF9, 0x00008CFA, 0x00008CFB, 0x00008CFC, 0x00008CFD,
  0x00008CFE, 0x00008CFF, 0x00008D00, 0x00008D01, 0x00008D02, 0x00008D03, 0x00008D04, 0x00008D05, 0x00008D06, 0x00008D07,
  0x00008D08, 0x00008D09, 0x00008D0A, 0x00008D0A, 0x00008D0B, 0x00008D0C, 0x00008D0D, 0x00008D0E, 0x00008D0F, 0x00008D10,
  0x00008D11, 0x00008F12, 0x00008F13, 0x00008F14, 0x00008F15, 0x00008F16, 0x00008F17, 0x00008F18, 0x00008F19, 0x00008F1A,
  0x00008F1B, 0x00008F1C, 0x00008F1D, 0x00008F1E, 0x00008F1F, 0x00008F20, 0x00008F21, 0x00008F22, 0x00008F23, 0x00008F24,
  0x00009125, 0x00009126, 0x00009127, 0x00009128, 0x00009129, 0x0000912A, 0x0000912B, 0x0000912C, 0x0000912D, 0x0000912E,
  0x00009130, 0x00009131, 0x00009332, 0x00009333, 0x00009334, 0x00009335, 0x00009336, 0x00009337, 0x00009338, 0x00009339,
  0x0000933B, 0x0000953C, 0x0000953D, 0x0000953E, 0x0000953F, 0x00009540, 0x00009542, 0x00009543, 0x00009544, 0x00009745,
  0x00009747, 0x00009748, 0x00009749, 0x0000974B, 0x0000974C, 0x0000994D, 0x0000994F, 0x00009950, 0x00009951, 0x00009953,
  0x00009B54, 0x00009B56, 0x00009B58, 0x00009B59, 0x00009D5B, 0x00009D5D, 0x00009D5E, 0x00009D60, 0x00009F62, 0x00009F64,
  0x00009F66, 0x0000A168, 0x0000A16B, 0x0000A36D, 0x0000A370, 0x0000A373, 0x0000A577, 0x0000A77B, 0x0000A983, 0x00000000,
  0x00000000, 0x00000000, 0x00000000, 0x00000000, 0x00000000, 0x00000000, 0x00000000, 0x00000000, 0x00000000, 0x00000000,
  0x00000000, 0x00000000, 0x00000000, 0x00000000, 0x00000000, 0x00000000, 0x00000000, 0x00000000, 0x00000000, 0x00000000,
  0x00000000, 0x00000000, 0x00000000, 0x00000000, 0x00000000, 0x00000000, 0x00000000, 0x00000000, 0x00000000, 0x0000A882,
  0x0000A687, 0x0000A68B, 0x0000A48E, 0x0000A491, 0x0000A293, 0x0000A296, 0x0000A098, 0x0000A09A, 0x0000A09C, 0x00009E9E,
  0x00009EA0, 0x00009EA2, 0x00009EA4, 0x00009CA5, 0x00009CA7, 0x00009CA8, 0x00009CAA, 0x00009AAB, 0x00009AAD, 0x00009AAE,
  0x00009AB0, 0x00009AB1, 0x000098B2, 0x000098B4, 0x000098B5, 0x000098B6, 0x000098B8, 0x000098B9, 0x000096BA, 0x000096BC,
  0x000096BD, 0x000096BE, 0x000096BF, 0x000096C0, 0x000096C1, 0x000094C3, 0x000094C4, 0x000094C5, 0x000094C6, 0x000094C7,
  0x000094C8, 0x000094C9, 0x000094CB, 0x000094CC, 0x000092CD, 0x000092CE, 0x000092CF, 0x000092D0, 0x000092D1, 0x000092D2,
  0x000092D3, 0x000092D4, 0x000092D5, 0x000092D6, 0x000092D7, 0x000090D8, 0x000090D9, 0x000090DA, 0x000090DB, 0x000090DC,
  0x000090DD, 0x000090DE, 0x000090DF, 0x000090E0, 0x000090E1, 0x000090E2, 0x000090E3, 0x000090E4, 0x000090E5, 0x000090E6,
  0x000090E7, 0x000090E8, 0x000090E9, 0x00008EEA, 0x00008EEB, 0x00008EEC, 0x00008EED, 0x00008EEE, 0x00008EEF, 0x00008EF0,
  0x00008EF1, 0x00008EF2, 0x00008EF3, 0x00008EF4, 0x00008EF5, 0x00008EF6, 0x00008EF7, 0x00008EF7, 0x00008EF8, 0x00008EF9,
  0x00008EFA, 0x00008EFB, 0x00008EFC, 0x00008EFD, 0x00008EFE, 0x00008EFF, 0x00008F00, 0x00008F01, 0x00008F02, 0x00008F03,
  0x00008F04, 0x00008F05, 0x00008F06, 0x00008F07, 0x00008F08, 0x00008F08, 0x00008F09, 0x00008F0A, 0x00008F0B, 0x00008F0C,
  0x00008F0D, 0x00008F0E, 0x00008F0F, 0x00008F10, 0x00008F11, 0x00008F12, 0x00008F13, 0x00008F14, 0x00008F15, 0x00009116,
  0x00009117, 0x00009118, 0x00009119, 0x0000911A, 0x0000911B, 0x0000911C, 0x0000911D, 0x0000911E, 0x0000911F, 0x00009120,
  0x00009121, 0x00009122, 0x00009123, 0x00009124, 0x00009125, 0x00009126, 0x00009127, 0x00009328, 0x00009329, 0x0000932A,
  0x0000932B, 0x0000932C, 0x0000932D, 0x0000932E, 0x0000932F, 0x00009330, 0x00009331, 0x00009332, 0x00009533, 0x00009534,
  0x00009536, 0x00009537, 0x00009538, 0x00009539, 0x0000953A, 0x0000953B, 0x0000953C, 0x0000973E, 0x0000973F, 0x00009740,
  0x00009741, 0x00009742, 0x00009743, 0x00009745, 0x00009946, 0x00009947, 0x00009949, 0x0000994A, 0x0000994B, 0x0000994D,
  0x00009B4E, 0x00009B4F, 0x00009B51, 0x00009B52, 0x00009B54, 0x00009D55, 0x00009D57, 0x00009D58, 0x00009D5A, 0x00009F5B,
  0x00009F5D, 0x00009F5F, 0x00009F61, 0x0000A163, 0x0000A165, 0x0000A167, 0x0000A369, 0x0000A36C, 0x0000A56E, 0x0000A571,
  0x0000A774, 0x0000A778, 0x0000A97D, 0x00000000, 0x00000000, 0x00000000, 0x00000000, 0x00000000, 0x00000000, 0x00000000,
  0x00000000, 0x00000000, 0x00000000, 0x00000000, 0x00000000, 0x00000000, 0x00000000, 0x00000000, 0x00000000, 0x00000000,
  0x00000000, 0x00000000, 0x00000000, 0x00000000, 0x00000000, 0x00000000, 0x00000000, 0x00000000, 0x00000000, 0x00000000,
  0x00000000, 0x00000000, 0x0000AC7E, 0x0000A885, 0x0000A889, 0x0000A68D, 0x0000A690, 0x0000A492, 0x0000A495, 0x0000A297,
  0x0000A299, 0x0000A29B, 0x0000A09D, 0x0000A09F, 0x0000A0A1, 0x00009EA3, 0x00009EA5, 0x00009EA6, 0x00009EA8, 0x00009EA9,
  0x00009CAB, 0x00009CAC, 0x00009CAE, 0x00009CAF, 0x00009CB1, 0x00009AB2, 0x00009AB3, 0x00009AB5, 0x00009AB6, 0x00009AB7,
  0x000098B8, 0x000098BA, 0x000098BB, 0x000098BC, 0x000098BD, 0x000098BF, 0x000098C0, 0x000096C1, 0x000096C2, 0x000096C3,
  0x000096C4, 0x000096C5, 0x000096C7, 0x000096C8, 0x000096C9, 0x000096CA, 0x000094CB, 0x000094CC, 0x000094CD, 0x000094CE,
  0x000094CF, 0x000094D0, 0x000094D1, 0x000094D2, 0x000094D3, 0x000094D4, 0x000094D6, 0x000092D7, 0x000092D8, 0x000092D9,
  0x000092DA, 0x000092DB, 0x000092DC, 0x000092DD, 0x000092DE, 0x000092DF, 0x000092E0, 0x000092E1, 0x000092E2, 0x000092E3,
  0x000092E3, 0x000092E4, 0x000092E5, 0x000090E6, 0x000090E7, 0x000090E8, 0x000090E9, 0x000090EA, 0x000090EB, 0x000090EC,
  0x000090ED, 0x000090EE, 0x000090EF, 0x000090F0, 0x000090F1, 0x000090F2, 0x000090F3, 0x000090F4, 0x000090F5, 0x000090F6,
  0x000090F7, 0x000090F8, 0x000090F8, 0x000090F9, 0x000090FA, 0x000090FB, 0x000090FC, 0x000090FD, 0x000090FE, 0x000090FF,
  0x00009100, 0x00009101, 0x00009102, 0x00009103, 0x00009104, 0x00009105, 0x00009106, 0x00009107, 0x00009107, 0x00009108,
  0x00009109, 0x0000910A, 0x0000910B, 0x0000910C, 0x0000910D, 0x0000910E, 0x0000910F, 0x00009110, 0x00009111, 0x00009112,
  0x00009113, 0x00009114, 0x00009115, 0x00009116, 0x00009117, 0x00009118, 0x00009119, 0x0000931A, 0x0000931B, 0x0000931C,
  0x0000931C, 0x0000931D, 0x0000931E, 0x0000931F, 0x00009320, 0x00009321, 0x00009322, 0x00009323, 0x00009324, 0x00009325,
  0x00009326, 0x00009327, 0x00009328, 0x00009529, 0x0000952B, 0x0000952C, 0x0000952D, 0x0000952E, 0x0000952F, 0x00009530,
  0x00009531, 0x00009532, 0x00009533, 0x00009534, 0x00009735, 0x00009736, 0x00009737, 0x00009738, 0x0000973A, 0x0000973B,
  0x0000973C, 0x0000973D, 0x0000973E, 0x0000993F, 0x00009940, 0x00009942, 0x00009943, 0x00009944, 0x00009945, 0x00009947,
  0x00009B48, 0x00009B49, 0x00009B4A, 0x00009B4C, 0x00009B4D, 0x00009D4E, 0x00009D50, 0x00009D51, 0x00009D53, 0x00009D54,
  0x00009F56, 0x00009F57, 0x00009F59, 0x00009F5A, 0x00009F5C, 0x0000A15E, 0x0000A160, 0x0000A162, 0x0000A364, 0x0000A366,
  0x0000A368, 0x0000A56A, 0x0000A56D, 0x0000A76F, 0x0000A772, 0x0000A976, 0x0000A97A, 0x0000AD81, 0x00000000, 0x00000000,
  0x00000000, 0x00000000, 0x00000000, 0x00000000, 0x00000000, 0x00000000, 0x00000000, 0x00000000, 0x00000000, 0x00000000,
  0x00000000, 0x00000000, 0x00000000, 0x00000000, 0x00000000, 0x00000000, 0x00000000, 0x00000000, 0x00000000, 0x00000000,
  0x00000000, 0x00000000, 0x00000000, 0x00000000, 0x00000000, 0x00000000, 0x0000AC83, 0x0000AA88, 0x0000A88B, 0x0000A88F,
  0x0000A691, 0x0000A694, 0x0000A496, 0x0000A499, 0x0000A49B, 0x0000A29D, 0x0000A29F, 0x0000A2A0, 0x0000A0A2, 0x0000A0A4,
  0x0000A0A5, 0x0000A0A7, 0x00009EA9, 0x00009EAA, 0x00009EAC, 0x00009EAD, 0x00009EAE, 0x00009CB0, 0x00009CB1, 0x00009CB3,
  0x00009CB4, 0x00009CB5, 0x00009CB7, 0x00009AB8, 0x00009AB9, 0x00009ABA, 0x00009ABC, 0x00009ABD, 0x00009ABE, 0x00009ABF,
  0x000098C0, 0x000098C1, 0x000098C3, 0x000098C4, 0x000098C5, 0x000098C6, 0x000098C7, 0x000098C8, 0x000096C9, 0x000096CA,
  0x000096CB, 0x000096CD, 0x000096CE, 0x000096CF, 0x000096D0, 0x000096D1, 0x000096D2, 0x000096D3, 0x000094D4, 0x000094D5,
  0x000094D6, 0x000094D7, 0x000094D8, 0x000094D9, 0x000094DA, 0x000094DB, 0x000094DC, 0x000094DD, 0x000094DE, 0x000094DF,
  0x000094E0, 0x000094E1, 0x000094E2, 0x000092E3, 0x000092E4, 0x000092E5, 0x000092E6, 0x000092E7, 0x000092E8, 0x000092E9,
  0x000092E9, 0x000092EA, 0x000092EB, 0x000092EC, 0x000092ED, 0x000092EE, 0x000092EF, 0x000092F0, 0x000092F1, 0x000092F2,
  0x000092F3, 0x000092F4, 0x000092F5, 0x000092F6, 0x000092F7, 0x000092F8, 0x000092F9, 0x000092F9, 0x000092FA, 0x000092FB,
  0x000092FC, 0x000092FD, 0x000092FE, 0x000092FF, 0x00009300, 0x00009301, 0x00009302, 0x00009303, 0x00009304, 0x00009305,
  0x00009306, 0x00009306, 0x00009307, 0x00009308, 0x00009309, 0x0000930A, 0x0000930B, 0x0000930C, 0x0000930D, 0x0000930E,
  0x0000930F, 0x00009310, 0x00009311, 0x00009312, 0x00009313, 0x00009314, 0x00009315, 0x00009316, 0x00009316, 0x00009317,
  0x00009318, 0x00009319, 0x0000931A, 0x0000931B, 0x0000931C, 0x0000951D, 0x0000951E, 0x0000951F, 0x00009520, 0x00009521,
  0x00009522, 0x00009523, 0x00009524, 0x00009525, 0x00009526, 0x00009527, 0x00009528, 0x00009529, 0x0000952A, 0x0000952B,
  0x0000972C, 0x0000972D, 0x0000972E, 0x0000972F, 0x00009730, 0x00009731, 0x00009732, 0x00009734, 0x00009735, 0x00009736,
  0x00009937, 0x00009938, 0x00009939, 0x0000993A, 0x0000993B, 0x0000993C, 0x0000993E, 0x0000993F, 0x00009B40, 0x00009B41,
  0x00009B42, 0x00009B43, 0x00009B45, 0x00009B46, 0x00009B47, 0x00009D48, 0x00009D4A, 0x00009D4B, 0x00009D4C, 0x00009D4E,
  0x00009D4F, 0x00009F51, 0x00009F52, 0x00009F53, 0x00009F55, 0x00009F56, 0x0000A158, 0x0000A15A, 0x0000A15B, 0x0000A15D,
  0x0000A35F, 0x0000A360, 0x0000A362, 0x0000A564, 0x0000A566, 0x0000A569, 0x0000A76B, 0x0000A76E, 0x0000A970, 0x0000A974,
  0x0000AB77, 0x0000AD7C, 0x00000000, 0x00000000, 0x00000000, 0x00000000, 0x00000000, 0x00000000, 0x00000000, 0x00000000,
  0x00000000, 0x00000000, 0x00000000, 0x00000000, 0x00000000, 0x00000000, 0x00000000, 0x00000000, 0x00000000, 0x00000000,
  0x00000000, 0x00000000, 0x00000000, 0x00000000, 0x00000000, 0x00000000, 0x00000000, 0x00000000, 0x00000000, 0x0000AE7F,
  0x0000AC86, 0x0000AA8A, 0x0000AA8D, 0x0000A890, 0x0000A893, 0x0000A695, 0x0000A698, 0x0000A69A, 0x0000A49C, 0x0000A49E,
  0x0000A4A0, 0x0000A2A1, 0x0000A2A3, 0x0000A2A5, 0x0000A2A6, 0x0000A0A8, 0x0000A0A9, 0x0000A0AB, 0x0000A0AC, 0x0000A0AE,
  0x00009EAF, 0x00009EB1, 0x00009EB2, 0x00009EB3, 0x00009EB5, 0x00009CB6, 0x00009CB7, 0x00009CB8, 0x00009CBA, 0x00009CBB,
  0x00009CBC, 0x00009CBD, 0x00009ABE, 0x00009AC0, 0x00009AC1, 0x00009AC2, 0x00009AC3, 0x00009AC4, 0x00009AC5, 0x00009AC6,
  0x000098C8, 0x000098C9, 0x000098CA, 0x000098CB, 0x000098CC, 0x000098CD, 0x000098CE, 0x000098CF, 0x000098D0, 0x000098D1,
  0x000096D2, 0x000096D3, 0x000096D4, 0x000096D5, 0x000096D6, 0x000096D7, 0x000096D8, 0x000096D9, 0x000096DA, 0x000096DB,
  0x000096DC, 0x000096DD, 0x000096DE, 0x000096DF, 0x000094E0, 0x000094E1, 0x000094E2, 0x000094E3, 0x000094E4, 0x000094E5,
  0x000094E6, 0x000094E7, 0x000094E8, 0x000094E9, 0x000094EA, 0x000094EB, 0x000094EC, 0x000094EC, 0x000094ED, 0x000094EE,
  0x000094EF, 0x000094F0, 0x000094F1, 0x000094F2, 0x000094F3, 0x000094F4, 0x000094F5, 0x000094F6, 0x000094F7, 0x000094F8,
  0x000094F9, 0x000094F9, 0x000094FA, 0x000094FB, 0x000094FC, 0x000094FD, 0x000094FE, 0x000094FF, 0x00009500, 0x00009501,
  0x00009502, 0x00009503, 0x00009504, 0x00009505, 0x00009506, 0x00009506, 0x00009507, 0x00009508, 0x00009509, 0x0000950A,
  0x0000950B, 0x0000950C, 0x0000950D, 0x0000950E, 0x0000950F, 0x00009510, 0x00009511, 0x00009512, 0x00009513, 0x00009513,
  0x00009514, 0x00009515, 0x00009516, 0x00009517, 0x00009518, 0x00009519, 0x0000951A, 0x0000951B, 0x0000951C, 0x0000951D,
  0x0000951E, 0x0000951F, 0x00009720, 0x00009721, 0x00009722, 0x00009723, 0x00009724, 0x00009725, 0x00009726, 0x00009727,
  0x00009728, 0x00009729, 0x0000972A, 0x0000972B, 0x0000972C, 0x0000972D, 0x0000992E, 0x0000992F, 0x00009930, 0x00009931,
  0x00009932, 0x00009933, 0x00009934, 0x00009935, 0x00009936, 0x00009937, 0x00009B39, 0x00009B3A, 0x00009B3B, 0x00009B3C,
  0x00009B3D, 0x00009B3E, 0x00009B3F, 0x00009B41, 0x00009D42, 0x00009D43, 0x00009D44, 0x00009D45, 0x00009D47, 0x00009D48,
  0x00009D49, 0x00009F4A, 0x00009F4C, 0x00009F4D, 0x00009F4E, 0x00009F50, 0x0000A151, 0x0000A153, 0x0000A154, 0x0000A156,
  0x0000A157, 0x0000A359, 0x0000A35A, 0x0000A35C, 0x0000A35E, 0x0000A55F, 0x0000A561, 0x0000A563, 0x0000A765, 0x0000A767,
  0x0000A76A, 0x0000A96C, 0x0000A96F, 0x0000AB72, 0x0000AB75, 0x0000AD79, 0x0000AF80, 0x00000000, 0x00000000, 0x00000000,
  0x00000000, 0x00000000, 0x00000000, 0x00000000, 0x00000000, 0x00000000, 0x00000000, 0x00000000, 0x00000000, 0x00000000,
  0x00000000, 0x00000000, 0x00000000, 0x00000000, 0x00000000, 0x00000000, 0x00000000, 0x00000000, 0x00000000, 0x00000000,
  0x00000000, 0x00000000, 0x00000000, 0x0000AE83, 0x0000AC88, 0x0000AC8C, 0x0000AA8F, 0x0000AA92, 0x0000A894, 0x0000A897,
  0x0000A899, 0x0000A69B, 0x0000A69D, 0x0000A69F, 0x0000A4A1, 0x0000A4A2, 0x0000A4A4, 0x0000A4A6, 0x0000A2A7, 0x0000A2A9,
  0x0000A2AA, 0x0000A2AC, 0x0000A0AD, 0x0000A0AF, 0x0000A0B0, 0x0000A0B1, 0x0000A0B3, 0x0000A0B4, 0x00009EB5, 0x00009EB7,
  0x00009EB8, 0x00009EB9, 0x00009EBA, 0x00009EBB, 0x00009CBD, 0x00009CBE, 0x00009CBF, 0x00009CC0, 0x00009CC1, 0x00009CC2,
  0x00009CC4, 0x00009CC5, 0x00009AC6, 0x00009AC7, 0x00009AC8, 0x00009AC9, 0x00009ACA, 0x00009ACB, 0x00009ACC, 0x00009ACD,
  0x00009ACE, 0x00009ACF, 0x000098D0, 0x000098D1, 0x000098D3, 0x000098D4, 0x000098D5, 0x000098D6, 0x000098D7, 0x000098D8,
  0x000098D9, 0x000098DA, 0x000098DB, 0x000098DB, 0x000098DC, 0x000096DD, 0x000096DE, 0x000096DF, 0x000096E0, 0x000096E1,
  0x000096E2, 0x000096E3, 0x000096E4, 0x000096E5, 0x000096E6, 0x000096E7, 0x000096E8, 0x000096E9, 0x000096EA, 0x000096EB,
  0x000096EC, 0x000096ED, 0x000096EE, 0x000096EE, 0x000096EF, 0x000096F0, 0x000096F1, 0x000096F2, 0x000094F3, 0x000094F4,
  0x000094F5, 0x000094F6, 0x000094F7, 0x000094F8, 0x000094F9, 0x000094FA, 0x000094FA, 0x000094FB, 0x000094FC, 0x000094FD,
  0x000094FE, 0x000094FF, 0x00009500, 0x00009501, 0x00009502, 0x00009503, 0x00009504, 0x00009505, 0x00009505, 0x00009506,
  0x00009507, 0x00009508, 0x00009509, 0x0000950A, 0x0000950B, 0x0000950C, 0x0000970D, 0x0000970E, 0x0000970F, 0x00009710,
  0x00009711, 0x00009711, 0x00009712, 0x00009713, 0x00009714, 0x00009715, 0x00009716, 0x00009717, 0x00009718, 0x00009719,
  0x0000971A, 0x0000971B, 0x0000971C, 0x0000971D, 0x0000971E, 0x0000971F, 0x00009720, 0x00009721, 0x00009722, 0x00009923,
  0x00009924, 0x00009924, 0x00009925, 0x00009926, 0x00009927, 0x00009928, 0x00009929, 0x0000992A, 0x0000992B, 0x0000992C,
  0x0000992E, 0x0000992F, 0x00009B30, 0x00009B31, 0x00009B32, 0x00009B33, 0x00009B34, 0x00009B35, 0x00009B36, 0x00009B37,
  0x00009B38, 0x00009B39, 0x00009D3A, 0x00009D3B, 0x00009D3D, 0x00009D3E, 0x00009D3F, 0x00009D40, 0x00009D41, 0x00009D42,
  0x00009F44, 0x00009F45, 0x00009F46, 0x00009F47, 0x00009F48, 0x00009F4A, 0x0000A14B, 0x0000A14C, 0x0000A14E, 0x0000A14F,
  0x0000A150, 0x0000A152, 0x0000A353, 0x0000A355, 0x0000A356, 0x0000A358, 0x0000A559, 0x0000A55B, 0x0000A55D, 0x0000A55E,
  0x0000A760, 0x0000A762, 0x0000A764, 0x0000A966, 0x0000A968, 0x0000A96B, 0x0000AB6D, 0x0000AB70, 0x0000AD73, 0x0000AD77,
  0x0000AF7C, 0x00000000, 0x00000000, 0x00000000, 0x00000000, 0x00000000, 0x00000000, 0x00000000, 0x00000000, 0x00000000,
  0x00000000, 0x00000000, 0x00000000, 0x00000000, 0x00000000, 0x00000000, 0x00000000, 0x00000000, 0x00000000, 0x00000000,
  0x00000000, 0x00000000, 0x00000000, 0x00000000, 0x00000000, 0x00000000, 0x0000B280, 0x0000B086, 0x0000AE8A, 0x0000AC8E,
  0x0000AC91, 0x0000AA93, 0x0000AA96, 0x0000AA98, 0x0000A89A, 0x0000A89C, 0x0000A89E, 0x0000A6A0, 0x0000A6A2, 0x0000A6A3,
  0x0000A6A5, 0x0000A4A6, 0x0000A4A8, 0x0000A4AA, 0x0000A4AB, 0x0000A2AD, 0x0000A2AE, 0x0000A2AF, 0x0000A2B1, 0x0000A2B2,
  0x0000A0B3, 0x0000A0B5, 0x0000A0B6, 0x0000A0B7, 0x0000A0B8, 0x0000A0BA, 0x0000A0BB, 0x00009EBC, 0x00009EBD, 0x00009EBE,
  0x00009EC0, 0x00009EC1, 0x00009EC2, 0x00009EC3, 0x00009CC4, 0x00009CC5, 0x00009CC6, 0x00009CC7, 0x00009CC8, 0x00009CCA,
  0x00009CCB, 0x00009CCC, 0x00009CCD, 0x00009ACE, 0x00009ACF, 0x00009AD0, 0x00009AD1, 0x00009AD2, 0x00009AD3, 0x00009AD4,
  0x00009AD5, 0x00009AD6, 0x00009AD7, 0x00009AD8, 0x00009AD9, 0x00009ADA, 0x000098DB, 0x000098DC, 0x000098DD, 0x000098DE,
  0x000098DF, 0x000098E0, 0x000098E1, 0x000098E2, 0x000098E2, 0x000098E3, 0x000098E4, 0x000098E5, 0x000098E6, 0x000098E7,
  0x000098E8, 0x000098E9, 0x000098EA, 0x000098EB, 0x000098EC, 0x000096ED, 0x000096EE, 0x000096EF, 0x000096F0, 0x000096F0,
  0x000096F1, 0x000096F2, 0x000096F3, 0x000096F4, 0x000096F5, 0x000096F6, 0x000096F7, 0x000096F8, 0x000096F9, 0x000096FA,
  0x000096FB, 0x000096FB, 0x000096FC, 0x000096FD, 0x000096FE, 0x000096FF, 0x00009700, 0x00009701, 0x00009702, 0x00009703,
  0x00009704, 0x00009704, 0x00009705, 0x00009706, 0x00009707, 0x00009708, 0x00009709, 0x0000970A, 0x0000970B, 0x0000970C,
  0x0000970D, 0x0000970E, 0x0000970F, 0x0000970F, 0x00009710, 0x00009711, 0x00009712, 0x00009913, 0x00009914, 0x00009915,
  0x00009916, 0x00009917, 0x00009918, 0x00009919, 0x0000991A, 0x0000991B, 0x0000991C, 0x0000991D, 0x0000991D, 0x0000991E,
  0x0000991F, 0x00009920, 0x00009921, 0x00009922, 0x00009923, 0x00009924, 0x00009B25, 0x00009B26, 0x00009B27, 0x00009B28,
  0x00009B29, 0x00009B2A, 0x00009B2B, 0x00009B2C, 0x00009B2D, 0x00009B2E, 0x00009B2F, 0x00009B30, 0x00009B31, 0x00009D32,
  0x00009D33, 0x00009D34, 0x00009D35, 0x00009D37, 0x00009D38, 0x00009D39, 0x00009D3A, 0x00009D3B, 0x00009F3C, 0x00009F3D,
  0x00009F3E, 0x00009F3F, 0x00009F41, 0x00009F42, 0x00009F43, 0x0000A144, 0x0000A145, 0x0000A147, 0x0000A148, 0x0000A149,
  0x0000A14A, 0x0000A14C, 0x0000A34D, 0x0000A34E, 0x0000A350, 0x0000A351, 0x0000A352, 0x0000A554, 0x0000A555, 0x0000A557,
  0x0000A559, 0x0000A75A, 0x0000A75C, 0x0000A75D, 0x0000A75F, 0x0000A961, 0x0000A963, 0x0000A965, 0x0000AB67, 0x0000AB69,
  0x0000AB6C, 0x0000AD6E, 0x0000AD71, 0x0000AF75, 0x0000B179, 0x0000B37F, 0x00000000, 0x00000000, 0x00000000, 0x00000000,
  0x00000000, 0x00000000, 0x00000000, 0x00000000, 0x00000000, 0x00000000, 0x00000000, 0x00000000, 0x00000000, 0x00000000,
  0x00000000, 0x00000000, 0x00000000, 0x00000000, 0x00000000, 0x00000000, 0x00000000, 0x00000000, 0x00000000, 0x00000000,
  0x0000B284, 0x0000B088, 0x0000AE8C, 0x0000AE8F, 0x0000AC92, 0x0000AC95, 0x0000AC97, 0x0000AA99, 0x0000AA9B, 0x0000AA9D,
  0x0000A89F, 0x0000A8A1, 0x0000A8A2, 0x0000A6A4, 0x0000A6A6, 0x0000A6A7, 0x0000A6A9, 0x0000A6AA, 0x0000A4AC, 0x0000A4AD,
  0x0000A4AF, 0x0000A4B0, 0x0000A4B1, 0x0000A2B3, 0x0000A2B4, 0x0000A2B5, 0x0000A2B7, 0x0000A2B8, 0x0000A2B9, 0x0000A0BA,
  0x0000A0BB, 0x0000A0BD, 0x0000A0BE, 0x0000A0BF, 0x0000A0C0, 0x0000A0C1, 0x00009EC2, 0x00009EC3, 0x00009EC5, 0x00009EC6,
  0x00009EC7, 0x00009EC8, 0x00009EC9, 0x00009ECA, 0x00009ECB, 0x00009CCC, 0x00009CCD, 0x00009CCE, 0x00009CCF, 0x00009CD0,
  0x00009CD1, 0x00009CD2, 0x00009CD3, 0x00009CD4, 0x00009CD5, 0x00009CD6, 0x00009CD7, 0x00009AD8, 0x00009AD9, 0x00009ADA,
  0x00009ADB, 0x00009ADC, 0x00009ADD, 0x00009ADE, 0x00009ADF, 0x00009AE0, 0x00009AE1, 0x00009AE2, 0x00009AE3, 0x00009AE4,
  0x00009AE5, 0x00009AE6, 0x00009AE6, 0x00009AE7, 0x000098E8, 0x000098E9, 0x000098EA, 0x000098EB, 0x000098EC, 0x000098ED,
  0x000098EE, 0x000098EF, 0x000098F0, 0x000098F1, 0x000098F1, 0x000098F2, 0x000098F3, 0x000098F4, 0x000098F5, 0x000098F6,
  0x000098F7, 0x000098F8, 0x000098F9, 0x000098FA, 0x000098FB, 0x000098FB, 0x000098FC, 0x000098FD, 0x000098FE, 0x000098FF,
  0x00009900, 0x00009901, 0x00009902, 0x00009903, 0x00009904, 0x00009904, 0x00009905, 0x00009906, 0x00009907, 0x00009908,
  0x00009909, 0x0000990A, 0x0000990B, 0x0000990C, 0x0000990D, 0x0000990E, 0x0000990E, 0x0000990F, 0x00009910, 0x00009911,
  0x00009912, 0x00009913, 0x00009914, 0x00009915, 0x00009916, 0x00009917, 0x00009B18, 0x00009B19, 0x00009B19, 0x00009B1A,
  0x00009B1B, 0x00009B1C, 0x00009B1D, 0x00009B1E, 0x00009B1F, 0x00009B20, 0x00009B21, 0x00009B22, 0x00009B23, 0x00009B24,
  0x00009B25, 0x00009B26, 0x00009B27, 0x00009D28, 0x00009D29, 0x00009D2A, 0x00009D2B, 0x00009D2C, 0x00009D2D, 0x00009D2E,
  0x00009D2F, 0x00009D30, 0x00009D31, 0x00009D32, 0x00009D33, 0x00009F34, 0x00009F35, 0x00009F36, 0x00009F37, 0x00009F38,
  0x00009F39, 0x00009F3A, 0x00009F3C, 0x00009F3D, 0x0000A13E, 0x0000A13F, 0x0000A140, 0x0000A141, 0x0000A142, 0x0000A144,
  0x0000A145, 0x0000A346, 0x0000A347, 0x0000A348, 0x0000A34A, 0x0000A34B, 0x0000A34C, 0x0000A54E, 0x0000A54F, 0x0000A550,
  0x0000A552, 0x0000A553, 0x0000A755, 0x0000A756, 0x0000A758, 0x0000A759, 0x0000A75B, 0x0000A95D, 0x0000A95E, 0x0000A960,
  0x0000AB62, 0x0000AB64, 0x0000AB66, 0x0000AD68, 0x0000AD6A, 0x0000AD6D, 0x0000AF70, 0x0000AF73, 0x0000B177, 0x0000B37B,
  0x00000000, 0x00000000, 0x00000000, 0x00000000, 0x00000000, 0x00000000, 0x00000000, 0x00000000, 0x00000000, 0x00000000,
  0x00000000, 0x00000000, 0x00000000, 0x00000000, 0x00000000, 0x00000000, 0x00000000, 0x00000000, 0x00000000, 0x00000000,
  0x00000000, 0x00000000, 0x00000000, 0x0000B480, 0x0000B286, 0x0000B08A, 0x0000B08E, 0x0000AE91, 0x0000AE93, 0x0000AE96,
  0x0000AC98, 0x0000AC9A, 0x0000AC9C, 0x0000AA9E, 0x0000AAA0, 0x0000AAA2, 0x0000A8A3, 0x0000A8A5, 0x0000A8A7, 0x0000A8A8,
  0x0000A6AA, 0x0000A6AB, 0x0000A6AD, 0x0000A6AE, 0x0000A6AF, 0x0000A4B1, 0x0000A4B2, 0x0000A4B3, 0x0000A4B5, 0x0000A4B6,
  0x0000A4B7, 0x0000A2B8, 0x0000A2BA, 0x0000A2BB, 0x0000A2BC, 0x0000A2BD, 0x0000A2BE, 0x0000A2BF, 0x0000A0C1, 0x0000A0C2,
  0x0000A0C3, 0x0000A0C4, 0x0000A0C5, 0x0000A0C6, 0x0000A0C7, 0x0000A0C8, 0x0000A0C9, 0x00009ECA, 0x00009ECB, 0x00009ECC,
  0x00009ECD, 0x00009ECE, 0x00009ED0, 0x00009ED1, 0x00009ED2, 0x00009ED3, 0x00009ED4, 0x00009ED5, 0x00009CD6, 0x00009CD6,
  0x00009CD7, 0x00009CD8, 0x00009CD9, 0x00009CDA, 0x00009CDB, 0x00009CDC, 0x00009CDD, 0x00009CDE, 0x00009CDF, 0x00009CE0,
  0x00009CE1, 0x00009CE2, 0x00009CE3, 0x00009CE4, 0x00009AE5, 0x00009AE6, 0x00009AE7, 0x00009AE8, 0x00009AE8, 0x00009AE9,
  0x00009AEA, 0x00009AEB, 0x00009AEC, 0x00009AED, 0x00009AEE, 0x00009AEF, 0x00009AF0, 0x00009AF1, 0x00009AF2, 0x00009AF2,
  0x00009AF3, 0x00009AF4, 0x00009AF5, 0x00009AF6, 0x00009AF7, 0x00009AF8, 0x00009AF9, 0x00009AFA, 0x00009AFB, 0x00009AFB,
  0x00009AFC, 0x00009AFD, 0x00009AFE, 0x00009AFF, 0x00009B00, 0x00009B01, 0x00009B02, 0x00009B03, 0x00009B04, 0x00009B04,
  0x00009B05, 0x00009B06, 0x00009B07, 0x00009B08, 0x00009B09, 0x00009B0A, 0x00009B0B, 0x00009B0C, 0x00009B0D, 0x00009B0D,
  0x00009B0E, 0x00009B0F, 0x00009B10, 0x00009B11, 0x00009B12, 0x00009B13, 0x00009B14, 0x00009B15, 0x00009B16, 0x00009B17,
  0x00009B17, 0x00009B18, 0x00009B19, 0x00009B1A, 0x00009D1B, 0x00009D1C, 0x00009D1D, 0x00009D1E, 0x00009D1F, 0x00009D20,
  0x00009D21, 0x00009D22, 0x00009D23, 0x00009D24, 0x00009D25, 0x00009D26, 0x00009D27, 0x00009D28, 0x00009D29, 0x00009D29,
  0x00009F2A, 0x00009F2B, 0x00009F2C, 0x00009F2D, 0x00009F2E, 0x00009F2F, 0x00009F31, 0x00009F32, 0x00009F33, 0x00009F34,
  0x00009F35, 0x0000A136, 0x0000A137, 0x0000A138, 0x0000A139, 0x0000A13A, 0x0000A13B, 0x0000A13C, 0x0000A13D, 0x0000A13E,
  0x0000A340, 0x0000A341, 0x0000A342, 0x0000A343, 0x0000A344, 0x0000A345, 0x0000A347, 0x0000A548, 0x0000A549, 0x0000A54A,
  0x0000A54C, 0x0000A54D, 0x0000A54E, 0x0000A750, 0x0000A751, 0x0000A752, 0x0000A754, 0x0000A755, 0x0000A957, 0x0000A958,
  0x0000A95A, 0x0000A95C, 0x0000AB5D, 0x0000AB5F, 0x0000AB61, 0x0000AD63, 0x0000AD65, 0x0000AD67, 0x0000AF69, 0x0000AF6C,
  0x0000AF6E, 0x0000B171, 0x0000B175, 0x0000B379, 0x0000B57F, 0x00000000, 0x00000000, 0x00000000, 0x00000000, 0x00000000,
  0x00000000, 0x00000000, 0x00000000, 0x00000000, 0x00000000, 0x00000000, 0x00000000, 0x00000000, 0x00000000, 0x00000000,
  0x00000000, 0x00000000, 0x00000000, 0x00000000, 0x00000000, 0x00000000, 0x00000000, 0x0000B484, 0x0000B489, 0x0000B28C,
  0x0000B08F, 0x0000B092, 0x0000B095, 0x0000AE97, 0x0000AE99, 0x0000AE9B, 0x0000AC9D, 0x0000AC9F, 0x0000ACA1, 0x0000AAA3,
  0x0000AAA4, 0x0000AAA6, 0x0000AAA7, 0x0000A8A9, 0x0000A8AA, 0x0000A8AC, 0x0000A8AD, 0x0000A8AF, 0x0000A6B0, 0x0000A6B1,
  0x0000A6B3, 0x0000A6B4, 0x0000A6B5, 0x0000A6B6, 0x0000A4B8, 0x0000A4B9, 0x0000A4BA, 0x0000A4BB, 0x0000A4BC, 0x0000A4BE,
  0x0000A2BF, 0x0000A2C0, 0x0000A2C1, 0x0000A2C2, 0x0000A2C3, 0x0000A2C4, 0x0000A2C5, 0x0000A2C7, 0x0000A2C8, 0x0000A0C9,
  0x0000A0CA, 0x0000A0CB, 0x0000A0CC, 0x0000A0CD, 0x0000A0CE, 0x0000A0CF, 0x0000A0D0, 0x0000A0D1, 0x0000A0D2, 0x00009ED3,
  0x00009ED4, 0x00009ED5, 0x00009ED6, 0x00009ED7, 0x00009ED8, 0x00009ED9, 0x00009EDA, 0x00009EDB, 0x00009EDC, 0x00009EDD,
  0x00009EDD, 0x00009EDE, 0x00009EDF, 0x00009EE0, 0x00009CE1, 0x00009CE2, 0x00009CE3, 0x00009CE4, 0x00009CE5, 0x00009CE6,
  0x00009CE7, 0x00009CE8, 0x00009CE9, 0x00009CEA, 0x00009CEA, 0x00009CEB, 0x00009CEC, 0x00009CED, 0x00009CEE, 0x00009CEF,
  0x00009CF0, 0x00009CF1, 0x00009CF2, 0x00009CF3, 0x00009CF3, 0x00009CF4, 0x00009CF5, 0x00009CF6, 0x00009CF7, 0x00009CF8,
  0x00009CF9, 0x00009CFA, 0x00009CFB, 0x00009CFB, 0x00009CFC, 0x00009CFD, 0x00009CFE, 0x00009CFF, 0x00009D00, 0x00009D01,
  0x00009D02, 0x00009D03, 0x00009D04, 0x00009D04, 0x00009D05, 0x00009D06, 0x00009D07, 0x00009D08, 0x00009D09, 0x00009D0A,
  0x00009D0B, 0x00009D0C, 0x00009D0C, 0x00009D0D, 0x00009D0E, 0x00009D0F, 0x00009D10, 0x00009D11, 0x00009D12, 0x00009D13,
  0x00009D14, 0x00009D15, 0x00009D15, 0x00009D16, 0x00009D17, 0x00009D18, 0x00009D19, 0x00009D1A, 0x00009D1B, 0x00009D1C,
  0x00009D1D, 0x00009D1E, 0x00009F1F, 0x00009F20, 0x00009F21, 0x00009F22, 0x00009F22, 0x00009F23, 0x00009F24, 0x00009F25,
  0x00009F26, 0x00009F27, 0x00009F28, 0x00009F29, 0x00009F2A, 0x00009F2B, 0x00009F2C, 0x0000A12D, 0x0000A12E, 0x0000A12F,
  0x0000A130, 0x0000A131, 0x0000A132, 0x0000A133, 0x0000A134, 0x0000A135, 0x0000A136, 0x0000A337, 0x0000A338, 0x0000A33A,
  0x0000A33B, 0x0000A33C, 0x0000A33D, 0x0000A33E, 0x0000A33F, 0x0000A340, 0x0000A541, 0x0000A543, 0x0000A544, 0x0000A545,
  0x0000A546, 0x0000A547, 0x0000A749, 0x0000A74A, 0x0000A74B, 0x0000A74C, 0x0000A74E, 0x0000A74F, 0x0000A950, 0x0000A952,
  0x0000A953, 0x0000A955, 0x0000A956, 0x0000AB58, 0x0000AB59, 0x0000AB5B, 0x0000AB5C, 0x0000AD5E, 0x0000AD60, 0x0000AD62,
  0x0000AF64, 0x0000AF66, 0x0000AF68, 0x0000B16A, 0x0000B16D, 0x0000B170, 0x0000B373, 0x0000B576, 0x0000B57B, 0x00000000,
  0x00000000, 0x00000000, 0x00000000, 0x00000000, 0x00000000, 0x00000000, 0x00000000, 0x00000000, 0x00000000, 0x00000000,
  0x00000000, 0x00000000, 0x00000000, 0x00000000, 0x00000000, 0x00000000, 0x00000000, 0x00000000, 0x00000000, 0x00000000,
  0x0000B880, 0x0000B686, 0x0000B48B, 0x0000B48E, 0x0000B291, 0x0000B293, 0x0000B096, 0x0000B098, 0x0000AE9A, 0x0000AE9C,
  0x0000AE9E, 0x0000AEA0, 0x0000ACA2, 0x0000ACA3, 0x0000ACA5, 0x0000ACA7, 0x0000AAA8, 0x0000AAAA, 0x0000AAAB, 0x0000AAAC,
  0x0000A8AE, 0x0000A8AF, 0x0000A8B1, 0x0000A8B2, 0x0000A8B3, 0x0000A8B4, 0x0000A6B6, 0x0000A6B7, 0x0000A6B8, 0x0000A6B9,
  0x0000A6BB, 0x0000A6BC, 0x0000A6BD, 0x0000A4BE, 0x0000A4BF, 0x0000A4C0, 0x0000A4C1, 0x0000A4C3, 0x0000A4C4, 0x0000A4C5,
  0x0000A4C6, 0x0000A2C7, 0x0000A2C8, 0x0000A2C9, 0x0000A2CA, 0x0000A2CB, 0x0000A2CC, 0x0000A2CD, 0x0000A2CE, 0x0000A2CF,
  0x0000A2D0, 0x0000A0D1, 0x0000A0D2, 0x0000A0D3, 0x0000A0D4, 0x0000A0D5, 0x0000A0D6, 0x0000A0D7, 0x0000A0D8, 0x0000A0D9,
  0x0000A0DA, 0x0000A0DB, 0x0000A0DC, 0x0000A0DD, 0x00009EDE, 0x00009EDF, 0x00009EE0, 0x00009EE1, 0x00009EE1, 0x00009EE2,
  0x00009EE3, 0x00009EE4, 0x00009EE5, 0x00009EE6, 0x00009EE7, 0x00009EE8, 0x00009EE9, 0x00009EEA, 0x00009EEB, 0x00009EEB,
  0x00009EEC, 0x00009EED, 0x00009EEE, 0x00009EEF, 0x00009EF0, 0x00009EF1, 0x00009EF2, 0x00009EF3, 0x00009EF4, 0x00009EF4,
  0x00009CF5, 0x00009CF6, 0x00009CF7, 0x00009CF8, 0x00009CF9, 0x00009CFA, 0x00009CFB, 0x00009CFC, 0x00009CFC, 0x00009CFD,
  0x00009CFE, 0x00009CFF, 0x00009D00, 0x00009D01, 0x00009D02, 0x00009D03, 0x00009D03, 0x00009D04, 0x00009D05, 0x00009D06,
  0x00009D07, 0x00009D08, 0x00009D09, 0x00009D0A, 0x00009F0B, 0x00009F0B, 0x00009F0C, 0x00009F0D, 0x00009F0E, 0x00009F0F,
  0x00009F10, 0x00009F11, 0x00009F12, 0x00009F13, 0x00009F14, 0x00009F14, 0x00009F15, 0x00009F16, 0x00009F17, 0x00009F18,
  0x00009F19, 0x00009F1A, 0x00009F1B, 0x00009F1C, 0x00009F1D, 0x00009F1E, 0x00009F1E, 0x00009F1F, 0x00009F20, 0x00009F21,
  0x0000A122, 0x0000A123, 0x0000A124, 0x0000A125, 0x0000A126, 0x0000A127, 0x0000A128, 0x0000A129, 0x0000A12A, 0x0000A12B,
  0x0000A12C, 0x0000A12D, 0x0000A12E, 0x0000A32F, 0x0000A330, 0x0000A331, 0x0000A332, 0x0000A333, 0x0000A334, 0x0000A335,
  0x0000A336, 0x0000A337, 0x0000A338, 0x0000A539, 0x0000A53A, 0x0000A53B, 0x0000A53C, 0x0000A53E, 0x0000A53F, 0x0000A540,
  0x0000A541, 0x0000A742, 0x0000A743, 0x0000A744, 0x0000A746, 0x0000A747, 0x0000A748, 0x0000A749, 0x0000A94B, 0x0000A94C,
  0x0000A94D, 0x0000A94E, 0x0000A950, 0x0000A951, 0x0000AB53, 0x0000AB54, 0x0000AB55, 0x0000AB57, 0x0000AD58, 0x0000AD5A,
  0x0000AD5C, 0x0000AD5D, 0x0000AF5F, 0x0000AF61, 0x0000AF63, 0x0000AF65, 0x0000B167, 0x0000B169, 0x0000B36C, 0x0000B36E,
  0x0000B571, 0x0000B574, 0x0000B779, 0x0000B97F, 0x00000000, 0x00000000, 0x00000000, 0x00000000, 0x00000000, 0x00000000,
  0x00000000, 0x00000000, 0x00000000, 0x00000000, 0x00000000, 0x00000000, 0x00000000, 0x00000000, 0x00000000, 0x00000000,
  0x00000000, 0x00000000, 0x00000000, 0x00000000, 0x0000B884, 0x0000B688, 0x0000B68C, 0x0000B48F, 0x0000B492, 0x0000B295,
  0x0000B297, 0x0000B099, 0x0000B09B, 0x0000B09D, 0x0000B09F, 0x0000AEA1, 0x0000AEA2, 0x0000AEA4, 0x0000ACA6, 0x0000ACA7,
  0x0000ACA9, 0x0000ACAA, 0x0000ACAC, 0x0000AAAD, 0x0000AAAF, 0x0000AAB0, 0x0000AAB1, 0x0000AAB3, 0x0000A8B4, 0x0000A8B5,
  0x0000A8B6, 0x0000A8B8, 0x0000A8B9, 0x0000A8BA, 0x0000A8BB, 0x0000A6BC, 0x0000A6BD, 0x0000A6BF, 0x0000A6C0, 0x0000A6C1,
  0x0000A6C2, 0x0000A6C3, 0x0000A6C4, 0x0000A4C5, 0x0000A4C6, 0x0000A4C7, 0x0000A4C8, 0x0000A4C9, 0x0000A4CA, 0x0000A4CB,
  0x0000A4CC, 0x0000A4CE, 0x0000A2CF, 0x0000A2D0, 0x0000A2D1, 0x0000A2D2, 0x0000A2D2, 0x0000A2D3, 0x0000A2D4, 0x0000A2D5,
  0x0000A2D6, 0x0000A2D7, 0x0000A2D8, 0x0000A2D9, 0x0000A2DA, 0x0000A0DB, 0x0000A0DC, 0x0000A0DD, 0x0000A0DE, 0x0000A0DF,
  0x0000A0E0, 0x0000A0E1, 0x0000A0E2, 0x0000A0E3, 0x0000A0E3, 0x0000A0E4, 0x0000A0E5, 0x0000A0E6, 0x0000A0E7, 0x0000A0E8,
  0x0000A0E9, 0x0000A0EA, 0x0000A0EB, 0x0000A0EC, 0x0000A0ED, 0x0000A0ED, 0x00009EEE, 0x00009EEF, 0x00009EF0, 0x00009EF1,
  0x00009EF2, 0x00009EF3, 0x00009EF4, 0x00009EF5, 0x00009EF5, 0x00009EF6, 0x00009EF7, 0x00009EF8, 0x00009EF9, 0x00009EFA,
  0x00009EFB, 0x00009EFC, 0x00009EFC, 0x00009EFD, 0x00009EFE, 0x00009EFF, 0x00009F00, 0x00009F01, 0x00009F02, 0x00009F03,
  0x00009F03, 0x00009F04, 0x00009F05, 0x00009F06, 0x00009F07, 0x00009F08, 0x00009F09, 0x00009F0A, 0x00009F0A, 0x00009F0B,
  0x00009F0C, 0x00009F0D, 0x00009F0E, 0x00009F0F, 0x00009F10, 0x00009F11, 0x0000A112, 0x0000A112, 0x0000A113, 0x0000A114,
  0x0000A115, 0x0000A116, 0x0000A117, 0x0000A118, 0x0000A119, 0x0000A11A, 0x0000A11B, 0x0000A11C, 0x0000A11C, 0x0000A11D,
  0x0000A11E, 0x0000A11F, 0x0000A120, 0x0000A121, 0x0000A122, 0x0000A123, 0x0000A124, 0x0000A325, 0x0000A326, 0x0000A327,
  0x0000A328, 0x0000A329, 0x0000A32A, 0x0000A32B, 0x0000A32C, 0x0000A32D, 0x0000A32D, 0x0000A32E, 0x0000A32F, 0x0000A330,
  0x0000A531, 0x0000A533, 0x0000A534, 0x0000A535, 0x0000A536, 0x0000A537, 0x0000A538, 0x0000A539, 0x0000A53A, 0x0000A73B,
  0x0000A73C, 0x0000A73D, 0x0000A73E, 0x0000A73F, 0x0000A740, 0x0000A742, 0x0000A743, 0x0000A944, 0x0000A945, 0x0000A946,
  0x0000A947, 0x0000A949, 0x0000A94A, 0x0000A94B, 0x0000AB4C, 0x0000AB4E, 0x0000AB4F, 0x0000AB50, 0x0000AB52, 0x0000AD53,
  0x0000AD55, 0x0000AD56, 0x0000AD58, 0x0000AD59, 0x0000AF5B, 0x0000AF5D, 0x0000AF5E, 0x0000B160, 0x0000B162, 0x0000B164,
  0x0000B166, 0x0000B368, 0x0000B36A, 0x0000B56D, 0x0000B570, 0x0000B773, 0x0000B777, 0x0000B97B, 0x00000000, 0x00000000,
  0x00000000, 0x00000000, 0x00000000, 0x00000000, 0x00000000, 0x00000000, 0x00000000, 0x00000000, 0x00000000, 0x00000000,
  0x00000000, 0x00000000, 0x00000000, 0x00000000, 0x00000000, 0x00000000, 0x00000000, 0x0000BC7F, 0x0000BA86, 0x0000B88A,
  0x0000B68E, 0x0000B691, 0x0000B493, 0x0000B496, 0x0000B298, 0x0000B29A, 0x0000B29C, 0x0000B09E, 0x0000B0A0, 0x0000B0A2,
  0x0000B0A3, 0x0000AEA5, 0x0000AEA6, 0x0000AEA8, 0x0000AEAA, 0x0000AEAB, 0x0000ACAC, 0x0000ACAE, 0x0000ACAF, 0x0000ACB0,
  0x0000ACB2, 0x0000AAB3, 0x0000AAB4, 0x0000AAB6, 0x0000AAB7, 0x0000AAB8, 0x0000AAB9, 0x0000A8BA, 0x0000A8BC, 0x0000A8BD,
  0x0000A8BE, 0x0000A8BF, 0x0000A8C0, 0x0000A8C1, 0x0000A8C2, 0x0000A6C3, 0x0000A6C5, 0x0000A6C6, 0x0000A6C7, 0x0000A6C8,
  0x0000A6C9, 0x0000A6CA, 0x0000A6CB, 0x0000A6CC, 0x0000A4CD, 0x0000A4CE, 0x0000A4CF, 0x0000A4D0, 0x0000A4D1, 0x0000A4D2,
  0x0000A4D3, 0x0000A4D4, 0x0000A4D5, 0x0000A4D6, 0x0000A4D7, 0x0000A4D8, 0x0000A2D9, 0x0000A2D9, 0x0000A2DA, 0x0000A2DB,
  0x0000A2DC, 0x0000A2DD, 0x0000A2DE, 0x0000A2DF, 0x0000A2E0, 0x0000A2E1, 0x0000A2E2, 0x0000A2E3, 0x0000A2E4, 0x0000A2E5,
  0x0000A2E5, 0x0000A2E6, 0x0000A2E7, 0x0000A2E8, 0x0000A0E9, 0x0000A0EA, 0x0000A0EB, 0x0000A0EC, 0x0000A0ED, 0x0000A0EE,
  0x0000A0EE, 0x0000A0EF, 0x0000A0F0, 0x0000A0F1, 0x0000A0F2, 0x0000A0F3, 0x0000A0F4, 0x0000A0F5, 0x0000A0F5, 0x0000A0F6,
  0x0000A0F7, 0x0000A0F8, 0x0000A0F9, 0x0000A0FA, 0x0000A0FB, 0x0000A0FC, 0x0000A0FC, 0x0000A0FD, 0x0000A0FE, 0x0000A0FF,
  0x0000A100, 0x0000A101, 0x0000A102, 0x0000A103, 0x0000A103, 0x0000A104, 0x0000A105, 0x0000A106, 0x0000A107, 0x0000A108,
  0x0000A109, 0x0000A10A, 0x0000A10A, 0x0000A10B, 0x0000A10C, 0x0000A10D, 0x0000A10E, 0x0000A10F, 0x0000A110, 0x0000A111,
  0x0000A111, 0x0000A112, 0x0000A113, 0x0000A114, 0x0000A115, 0x0000A116, 0x0000A317, 0x0000A318, 0x0000A319, 0x0000A31A,
  0x0000A31A, 0x0000A31B, 0x0000A31C, 0x0000A31D, 0x0000A31E, 0x0000A31F, 0x0000A320, 0x0000A321, 0x0000A322, 0x0000A323,
  0x0000A324, 0x0000A325, 0x0000A326, 0x0000A326, 0x0000A527, 0x0000A528, 0x0000A529, 0x0000A52A, 0x0000A52B, 0x0000A52C,
  0x0000A52D, 0x0000A52E, 0x0000A52F, 0x0000A530, 0x0000A531, 0x0000A532, 0x0000A733, 0x0000A734, 0x0000A735, 0x0000A736,
  0x0000A737, 0x0000A738, 0x0000A739, 0x0000A73A, 0x0000A73C, 0x0000A93D, 0x0000A93E, 0x0000A93F, 0x0000A940, 0x0000A941,
  0x0000A942, 0x0000A943, 0x0000A945, 0x0000AB46, 0x0000AB47, 0x0000AB48, 0x0000AB49, 0x0000AB4B, 0x0000AB4C, 0x0000AD4D,
  0x0000AD4F, 0x0000AD50, 0x0000AD51, 0x0000AD53, 0x0000AF54, 0x0000AF55, 0x0000AF57, 0x0000AF59, 0x0000AF5A, 0x0000B15C,
  0x0000B15D, 0x0000B15F, 0x0000B161, 0x0000B363, 0x0000B365, 0x0000B367, 0x0000B569, 0x0000B56C, 0x0000B76E, 0x0000B771,
  0x0000B975, 0x0000BB79, 0x0000BD80, 0x00000000, 0x00000000, 0x00000000, 0x00000000, 0x00000000, 0x00000000, 0x00000000,
  0x00000000, 0x00000000, 0x00000000, 0x00000000, 0x00000000, 0x00000000, 0x00000000, 0x00000000, 0x00000000, 0x00000000,
  0x00000000, 0x0000BC83, 0x0000BA88, 0x0000B88C, 0x0000B88F, 0x0000B692, 0x0000B695, 0x0000B497, 0x0000B499, 0x0000B49B,
  0x0000B29D, 0x0000B29F, 0x0000B2A1, 0x0000B2A2, 0x0000B0A4, 0x0000B0A6, 0x0000B0A7, 0x0000B0A9, 0x0000AEAA, 0x0000AEAC,
  0x0000AEAD, 0x0000AEAE, 0x0000AEB0, 0x0000ACB1, 0x0000ACB2, 0x0000ACB4, 0x0000ACB5, 0x0000ACB6, 0x0000ACB7, 0x0000AAB9,
  0x0000AABA, 0x0000AABB, 0x0000AABC, 0x0000AABD, 0x0000AABE, 0x0000AABF, 0x0000A8C1, 0x0000A8C2, 0x0000A8C3, 0x0000A8C4,
  0x0000A8C5, 0x0000A8C6, 0x0000A8C7, 0x0000A8C8, 0x0000A8C9, 0x0000A6CA, 0x0000A6CB, 0x0000A6CC, 0x0000A6CD, 0x0000A6CE,
  0x0000A6CF, 0x0000A6D0, 0x0000A6D1, 0x0000A6D2, 0x0000A6D3, 0x0000A6D4, 0x0000A6D5, 0x0000A4D6, 0x0000A4D7, 0x0000A4D8,
  0x0000A4D9, 0x0000A4DA, 0x0000A4DB, 0x0000A4DC, 0x0000A4DD, 0x0000A4DD, 0x0000A4DE, 0x0000A4DF, 0x0000A4E0, 0x0000A4E1,
  0x0000A4E2, 0x0000A4E3, 0x0000A4E4, 0x0000A2E5, 0x0000A2E6, 0x0000A2E7, 0x0000A2E7, 0x0000A2E8, 0x0000A2E9, 0x0000A2EA,
  0x0000A2EB, 0x0000A2EC, 0x0000A2ED, 0x0000A2EE, 0x0000A2EF, 0x0000A2EF, 0x0000A2F0, 0x0000A2F1, 0x0000A2F2, 0x0000A2F3,
  0x0000A2F4, 0x0000A2F5, 0x0000A2F6, 0x0000A2F6, 0x0000A2F7, 0x0000A2F8, 0x0000A2F9, 0x0000A2FA, 0x0000A2FB, 0x0000A2FC,
  0x0000A2FC, 0x0000A2FD, 0x0000A2FE, 0x0000A2FF, 0x0000A300, 0x0000A301, 0x0000A302, 0x0000A303, 0x0000A303, 0x0000A304,
  0x0000A305, 0x0000A306, 0x0000A307, 0x0000A308, 0x0000A309, 0x0000A309, 0x0000A30A, 0x0000A30B, 0x0000A30C, 0x0000A30D,
  0x0000A30E, 0x0000A30F, 0x0000A310, 0x0000A310, 0x0000A311, 0x0000A312, 0x0000A313, 0x0000A314, 0x0000A315, 0x0000A316,
  0x0000A317, 0x0000A318, 0x0000A318, 0x0000A319, 0x0000A31A, 0x0000A51B, 0x0000A51C, 0x0000A51D, 0x0000A51E, 0x0000A51F,
  0x0000A520, 0x0000A521, 0x0000A522, 0x0000A522, 0x0000A523, 0x0000A524, 0x0000A525, 0x0000A526, 0x0000A527, 0x0000A528,
  0x0000A529, 0x0000A72A, 0x0000A72B, 0x0000A72C, 0x0000A72D, 0x0000A72E, 0x0000A72F, 0x0000A730, 0x0000A731, 0x0000A732,
  0x0000A733, 0x0000A734, 0x0000A735, 0x0000A936, 0x0000A937, 0x0000A938, 0x0000A939, 0x0000A93A, 0x0000A93B, 0x0000A93C,
  0x0000A93D, 0x0000A93E, 0x0000AB40, 0x0000AB41, 0x0000AB42, 0x0000AB43, 0x0000AB44, 0x0000AB45, 0x0000AB46, 0x0000AD48,
  0x0000AD49, 0x0000AD4A, 0x0000AD4B, 0x0000AD4D, 0x0000AD4E, 0x0000AF4F, 0x0000AF51, 0x0000AF52, 0x0000AF53, 0x0000AF55,
  0x0000B156, 0x0000B158, 0x0000B159, 0x0000B15B, 0x0000B35D, 0x0000B35E, 0x0000B360, 0x0000B362, 0x0000B564, 0x0000B566,
  0x0000B568, 0x0000B76A, 0x0000B76D, 0x0000B970, 0x0000B973, 0x0000BB77, 0x0000BD7C, 0x00000000, 0x00000000, 0x00000000,
  0x00000000, 0x00000000, 0x00000000, 0x00000000, 0x00000000, 0x00000000, 0x00000000, 0x00000000, 0x00000000, 0x00000000,
  0x00000000, 0x00000000, 0x00000000, 0x00000000, 0x0000C07E, 0x0000BC86, 0x0000BA8A, 0x0000BA8E, 0x0000B891, 0x0000B893,
  0x0000B696, 0x0000B698, 0x0000B69A, 0x0000B49C, 0x0000B49E, 0x0000B4A0, 0x0000B4A1, 0x0000B2A3, 0x0000B2A5, 0x0000B2A6,
  0x0000B2A8, 0x0000B0A9, 0x0000B0AB, 0x0000B0AC, 0x0000B0AE, 0x0000B0AF, 0x0000AEB0, 0x0000AEB2, 0x0000AEB3, 0x0000AEB4,
  0x0000AEB5, 0x0000AEB7, 0x0000ACB8, 0x0000ACB9, 0x0000ACBA, 0x0000ACBB, 0x0000ACBD, 0x0000ACBE, 0x0000ACBF, 0x0000AAC0,
  0x0000AAC1, 0x0000AAC2, 0x0000AAC3, 0x0000AAC4, 0x0000AAC5, 0x0000AAC6, 0x0000AAC7, 0x0000A8C8, 0x0000A8C9, 0x0000A8CA,
  0x0000A8CB, 0x0000A8CC, 0x0000A8CD, 0x0000A8CE, 0x0000A8CF, 0x0000A8D0, 0x0000A8D1, 0x0000A8D2, 0x0000A6D3, 0x0000A6D4,
  0x0000A6D5, 0x0000A6D6, 0x0000A6D7, 0x0000A6D8, 0x0000A6D9, 0x0000A6DA, 0x0000A6DB, 0x0000A6DC, 0x0000A6DD, 0x0000A6DE,
  0x0000A6DF, 0x0000A6E0, 0x0000A4E0, 0x0000A4E1, 0x0000A4E2, 0x0000A4E3, 0x0000A4E4, 0x0000A4E5, 0x0000A4E6, 0x0000A4E7,
  0x0000A4E8, 0x0000A4E8, 0x0000A4E9, 0x0000A4EA, 0x0000A4EB, 0x0000A4EC, 0x0000A4ED, 0x0000A4EE, 0x0000A4EF, 0x0000A4F0,
  0x0000A4F0, 0x0000A4F1, 0x0000A4F2, 0x0000A4F3, 0x0000A4F4, 0x0000A4F5, 0x0000A4F6, 0x0000A4F6, 0x0000A4F7, 0x0000A4F8,
  0x0000A4F9, 0x0000A4FA, 0x0000A4FB, 0x0000A4FC, 0x0000A4FC, 0x0000A4FD, 0x0000A4FE, 0x0000A4FF, 0x0000A500, 0x0000A501,
  0x0000A502, 0x0000A503, 0x0000A503, 0x0000A504, 0x0000A505, 0x0000A506, 0x0000A507, 0x0000A508, 0x0000A509, 0x0000A509,
  0x0000A50A, 0x0000A50B, 0x0000A50C, 0x0000A50D, 0x0000A50E, 0x0000A50F, 0x0000A50F, 0x0000A510, 0x0000A511, 0x0000A512,
  0x0000A513, 0x0000A514, 0x0000A515, 0x0000A516, 0x0000A517, 0x0000A517, 0x0000A518, 0x0000A519, 0x0000A51A, 0x0000A51B,
  0x0000A51C, 0x0000A51D, 0x0000A51E, 0x0000A51F, 0x0000A71F, 0x0000A720, 0x0000A721, 0x0000A722, 0x0000A723, 0x0000A724,
  0x0000A725, 0x0000A726, 0x0000A727, 0x0000A728, 0x0000A729, 0x0000A72A, 0x0000A72B, 0x0000A72C, 0x0000A92D, 0x0000A92E,
  0x0000A92F, 0x0000A930, 0x0000A931, 0x0000A932, 0x0000A933, 0x0000A934, 0x0000A935, 0x0000A936, 0x0000A937, 0x0000AB38,
  0x0000AB39, 0x0000AB3A, 0x0000AB3B, 0x0000AB3C, 0x0000AB3D, 0x0000AB3E, 0x0000AB3F, 0x0000AD40, 0x0000AD41, 0x0000AD42,
  0x0000AD44, 0x0000AD45, 0x0000AD46, 0x0000AD47, 0x0000AF48, 0x0000AF4A, 0x0000AF4B, 0x0000AF4C, 0x0000AF4D, 0x0000AF4F,
  0x0000B150, 0x0000B151, 0x0000B153, 0x0000B154, 0x0000B156, 0x0000B357, 0x0000B359, 0x0000B35A, 0x0000B35C, 0x0000B55E,
  0x0000B55F, 0x0000B561, 0x0000B563, 0x0000B765, 0x0000B767, 0x0000B769, 0x0000B96C, 0x0000B96E, 0x0000BB71, 0x0000BB75,
  0x0000BD79, 0x0000C181, 0x00000000, 0x00000000, 0x00000000, 0x00000000, 0x00000000, 0x00000000, 0x00000000, 0x00000000,
  0x00000000, 0x00000000, 0x00000000, 0x00000000, 0x00000000, 0x00000000, 0x00000000, 0x00000000, 0x0000C082, 0x0000BE88,
  0x0000BC8C, 0x0000BA8F, 0x0000BA92, 0x0000B894, 0x0000B897, 0x0000B899, 0x0000B69B, 0x0000B69D, 0x0000B69F, 0x0000B4A1,
  0x0000B4A2, 0x0000B4A4, 0x0000B4A5, 0x0000B2A7, 0x0000B2A9, 0x0000B2AA, 0x0000B2AB, 0x0000B2AD, 0x0000B0AE, 0x0000B0B0,
  0x0000B0B1, 0x0000B0B2, 0x0000B0B3, 0x0000B0B5, 0x0000AEB6, 0x0000AEB7, 0x0000AEB8, 0x0000AEBA, 0x0000AEBB, 0x0000AEBC,
  0x0000AEBD, 0x0000ACBE, 0x0000ACBF, 0x0000ACC0, 0x0000ACC1, 0x0000ACC2, 0x0000ACC4, 0x0000ACC5, 0x0000ACC6, 0x0000AAC7,
  0x0000AAC8, 0x0000AAC9, 0x0000AACA, 0x0000AACB, 0x0000AACC, 0x0000AACD, 0x0000AACE, 0x0000AACF, 0x0000AAD0, 0x0000A8D1,
  0x0000A8D2, 0x0000A8D3, 0x0000A8D4, 0x0000A8D5, 0x0000A8D6, 0x0000A8D6, 0x0000A8D7, 0x0000A8D8, 0x0000A8D9, 0x0000A8DA,
  0x0000A8DB, 0x0000A8DC, 0x0000A6DD, 0x0000A6DE, 0x0000A6DF, 0x0000A6E0, 0x0000A6E1, 0x0000A6E2, 0x0000A6E2, 0x0000A6E3,
  0x0000A6E4, 0x0000A6E5, 0x0000A6E6, 0x0000A6E7, 0x0000A6E8, 0x0000A6E9, 0x0000A6E9, 0x0000A6EA, 0x0000A6EB, 0x0000A6EC,
  0x0000A6ED, 0x0000A6EE, 0x0000A6EF, 0x0000A6F0, 0x0000A6F0, 0x0000A6F1, 0x0000A6F2, 0x0000A4F3, 0x0000A4F4, 0x0000A4F5,
  0x0000A4F6, 0x0000A4F7, 0x0000A4F7, 0x0000A4F8, 0x0000A4F9, 0x0000A4FA, 0x0000A4FB, 0x0000A4FC, 0x0000A4FD, 0x0000A4FD,
  0x0000A4FE, 0x0000A4FF, 0x0000A500, 0x0000A501, 0x0000A502, 0x0000A502, 0x0000A503, 0x0000A504, 0x0000A505, 0x0000A506,
  0x0000A507, 0x0000A508, 0x0000A508, 0x0000A509, 0x0000A50A, 0x0000A50B, 0x0000A50C, 0x0000A70D, 0x0000A70E, 0x0000A70F,
  0x0000A70F, 0x0000A710, 0x0000A711, 0x0000A712, 0x0000A713, 0x0000A714, 0x0000A715, 0x0000A716, 0x0000A716, 0x0000A717,
  0x0000A718, 0x0000A719, 0x0000A71A, 0x0000A71B, 0x0000A71C, 0x0000A71D, 0x0000A71D, 0x0000A71E, 0x0000A71F, 0x0000A720,
  0x0000A721, 0x0000A722, 0x0000A923, 0x0000A924, 0x0000A925, 0x0000A926, 0x0000A927, 0x0000A928, 0x0000A929, 0x0000A929,
  0x0000A92A, 0x0000A92B, 0x0000A92C, 0x0000A92D, 0x0000A92E, 0x0000AB2F, 0x0000AB30, 0x0000AB31, 0x0000AB32, 0x0000AB33,
  0x0000AB34, 0x0000AB35, 0x0000AB36, 0x0000AB37, 0x0000AB38, 0x0000AD39, 0x0000AD3A, 0x0000AD3B, 0x0000AD3D, 0x0000AD3E,
  0x0000AD3F, 0x0000AD40, 0x0000AD41, 0x0000AF42, 0x0000AF43, 0x0000AF44, 0x0000AF45, 0x0000AF47, 0x0000AF48, 0x0000AF49,
  0x0000B14A, 0x0000B14C, 0x0000B14D, 0x0000B14E, 0x0000B14F, 0x0000B151, 0x0000B352, 0x0000B354, 0x0000B355, 0x0000B356,
  0x0000B358, 0x0000B55A, 0x0000B55B, 0x0000B55D, 0x0000B55E, 0x0000B760, 0x0000B762, 0x0000B764, 0x0000B966, 0x0000B968,
  0x0000B96B, 0x0000BB6D, 0x0000BB70, 0x0000BD73, 0x0000BF77, 0x0000C17D, 0x00000000, 0x00000000, 0x00000000, 0x00000000,
  0x00000000, 0x00000000, 0x00000000, 0x00000000, 0x00000000, 0x00000000, 0x00000000, 0x00000000, 0x00000000, 0x00000000,
  0x00000000, 0x00000000, 0x0000C085, 0x0000BE89, 0x0000BC8D, 0x0000BC90, 0x0000BC93, 0x0000BA95, 0x0000BA98, 0x0000B89A,
  0x0000B89C, 0x0000B89E, 0x0000B6A0, 0x0000B6A1, 0x0000B6A3, 0x0000B6A5, 0x0000B4A6, 0x0000B4A8, 0x0000B4A9, 0x0000B4AB,
  0x0000B4AC, 0x0000B2AD, 0x0000B2AF, 0x0000B2B0, 0x0000B2B1, 0x0000B2B3, 0x0000B0B4, 0x0000B0B5, 0x0000B0B6, 0x0000B0B8,
  0x0000B0B9, 0x0000B0BA, 0x0000B0BB, 0x0000AEBC, 0x0000AEBD, 0x0000AEBF, 0x0000AEC0, 0x0000AEC1, 0x0000AEC2, 0x0000AEC3,
  0x0000ACC4, 0x0000ACC5, 0x0000ACC6, 0x0000ACC7, 0x0000ACC8, 0x0000ACC9, 0x0000ACCA, 0x0000ACCB, 0x0000ACCC, 0x0000ACCD,
  0x0000AACE, 0x0000AACF, 0x0000AAD0, 0x0000AAD1, 0x0000AAD2, 0x0000AAD3, 0x0000AAD4, 0x0000AAD5, 0x0000AAD6, 0x0000AAD7,
  0x0000AAD8, 0x0000AAD9, 0x0000AADA, 0x0000A8DA, 0x0000A8DB, 0x0000A8DC, 0x0000A8DD, 0x0000A8DE, 0x0000A8DF, 0x0000A8E0,
  0x0000A8E1, 0x0000A8E2, 0x0000A8E3, 0x0000A8E3, 0x0000A8E4, 0x0000A8E5, 0x0000A8E6, 0x0000A8E7, 0x0000A8E8, 0x0000A8E9,
  0x0000A8EA, 0x0000A8EA, 0x0000A8EB, 0x0000A6EC, 0x0000A6ED, 0x0000A6EE, 0x0000A6EF, 0x0000A6F0, 0x0000A6F1, 0x0000A6F1,
  0x0000A6F2, 0x0000A6F3, 0x0000A6F4, 0x0000A6F5, 0x0000A6F6, 0x0000A6F7, 0x0000A6F7, 0x0000A6F8, 0x0000A6F9, 0x0000A6FA,
  0x0000A6FB, 0x0000A6FC, 0x0000A6FD, 0x0000A6FD, 0x0000A6FE, 0x0000A6FF, 0x0000A700, 0x0000A701, 0x0000A702, 0x0000A702,
  0x0000A703, 0x0000A704, 0x0000A705, 0x0000A706, 0x0000A707, 0x0000A708, 0x0000A708, 0x0000A709, 0x0000A70A, 0x0000A70B,
  0x0000A70C, 0x0000A70D, 0x0000A70E, 0x0000A70E, 0x0000A70F, 0x0000A710, 0x0000A711, 0x0000A712, 0x0000A713, 0x0000A914,
  0x0000A915, 0x0000A915, 0x0000A916, 0x0000A917, 0x0000A918, 0x0000A919, 0x0000A91A, 0x0000A91B, 0x0000A91C, 0x0000A91C,
  0x0000A91D, 0x0000A91E, 0x0000A91F, 0x0000A920, 0x0000A921, 0x0000A922, 0x0000A923, 0x0000A924, 0x0000A925, 0x0000AB25,
  0x0000AB26, 0x0000AB27, 0x0000AB28, 0x0000AB29, 0x0000AB2A, 0x0000AB2B, 0x0000AB2C, 0x0000AB2D, 0x0000AB2E, 0x0000AB2F,
  0x0000AB30, 0x0000AB31, 0x0000AD32, 0x0000AD33, 0x0000AD34, 0x0000AD35, 0x0000AD36, 0x0000AD37, 0x0000AD38, 0x0000AD39,
  0x0000AD3A, 0x0000AD3B, 0x0000AF3C, 0x0000AF3D, 0x0000AF3E, 0x0000AF3F, 0x0000AF40, 0x0000AF42, 0x0000AF43, 0x0000B144,
  0x0000B145, 0x0000B146, 0x0000B147, 0x0000B149, 0x0000B14A, 0x0000B14B, 0x0000B34C, 0x0000B34E, 0x0000B34F, 0x0000B350,
  0x0000B352, 0x0000B553, 0x0000B554, 0x0000B556, 0x0000B557, 0x0000B559, 0x0000B75A, 0x0000B75C, 0x0000B75E, 0x0000B75F,
  0x0000B961, 0x0000B963, 0x0000B965, 0x0000BB67, 0x0000BB6A, 0x0000BD6C, 0x0000BD6F, 0x0000BD72, 0x0000BF76, 0x0000C17A,
  0x00000000, 0x00000000, 0x00000000, 0x00000000, 0x00000000, 0x00000000, 0x00000000, 0x00000000, 0x00000000, 0x00000000,
  0x00000000, 0x00000000, 0x00000000, 0x00000000, 0x00000000, 0x0000C480, 0x0000C087, 0x0000C08B, 0x0000BE8E, 0x0000BE91,
  0x0000BC94, 0x0000BC96, 0x0000BA99, 0x0000BA9B, 0x0000BA9D, 0x0000B89E, 0x0000B8A0, 0x0000B8A2, 0x0000B8A4, 0x0000B6A5,
  0x0000B6A7, 0x0000B6A8, 0x0000B6AA, 0x0000B4AB, 0x0000B4AD, 0x0000B4AE, 0x0000B4AF, 0x0000B4B1, 0x0000B4B2, 0x0000B2B3,
  0x0000B2B4, 0x0000B2B6, 0x0000B2B7, 0x0000B2B8, 0x0000B2B9, 0x0000B0BA, 0x0000B0BC, 0x0000B0BD, 0x0000B0BE, 0x0000B0BF,
  0x0000B0C0, 0x0000B0C1, 0x0000AEC2, 0x0000AEC3, 0x0000AEC4, 0x0000AEC5, 0x0000AEC6, 0x0000AEC7, 0x0000AEC8, 0x0000AEC9,
  0x0000AECA, 0x0000AECB, 0x0000ACCC, 0x0000ACCD, 0x0000ACCE, 0x0000ACCF, 0x0000ACD0, 0x0000ACD1, 0x0000ACD2, 0x0000ACD3,
  0x0000ACD4, 0x0000ACD5, 0x0000ACD6, 0x0000AAD7, 0x0000AAD8, 0x0000AAD9, 0x0000AADA, 0x0000AADB, 0x0000AADC, 0x0000AADC,
  0x0000AADD, 0x0000AADE, 0x0000AADF, 0x0000AAE0, 0x0000AAE1, 0x0000AAE2, 0x0000AAE3, 0x0000AAE4, 0x0000AAE5, 0x0000AAE5,
  0x0000AAE6, 0x0000A8E7, 0x0000A8E8, 0x0000A8E9, 0x0000A8EA, 0x0000A8EB, 0x0000A8EB, 0x0000A8EC, 0x0000A8ED, 0x0000A8EE,
  0x0000A8EF, 0x0000A8F0, 0x0000A8F1, 0x0000A8F1, 0x0000A8F2, 0x0000A8F3, 0x0000A8F4, 0x0000A8F5, 0x0000A8F6, 0x0000A8F7,
  0x0000A8F7, 0x0000A8F8, 0x0000A8F9, 0x0000A8FA, 0x0000A8FB, 0x0000A8FC, 0x0000A8FD, 0x0000A8FD, 0x0000A8FE, 0x0000A8FF,
  0x0000A900, 0x0000A901, 0x0000A902, 0x0000A902, 0x0000A903, 0x0000A904, 0x0000A905, 0x0000A906, 0x0000A907, 0x0000A908,
  0x0000A908, 0x0000A909, 0x0000A90A, 0x0000A90B, 0x0000A90C, 0x0000A90D, 0x0000A90E, 0x0000A90E, 0x0000A90F, 0x0000A910,
  0x0000A911, 0x0000A912, 0x0000A913, 0x0000A914, 0x0000A914, 0x0000A915, 0x0000A916, 0x0000A917, 0x0000A918, 0x0000AB19,
  0x0000AB1A, 0x0000AB1A, 0x0000AB1B, 0x0000AB1C, 0x0000AB1D, 0x0000AB1E, 0x0000AB1F, 0x0000AB20, 0x0000AB21, 0x0000AB22,
  0x0000AB23, 0x0000AB23, 0x0000AB24, 0x0000AB25, 0x0000AB26, 0x0000AB27, 0x0000AB28, 0x0000AD29, 0x0000AD2A, 0x0000AD2B,
  0x0000AD2C, 0x0000AD2D, 0x0000AD2E, 0x0000AD2F, 0x0000AD30, 0x0000AD31, 0x0000AD32, 0x0000AD33, 0x0000AF34, 0x0000AF35,
  0x0000AF36, 0x0000AF37, 0x0000AF38, 0x0000AF39, 0x0000AF3A, 0x0000AF3B, 0x0000AF3C, 0x0000AF3D, 0x0000B13E, 0x0000B13F,
  0x0000B140, 0x0000B141, 0x0000B142, 0x0000B143, 0x0000B145, 0x0000B346, 0x0000B347, 0x0000B348, 0x0000B349, 0x0000B34B,
  0x0000B34C, 0x0000B54D, 0x0000B54E, 0x0000B550, 0x0000B551, 0x0000B552, 0x0000B554, 0x0000B755, 0x0000B757, 0x0000B758,
  0x0000B75A, 0x0000B95B, 0x0000B95D, 0x0000B95F, 0x0000B961, 0x0000BB62, 0x0000BB64, 0x0000BB66, 0x0000BD69, 0x0000BD6B,
  0x0000BF6E, 0x0000BF71, 0x0000C174, 0x0000C178, 0x0000C57F, 0x00000000, 0x00000000, 0x00000000, 0x00000000, 0x00000000,
  0x00000000, 0x00000000, 0x00000000, 0x00000000, 0x00000000, 0x00000000, 0x00000000, 0x00000000, 0x00000000, 0x0000C483,
  0x0000C289, 0x0000C08D, 0x0000C090, 0x0000BE92, 0x0000BE95, 0x0000BC97, 0x0000BC99, 0x0000BC9B, 0x0000BA9D, 0x0000BA9F,
  0x0000BAA1, 0x0000BAA3, 0x0000B8A4, 0x0000B8A6, 0x0000B8A7, 0x0000B8A9, 0x0000B6AA, 0x0000B6AC, 0x0000B6AD, 0x0000B6AF,
  0x0000B6B0, 0x0000B4B1, 0x0000B4B2, 0x0000B4B4, 0x0000B4B5, 0x0000B4B6, 0x0000B4B7, 0x0000B2B9, 0x0000B2BA, 0x0000B2BB,
  0x0000B2BC, 0x0000B2BD, 0x0000B2BE, 0x0000B2BF, 0x0000B0C0, 0x0000B0C1, 0x0000B0C3, 0x0000B0C4, 0x0000B0C5, 0x0000B0C6,
  0x0000B0C7, 0x0000B0C8, 0x0000B0C9, 0x0000AECA, 0x0000AECB, 0x0000AECC, 0x0000AECD, 0x0000AECE, 0x0000AECF, 0x0000AED0,
  0x0000AED1, 0x0000AED2, 0x0000AED3, 0x0000AED3, 0x0000ACD4, 0x0000ACD5, 0x0000ACD6, 0x0000ACD7, 0x0000ACD8, 0x0000ACD9,
  0x0000ACDA, 0x0000ACDB, 0x0000ACDC, 0x0000ACDD, 0x0000ACDE, 0x0000ACDE, 0x0000ACDF, 0x0000ACE0, 0x0000ACE1, 0x0000ACE2,
  0x0000AAE3, 0x0000AAE4, 0x0000AAE5, 0x0000AAE6, 0x0000AAE6, 0x0000AAE7, 0x0000AAE8, 0x0000AAE9, 0x0000AAEA, 0x0000AAEB,
  0x0000AAEC, 0x0000AAEC, 0x0000AAED, 0x0000AAEE, 0x0000AAEF, 0x0000AAF0, 0x0000AAF1, 0x0000AAF2, 0x0000AAF2, 0x0000AAF3,
  0x0000AAF4, 0x0000AAF5, 0x0000AAF6, 0x0000AAF7, 0x0000AAF8, 0x0000AAF8, 0x0000AAF9, 0x0000AAFA, 0x0000AAFB, 0x0000AAFC,
  0x0000AAFD, 0x0000AAFD, 0x0000AAFE, 0x0000AAFF, 0x0000AB00, 0x0000AB01, 0x0000AB02, 0x0000AB02, 0x0000AB03, 0x0000AB04,
  0x0000AB05, 0x0000AB06, 0x0000AB07, 0x0000AB07, 0x0000AB08, 0x0000AB09, 0x0000AB0A, 0x0000AB0B, 0x0000AB0C, 0x0000AB0D,
  0x0000AB0D, 0x0000AB0E, 0x0000AB0F, 0x0000AB10, 0x0000AB11, 0x0000AB12, 0x0000AB13, 0x0000AB13, 0x0000AB14, 0x0000AB15,
  0x0000AB16, 0x0000AB17, 0x0000AB18, 0x0000AB19, 0x0000AB19, 0x0000AB1A, 0x0000AB1B, 0x0000AB1C, 0x0000AD1D, 0x0000AD1E,
  0x0000AD1F, 0x0000AD20, 0x0000AD21, 0x0000AD21, 0x0000AD22, 0x0000AD23, 0x0000AD24, 0x0000AD25, 0x0000AD26, 0x0000AD27,
  0x0000AD28, 0x0000AD29, 0x0000AD2A, 0x0000AD2B, 0x0000AF2C, 0x0000AF2C, 0x0000AF2D, 0x0000AF2E, 0x0000AF2F, 0x0000AF30,
  0x0000AF31, 0x0000AF32, 0x0000AF33, 0x0000AF34, 0x0000AF35, 0x0000B136, 0x0000B137, 0x0000B138, 0x0000B139, 0x0000B13A,
  0x0000B13B, 0x0000B13C, 0x0000B13E, 0x0000B13F, 0x0000B340, 0x0000B341, 0x0000B342, 0x0000B343, 0x0000B344, 0x0000B345,
  0x0000B346, 0x0000B548, 0x0000B549, 0x0000B54A, 0x0000B54B, 0x0000B54D, 0x0000B54E, 0x0000B74F, 0x0000B750, 0x0000B752,
  0x0000B753, 0x0000B755, 0x0000B956, 0x0000B958, 0x0000B959, 0x0000B95B, 0x0000BB5C, 0x0000BB5E, 0x0000BB60, 0x0000BB62,
  0x0000BD64, 0x0000BD66, 0x0000BD68, 0x0000BF6A, 0x0000BF6D, 0x0000C16F, 0x0000C172, 0x0000C376, 0x0000C57C, 0x00000000,
  0x00000000, 0x00000000, 0x00000000, 0x00000000, 0x00000000, 0x00000000, 0x00000000, 0x00000000, 0x00000000, 0x00000000,
  0x00000000, 0x00000000, 0x0000C87D, 0x0000C486, 0x0000C28A, 0x0000C28E, 0x0000C091, 0x0000C094, 0x0000BE96, 0x0000BE98,
  0x0000BE9A, 0x0000BC9C, 0x0000BC9E, 0x0000BCA0, 0x0000BAA2, 0x0000BAA3, 0x0000BAA5, 0x0000BAA6, 0x0000B8A8, 0x0000B8A9,
  0x0000B8AB, 0x0000B8AC, 0x0000B8AE, 0x0000B6AF, 0x0000B6B0, 0x0000B6B2, 0x0000B6B3, 0x0000B6B4, 0x0000B6B5, 0x0000B4B7,
  0x0000B4B8, 0x0000B4B9, 0x0000B4BA, 0x0000B4BB, 0x0000B4BC, 0x0000B4BD, 0x0000B2BF, 0x0000B2C0, 0x0000B2C1, 0x0000B2C2,
  0x0000B2C3, 0x0000B2C4, 0x0000B2C5, 0x0000B2C6, 0x0000B2C7, 0x0000B0C8, 0x0000B0C9, 0x0000B0CA, 0x0000B0CB, 0x0000B0CC,
  0x0000B0CD, 0x0000B0CE, 0x0000B0CF, 0x0000B0D0, 0x0000B0D1, 0x0000AED2, 0x0000AED3, 0x0000AED4, 0x0000AED5, 0x0000AED6,
  0x0000AED6, 0x0000AED7, 0x0000AED8, 0x0000AED9, 0x0000AEDA, 0x0000AEDB, 0x0000AEDC, 0x0000AEDD, 0x0000AEDE, 0x0000AEDF,
  0x0000ACE0, 0x0000ACE0, 0x0000ACE1, 0x0000ACE2, 0x0000ACE3, 0x0000ACE4, 0x0000ACE5, 0x0000ACE6, 0x0000ACE7, 0x0000ACE7,
  0x0000ACE8, 0x0000ACE9, 0x0000ACEA, 0x0000ACEB, 0x0000ACEC, 0x0000ACED, 0x0000ACED, 0x0000ACEE, 0x0000ACEF, 0x0000ACF0,
  0x0000ACF1, 0x0000ACF2, 0x0000ACF2, 0x0000ACF3, 0x0000ACF4, 0x0000ACF5, 0x0000ACF6, 0x0000ACF7, 0x0000ACF8, 0x0000ACF8,
  0x0000AAF9, 0x0000AAFA, 0x0000AAFB, 0x0000AAFC, 0x0000AAFD, 0x0000AAFD, 0x0000AAFE, 0x0000AAFF, 0x0000AB00, 0x0000AB01,
  0x0000AB02, 0x0000AB02, 0x0000AB03, 0x0000AB04, 0x0000AB05, 0x0000AB06, 0x0000AD07, 0x0000AD07, 0x0000AD08, 0x0000AD09,
  0x0000AD0A, 0x0000AD0B, 0x0000AD0C, 0x0000AD0D, 0x0000AD0D, 0x0000AD0E, 0x0000AD0F, 0x0000AD10, 0x0000AD11, 0x0000AD12,
  0x0000AD12, 0x0000AD13, 0x0000AD14, 0x0000AD15, 0x0000AD16, 0x0000AD17, 0x0000AD18, 0x0000AD18, 0x0000AD19, 0x0000AD1A,
  0x0000AD1B, 0x0000AD1C, 0x0000AD1D, 0x0000AD1E, 0x0000AD1F, 0x0000AD1F, 0x0000AF20, 0x0000AF21, 0x0000AF22, 0x0000AF23,
  0x0000AF24, 0x0000AF25, 0x0000AF26, 0x0000AF27, 0x0000AF28, 0x0000AF29, 0x0000AF29, 0x0000AF2A, 0x0000AF2B, 0x0000AF2C,
  0x0000AF2D, 0x0000B12E, 0x0000B12F, 0x0000B130, 0x0000B131, 0x0000B132, 0x0000B133, 0x0000B134, 0x0000B135, 0x0000B136,
  0x0000B137, 0x0000B338, 0x0000B339, 0x0000B33A, 0x0000B33B, 0x0000B33C, 0x0000B33D, 0x0000B33E, 0x0000B33F, 0x0000B340,
  0x0000B542, 0x0000B543, 0x0000B544, 0x0000B545, 0x0000B546, 0x0000B547, 0x0000B548, 0x0000B74A, 0x0000B74B, 0x0000B74C,
  0x0000B74D, 0x0000B74F, 0x0000B750, 0x0000B951, 0x0000B953, 0x0000B954, 0x0000B956, 0x0000B957, 0x0000BB59, 0x0000BB5A,
  0x0000BB5C, 0x0000BB5D, 0x0000BD5F, 0x0000BD61, 0x0000BD63, 0x0000BF65, 0x0000BF67, 0x0000BF69, 0x0000C16B, 0x0000C16E,
  0x0000C371, 0x0000C375, 0x0000C579, 0x0000C982, 0x00000000, 0x00000000, 0x00000000, 0x00000000, 0x00000000, 0x00000000,
  0x00000000, 0x00000000, 0x00000000, 0x00000000, 0x00000000, 0x00000000, 0x0000C881, 0x0000C688, 0x0000C48C, 0x0000C28F,
  0x0000C292, 0x0000C095, 0x0000C097, 0x0000C099, 0x0000BE9B, 0x0000BE9D, 0x0000BE9F, 0x0000BCA1, 0x0000BCA2, 0x0000BCA4,
  0x0000BCA6, 0x0000BAA7, 0x0000BAA9, 0x0000BAAA, 0x0000BAAB, 0x0000BAAD, 0x0000B8AE, 0x0000B8B0, 0x0000B8B1, 0x0000B8B2,
  0x0000B8B3, 0x0000B6B5, 0x0000B6B6, 0x0000B6B7, 0x0000B6B8, 0x0000B6B9, 0x0000B6BB, 0x0000B6BC, 0x0000B4BD, 0x0000B4BE,
  0x0000B4BF, 0x0000B4C0, 0x0000B4C1, 0x0000B4C2, 0x0000B4C3, 0x0000B4C4, 0x0000B2C5, 0x0000B2C6, 0x0000B2C7, 0x0000B2C8,
  0x0000B2C9, 0x0000B2CA, 0x0000B2CB, 0x0000B2CC, 0x0000B2CD, 0x0000B2CE, 0x0000B0CF, 0x0000B0D0, 0x0000B0D1, 0x0000B0D2,
  0x0000B0D3, 0x0000B0D4, 0x0000B0D5, 0x0000B0D6, 0x0000B0D7, 0x0000B0D8, 0x0000B0D9, 0x0000B0D9, 0x0000B0DA, 0x0000B0DB,
  0x0000AEDC, 0x0000AEDD, 0x0000AEDE, 0x0000AEDF, 0x0000AEE0, 0x0000AEE1, 0x0000AEE1, 0x0000AEE2, 0x0000AEE3, 0x0000AEE4,
  0x0000AEE5, 0x0000AEE6, 0x0000AEE7, 0x0000AEE8, 0x0000AEE8, 0x0000AEE9, 0x0000AEEA, 0x0000AEEB, 0x0000AEEC, 0x0000AEED,
  0x0000AEEE, 0x0000AEEE, 0x0000ACEF, 0x0000ACF0, 0x0000ACF1, 0x0000ACF2, 0x0000ACF3, 0x0000ACF3, 0x0000ACF4, 0x0000ACF5,
  0x0000ACF6, 0x0000ACF7, 0x0000ACF8, 0x0000ACF8, 0x0000ACF9, 0x0000ACFA, 0x0000ACFB, 0x0000ACFC, 0x0000ACFD, 0x0000ACFD,
  0x0000ACFE, 0x0000ACFF, 0x0000AD00, 0x0000AD01, 0x0000AD02, 0x0000AD02, 0x0000AD03, 0x0000AD04, 0x0000AD05, 0x0000AD06,
  0x0000AD07, 0x0000AD07, 0x0000AD08, 0x0000AD09, 0x0000AD0A, 0x0000AD0B, 0x0000AD0C, 0x0000AD0C, 0x0000AD0D, 0x0000AD0E,
  0x0000AD0F, 0x0000AD10, 0x0000AF11, 0x0000AF11, 0x0000AF12, 0x0000AF13, 0x0000AF14, 0x0000AF15, 0x0000AF16, 0x0000AF17,
  0x0000AF17, 0x0000AF18, 0x0000AF19, 0x0000AF1A, 0x0000AF1B, 0x0000AF1C, 0x0000AF1D, 0x0000AF1E, 0x0000AF1E, 0x0000AF1F,
  0x0000AF20, 0x0000AF21, 0x0000AF22, 0x0000AF23, 0x0000B124, 0x0000B125, 0x0000B126, 0x0000B126, 0x0000B127, 0x0000B128,
  0x0000B129, 0x0000B12A, 0x0000B12B, 0x0000B12C, 0x0000B12D, 0x0000B12E, 0x0000B12F, 0x0000B130, 0x0000B331, 0x0000B332,
  0x0000B333, 0x0000B334, 0x0000B335, 0x0000B336, 0x0000B337, 0x0000B338, 0x0000B339, 0x0000B33A, 0x0000B53B, 0x0000B53C,
  0x0000B53D, 0x0000B53E, 0x0000B53F, 0x0000B540, 0x0000B541, 0x0000B542, 0x0000B743, 0x0000B744, 0x0000B746, 0x0000B747,
  0x0000B748, 0x0000B749, 0x0000B74A, 0x0000B94C, 0x0000B94D, 0x0000B94E, 0x0000B94F, 0x0000B951, 0x0000BB52, 0x0000BB54,
  0x0000BB55, 0x0000BB56, 0x0000BB58, 0x0000BD59, 0x0000BD5B, 0x0000BD5D, 0x0000BD5E, 0x0000BF60, 0x0000BF62, 0x0000BF64,
  0x0000C166, 0x0000C168, 0x0000C16A, 0x0000C36D, 0x0000C370, 0x0000C573, 0x0000C777, 0x0000C97E, 0x00000000, 0x00000000,
  0x00000000, 0x00000000, 0x00000000, 0x00000000, 0x00000000, 0x00000000, 0x00000000, 0x00000000, 0x00000000, 0x00000000,
  0x0000C884, 0x0000C689, 0x0000C48D, 0x0000C490, 0x0000C293, 0x0000C295, 0x0000C298, 0x0000C09A, 0x0000C09C, 0x0000C09E,
  0x0000BEA0, 0x0000BEA1, 0x0000BEA3, 0x0000BEA5, 0x0000BCA6, 0x0000BCA8, 0x0000BCA9, 0x0000BCAB, 0x0000BAAC, 0x0000BAAD,
  0x0000BAAF, 0x0000BAB0, 0x0000BAB1, 0x0000BAB3, 0x0000B8B4, 0x0000B8B5, 0x0000B8B6, 0x0000B8B7, 0x0000B8B9, 0x0000B8BA,
  0x0000B6BB, 0x0000B6BC, 0x0000B6BD, 0x0000B6BE, 0x0000B6BF, 0x0000B6C0, 0x0000B6C1, 0x0000B6C3, 0x0000B4C4, 0x0000B4C5,
  0x0000B4C6, 0x0000B4C7, 0x0000B4C8, 0x0000B4C9, 0x0000B4CA, 0x0000B4CB, 0x0000B4CC, 0x0000B2CD, 0x0000B2CE, 0x0000B2CF,
  0x0000B2CF, 0x0000B2D0, 0x0000B2D1, 0x0000B2D2, 0x0000B2D3, 0x0000B2D4, 0x0000B2D5, 0x0000B2D6, 0x0000B2D7, 0x0000B2D8,
  0x0000B0D9, 0x0000B0DA, 0x0000B0DB, 0x0000B0DB, 0x0000B0DC, 0x0000B0DD, 0x0000B0DE, 0x0000B0DF, 0x0000B0E0, 0x0000B0E1,
  0x0000B0E2, 0x0000B0E2, 0x0000B0E3, 0x0000B0E4, 0x0000B0E5, 0x0000B0E6, 0x0000B0E7, 0x0000B0E8, 0x0000B0E9, 0x0000AEE9,
  0x0000AEEA, 0x0000AEEB, 0x0000AEEC, 0x0000AEED, 0x0000AEEE, 0x0000AEEE, 0x0000AEEF, 0x0000AEF0, 0x0000AEF1, 0x0000AEF2,
  0x0000AEF3, 0x0000AEF3, 0x0000AEF4, 0x0000AEF5, 0x0000AEF6, 0x0000AEF7, 0x0000AEF8, 0x0000AEF8, 0x0000AEF9, 0x0000AEFA,
  0x0000AEFB, 0x0000AEFC, 0x0000AEFD, 0x0000AEFD, 0x0000AEFE, 0x0000AEFF, 0x0000AF00, 0x0000AF01, 0x0000AF02, 0x0000AF02,
  0x0000AF03, 0x0000AF04, 0x0000AF05, 0x0000AF06, 0x0000AF07, 0x0000AF07, 0x0000AF08, 0x0000AF09, 0x0000AF0A, 0x0000AF0B,
  0x0000AF0C, 0x0000AF0C, 0x0000AF0D, 0x0000AF0E, 0x0000AF0F, 0x0000AF10, 0x0000AF11, 0x0000AF11, 0x0000AF12, 0x0000AF13,
  0x0000AF14, 0x0000AF15, 0x0000AF16, 0x0000B116, 0x0000B117, 0x0000B118, 0x0000B119, 0x0000B11A, 0x0000B11B, 0x0000B11C,
  0x0000B11D, 0x0000B11D, 0x0000B11E, 0x0000B11F, 0x0000B120, 0x0000B121, 0x0000B122, 0x0000B123, 0x0000B124, 0x0000B124,
  0x0000B125, 0x0000B126, 0x0000B327, 0x0000B328, 0x0000B329, 0x0000B32A, 0x0000B32B, 0x0000B32C, 0x0000B32D, 0x0000B32E,
  0x0000B32F, 0x0000B330, 0x0000B330, 0x0000B331, 0x0000B332, 0x0000B533, 0x0000B534, 0x0000B535, 0x0000B536, 0x0000B537,
  0x0000B538, 0x0000B539, 0x0000B53A, 0x0000B53B, 0x0000B73C, 0x0000B73E, 0x0000B73F, 0x0000B740, 0x0000B741, 0x0000B742,
  0x0000B743, 0x0000B744, 0x0000B945, 0x0000B946, 0x0000B948, 0x0000B949, 0x0000B94A, 0x0000B94B, 0x0000BB4C, 0x0000BB4E,
  0x0000BB4F, 0x0000BB50, 0x0000BB52, 0x0000BB53, 0x0000BD54, 0x0000BD56, 0x0000BD57, 0x0000BD59, 0x0000BF5A, 0x0000BF5C,
  0x0000BF5E, 0x0000BF5F, 0x0000C161, 0x0000C163, 0x0000C165, 0x0000C367, 0x0000C36A, 0x0000C36C, 0x0000C56F, 0x0000C572,
  0x0000C776, 0x0000C97B, 0x00000000, 0x00000000, 0x00000000, 0x00000000, 0x00000000, 0x00000000, 0x00000000, 0x00000000,
  0x00000000, 0x00000000, 0x00000000, 0x0000CC7D, 0x0000C886, 0x0000C88B, 0x0000C68E, 0x0000C491, 0x0000C494, 0x0000C496,
  0x0000C299, 0x0000C29B, 0x0000C29D, 0x0000C09E, 0x0000C0A0, 0x0000C0A2, 0x0000C0A4, 0x0000BEA5, 0x0000BEA7, 0x0000BEA8,
  0x0000BEAA, 0x0000BCAB, 0x0000BCAC, 0x0000BCAE, 0x0000BCAF, 0x0000BCB0, 0x0000BAB2, 0x0000BAB3, 0x0000BAB4, 0x0000BAB5,
  0x0000BAB7, 0x0000BAB8, 0x0000B8B9, 0x0000B8BA, 0x0000B8BB, 0x0000B8BC, 0x0000B8BE, 0x0000B8BF, 0x0000B8C0, 0x0000B8C1,
  0x0000B6C2, 0x0000B6C3, 0x0000B6C4, 0x0000B6C5, 0x0000B6C6, 0x0000B6C7, 0x0000B6C8, 0x0000B6C9, 0x0000B6CA, 0x0000B4CB,
  0x0000B4CC, 0x0000B4CD, 0x0000B4CE, 0x0000B4CF, 0x0000B4D0, 0x0000B4D1, 0x0000B4D2, 0x0000B4D3, 0x0000B4D3, 0x0000B4D4,
  0x0000B2D5, 0x0000B2D6, 0x0000B2D7, 0x0000B2D8, 0x0000B2D9, 0x0000B2DA, 0x0000B2DB, 0x0000B2DC, 0x0000B2DD, 0x0000B2DD,
  0x0000B2DE, 0x0000B2DF, 0x0000B2E0, 0x0000B2E1, 0x0000B2E2, 0x0000B2E3, 0x0000B2E3, 0x0000B0E4, 0x0000B0E5, 0x0000B0E6,
  0x0000B0E7, 0x0000B0E8, 0x0000B0E9, 0x0000B0E9, 0x0000B0EA, 0x0000B0EB, 0x0000B0EC, 0x0000B0ED, 0x0000B0EE, 0x0000B0EF,
  0x0000B0EF, 0x0000B0F0, 0x0000B0F1, 0x0000B0F2, 0x0000B0F3, 0x0000B0F4, 0x0000B0F4, 0x0000B0F5, 0x0000B0F6, 0x0000B0F7,
  0x0000B0F8, 0x0000B0F8, 0x0000B0F9, 0x0000B0FA, 0x0000B0FB, 0x0000B0FC, 0x0000B0FD, 0x0000B0FD, 0x0000B0FE, 0x0000B0FF,
  0x0000B100, 0x0000B101, 0x0000B102, 0x0000B102, 0x0000B103, 0x0000B104, 0x0000B105, 0x0000B106, 0x0000B107, 0x0000B107,
  0x0000B108, 0x0000B109, 0x0000B10A, 0x0000B10B, 0x0000B10B, 0x0000B10C, 0x0000B10D, 0x0000B10E, 0x0000B10F, 0x0000B110,
  0x0000B110, 0x0000B111, 0x0000B112, 0x0000B113, 0x0000B114, 0x0000B115, 0x0000B116, 0x0000B116, 0x0000B117, 0x0000B118,
  0x0000B119, 0x0000B11A, 0x0000B11B, 0x0000B31C, 0x0000B31C, 0x0000B31D, 0x0000B31E, 0x0000B31F, 0x0000B320, 0x0000B321,
  0x0000B322, 0x0000B322, 0x0000B323, 0x0000B324, 0x0000B325, 0x0000B326, 0x0000B327, 0x0000B328, 0x0000B329, 0x0000B32A,
  0x0000B52B, 0x0000B52C, 0x0000B52C, 0x0000B52D, 0x0000B52E, 0x0000B52F, 0x0000B530, 0x0000B531, 0x0000B532, 0x0000B533,
  0x0000B534, 0x0000B735, 0x0000B736, 0x0000B737, 0x0000B738, 0x0000B739, 0x0000B73A, 0x0000B73B, 0x0000B73C, 0x0000B73D,
  0x0000B93E, 0x0000B93F, 0x0000B940, 0x0000B941, 0x0000B943, 0x0000B944, 0x0000B945, 0x0000B946, 0x0000BB47, 0x0000BB48,
  0x0000BB4A, 0x0000BB4B, 0x0000BB4C, 0x0000BB4D, 0x0000BD4F, 0x0000BD50, 0x0000BD51, 0x0000BD53, 0x0000BD54, 0x0000BF55,
  0x0000BF57, 0x0000BF58, 0x0000BF5A, 0x0000C15B, 0x0000C15D, 0x0000C15F, 0x0000C161, 0x0000C362, 0x0000C364, 0x0000C366,
  0x0000C569, 0x0000C56B, 0x0000C56E, 0x0000C771, 0x0000C974, 0x0000C979, 0x0000CD82, 0x00000000, 0x00000000, 0x00000000,
  0x00000000, 0x00000000, 0x00000000, 0x00000000, 0x00000000, 0x00000000, 0x00000000, 0x0000CC82, 0x0000CA88, 0x0000C88C,
  0x0000C88F, 0x0000C692, 0x0000C695, 0x0000C497, 0x0000C499, 0x0000C49B, 0x0000C29D, 0x0000C29F, 0x0000C2A1, 0x0000C0A3,
  0x0000C0A4, 0x0000C0A6, 0x0000C0A7, 0x0000BEA9, 0x0000BEAA, 0x0000BEAC, 0x0000BEAD, 0x0000BEAE, 0x0000BEB0, 0x0000BCB1,
  0x0000BCB2, 0x0000BCB3, 0x0000BCB5, 0x0000BCB6, 0x0000BAB7, 0x0000BAB8, 0x0000BAB9, 0x0000BABB, 0x0000BABC, 0x0000BABD,
  0x0000BABE, 0x0000BABF, 0x0000B8C0, 0x0000B8C1, 0x0000B8C2, 0x0000B8C3, 0x0000B8C4, 0x0000B8C5, 0x0000B8C6, 0x0000B8C7,
  0x0000B6C8, 0x0000B6C9, 0x0000B6CA, 0x0000B6CB, 0x0000B6CC, 0x0000B6CD, 0x0000B6CE, 0x0000B6CF, 0x0000B6D0, 0x0000B6D1,
  0x0000B6D2, 0x0000B4D3, 0x0000B4D4, 0x0000B4D5, 0x0000B4D6, 0x0000B4D6, 0x0000B4D7, 0x0000B4D8, 0x0000B4D9, 0x0000B4DA,
  0x0000B4DB, 0x0000B4DC, 0x0000B4DD, 0x0000B4DE, 0x0000B4DE, 0x0000B4DF, 0x0000B2E0, 0x0000B2E1, 0x0000B2E2, 0x0000B2E3,
  0x0000B2E4, 0x0000B2E4, 0x0000B2E5, 0x0000B2E6, 0x0000B2E7, 0x0000B2E8, 0x0000B2E9, 0x0000B2EA, 0x0000B2EA, 0x0000B2EB,
  0x0000B2EC, 0x0000B2ED, 0x0000B2EE, 0x0000B2EF, 0x0000B2EF, 0x0000B2F0, 0x0000B2F1, 0x0000B2F2, 0x0000B2F3, 0x0000B2F4,
  0x0000B2F4, 0x0000B2F5, 0x0000B2F6, 0x0000B2F7, 0x0000B2F8, 0x0000B2F9, 0x0000B2F9, 0x0000B2FA, 0x0000B2FB, 0x0000B2FC,
  0x0000B2FD, 0x0000B2FD, 0x0000B2FE, 0x0000B2FF, 0x0000B300, 0x0000B301, 0x0000B302, 0x0000B302, 0x0000B303, 0x0000B304,
  0x0000B305, 0x0000B306, 0x0000B306, 0x0000B307, 0x0000B308, 0x0000B309, 0x0000B30A, 0x0000B30B, 0x0000B30B, 0x0000B30C,
  0x0000B30D, 0x0000B30E, 0x0000B30F, 0x0000B310, 0x0000B310, 0x0000B311, 0x0000B312, 0x0000B313, 0x0000B314, 0x0000B315,
  0x0000B315, 0x0000B316, 0x0000B317, 0x0000B318, 0x0000B319, 0x0000B31A, 0x0000B31B, 0x0000B31B, 0x0000B31C, 0x0000B31D,
  0x0000B31E, 0x0000B31F, 0x0000B520, 0x0000B521, 0x0000B521, 0x0000B522, 0x0000B523, 0x0000B524, 0x0000B525, 0x0000B526,
  0x0000B527, 0x0000B528, 0x0000B529, 0x0000B529, 0x0000B52A, 0x0000B52B, 0x0000B52C, 0x0000B72D, 0x0000B72E, 0x0000B72F,
  0x0000B730, 0x0000B731, 0x0000B732, 0x0000B733, 0x0000B734, 0x0000B735, 0x0000B736, 0x0000B737, 0x0000B938, 0x0000B939,
  0x0000B93A, 0x0000B93B, 0x0000B93C, 0x0000B93D, 0x0000B93E, 0x0000B93F, 0x0000BB40, 0x0000BB41, 0x0000BB42, 0x0000BB43,
  0x0000BB44, 0x0000BB46, 0x0000BB47, 0x0000BB48, 0x0000BD49, 0x0000BD4A, 0x0000BD4C, 0x0000BD4D, 0x0000BD4E, 0x0000BF4F,
  0x0000BF51, 0x0000BF52, 0x0000BF53, 0x0000BF55, 0x0000BF56, 0x0000C158, 0x0000C159, 0x0000C15B, 0x0000C15C, 0x0000C35E,
  0x0000C360, 0x0000C362, 0x0000C564, 0x0000C566, 0x0000C568, 0x0000C76A, 0x0000C76D, 0x0000C970, 0x0000C973, 0x0000CB77,
  0x0000CD7D, 0x00000000, 0x00000000, 0x00000000, 0x00000000, 0x00000000, 0x00000000, 0x00000000, 0x00000000, 0x00000000,
  0x00000000, 0x0000CC84, 0x0000CA89, 0x0000CA8D, 0x0000C890, 0x0000C893, 0x0000C696, 0x0000C698, 0x0000C69A, 0x0000C49C,
  0x0000C49E, 0x0000C4A0, 0x0000C2A1, 0x0000C2A3, 0x0000C2A5, 0x0000C2A6, 0x0000C0A8, 0x0000C0A9, 0x0000C0AB, 0x0000C0AC,
  0x0000C0AD, 0x0000BEAF, 0x0000BEB0, 0x0000BEB1, 0x0000BEB3, 0x0000BEB4, 0x0000BEB5, 0x0000BCB6, 0x0000BCB7, 0x0000BCB9,
  0x0000BCBA, 0x0000BCBB, 0x0000BCBC, 0x0000BCBD, 0x0000BABE, 0x0000BABF, 0x0000BAC0, 0x0000BAC1, 0x0000BAC2, 0x0000BAC3,
  0x0000BAC5, 0x0000BAC6, 0x0000B8C7, 0x0000B8C8, 0x0000B8C9, 0x0000B8CA, 0x0000B8CA, 0x0000B8CB, 0x0000B8CC, 0x0000B8CD,
  0x0000B8CE, 0x0000B8CF, 0x0000B6D0, 0x0000B6D1, 0x0000B6D2, 0x0000B6D3, 0x0000B6D4, 0x0000B6D5, 0x0000B6D6, 0x0000B6D7,
  0x0000B6D8, 0x0000B6D8, 0x0000B6D9, 0x0000B6DA, 0x0000B6DB, 0x0000B6DC, 0x0000B4DD, 0x0000B4DE, 0x0000B4DF, 0x0000B4DF,
  0x0000B4E0, 0x0000B4E1, 0x0000B4E2, 0x0000B4E3, 0x0000B4E4, 0x0000B4E5, 0x0000B4E5, 0x0000B4E6, 0x0000B4E7, 0x0000B4E8,
  0x0000B4E9, 0x0000B4EA, 0x0000B4EB, 0x0000B4EB, 0x0000B4EC, 0x0000B4ED, 0x0000B4EE, 0x0000B4EF, 0x0000B4F0, 0x0000B4F0,
  0x0000B2F1, 0x0000B2F2, 0x0000B2F3, 0x0000B2F4, 0x0000B2F4, 0x0000B2F5, 0x0000B2F6, 0x0000B2F7, 0x0000B2F8, 0x0000B2F9,
  0x0000B2F9, 0x0000B2FA, 0x0000B2FB, 0x0000B2FC, 0x0000B2FD, 0x0000B2FD, 0x0000B2FE, 0x0000B2FF, 0x0000B300, 0x0000B301,
  0x0000B302, 0x0000B302, 0x0000B303, 0x0000B304, 0x0000B305, 0x0000B306, 0x0000B306, 0x0000B307, 0x0000B308, 0x0000B309,
  0x0000B30A, 0x0000B30B, 0x0000B30B, 0x0000B30C, 0x0000B30D, 0x0000B30E, 0x0000B50F, 0x0000B50F, 0x0000B510, 0x0000B511,
  0x0000B512, 0x0000B513, 0x0000B514, 0x0000B514, 0x0000B515, 0x0000B516, 0x0000B517, 0x0000B518, 0x0000B519, 0x0000B51A,
  0x0000B51A, 0x0000B51B, 0x0000B51C, 0x0000B51D, 0x0000B51E, 0x0000B51F, 0x0000B520, 0x0000B520, 0x0000B521, 0x0000B522,
  0x0000B723, 0x0000B724, 0x0000B725, 0x0000B726, 0x0000B727, 0x0000B727, 0x0000B728, 0x0000B729, 0x0000B72A, 0x0000B72B,
  0x0000B72C, 0x0000B72D, 0x0000B72E, 0x0000B72F, 0x0000B930, 0x0000B931, 0x0000B932, 0x0000B933, 0x0000B934, 0x0000B935,
  0x0000B935, 0x0000B936, 0x0000B937, 0x0000B938, 0x0000BB39, 0x0000BB3A, 0x0000BB3C, 0x0000BB3D, 0x0000BB3E, 0x0000BB3F,
  0x0000BB40, 0x0000BB41, 0x0000BD42, 0x0000BD43, 0x0000BD44, 0x0000BD45, 0x0000BD46, 0x0000BD48, 0x0000BD49, 0x0000BF4A,
  0x0000BF4B, 0x0000BF4C, 0x0000BF4E, 0x0000BF4F, 0x0000BF50, 0x0000C152, 0x0000C153, 0x0000C154, 0x0000C156, 0x0000C157,
  0x0000C359, 0x0000C35A, 0x0000C35C, 0x0000C35E, 0x0000C55F, 0x0000C561, 0x0000C563, 0x0000C765, 0x0000C767, 0x0000C769,
  0x0000C96C, 0x0000C96F, 0x0000CB72, 0x0000CB76, 0x0000CD7B, 0x00000000, 0x00000000, 0x00000000, 0x00000000, 0x00000000,
  0x00000000, 0x00000000, 0x00000000, 0x00000000, 0x00000000, 0x0000CE86, 0x0000CC8B, 0x0000CA8E, 0x0000CA91, 0x0000C894,
  0x0000C896, 0x0000C899, 0x0000C69B, 0x0000C69D, 0x0000C69F, 0x0000C4A0, 0x0000C4A2, 0x0000C4A4, 0x0000C4A5, 0x0000C2A7,
  0x0000C2A8, 0x0000C2AA, 0x0000C2AB, 0x0000C0AD, 0x0000C0AE, 0x0000C0AF, 0x0000C0B1, 0x0000C0B2, 0x0000C0B3, 0x0000BEB4,
  0x0000BEB5, 0x0000BEB7, 0x0000BEB8, 0x0000BEB9, 0x0000BEBA, 0x0000BCBB, 0x0000BCBC, 0x0000BCBD, 0x0000BCBF, 0x0000BCC0,
  0x0000BCC1, 0x0000BCC2, 0x0000BCC3, 0x0000BAC4, 0x0000BAC5, 0x0000BAC6, 0x0000BAC7, 0x0000BAC8, 0x0000BAC9, 0x0000BACA,
  0x0000BACB, 0x0000BACC, 0x0000BACD, 0x0000B8CE, 0x0000B8CF, 0x0000B8D0, 0x0000B8D0, 0x0000B8D1, 0x0000B8D2, 0x0000B8D3,
  0x0000B8D4, 0x0000B8D5, 0x0000B8D6, 0x0000B8D7, 0x0000B8D8, 0x0000B8D9, 0x0000B6DA, 0x0000B6DA, 0x0000B6DB, 0x0000B6DC,
  0x0000B6DD, 0x0000B6DE, 0x0000B6DF, 0x0000B6E0, 0x0000B6E0, 0x0000B6E1, 0x0000B6E2, 0x0000B6E3, 0x0000B6E4, 0x0000B6E5,
  0x0000B6E6, 0x0000B6E6, 0x0000B6E7, 0x0000B6E8, 0x0000B6E9, 0x0000B6EA, 0x0000B4EB, 0x0000B4EB, 0x0000B4EC, 0x0000B4ED,
  0x0000B4EE, 0x0000B4EF, 0x0000B4F0, 0x0000B4F0, 0x0000B4F1, 0x0000B4F2, 0x0000B4F3, 0x0000B4F4, 0x0000B4F5, 0x0000B4F5,
  0x0000B4F6, 0x0000B4F7, 0x0000B4F8, 0x0000B4F9, 0x0000B4F9, 0x0000B4FA, 0x0000B4FB, 0x0000B4FC, 0x0000B4FD, 0x0000B4FD,
  0x0000B4FE, 0x0000B4FF, 0x0000B500, 0x0000B501, 0x0000B502, 0x0000B502, 0x0000B503, 0x0000B504, 0x0000B505, 0x0000B506,
  0x0000B506, 0x0000B507, 0x0000B508, 0x0000B509, 0x0000B50A, 0x0000B50A, 0x0000B50B, 0x0000B50C, 0x0000B50D, 0x0000B50E,
  0x0000B50F, 0x0000B50F, 0x0000B510, 0x0000B511, 0x0000B512, 0x0000B513, 0x0000B514, 0x0000B514, 0x0000B715, 0x0000B716,
  0x0000B717, 0x0000B718, 0x0000B719, 0x0000B719, 0x0000B71A, 0x0000B71B, 0x0000B71C, 0x0000B71D, 0x0000B71E, 0x0000B71F,
  0x0000B71F, 0x0000B720, 0x0000B721, 0x0000B722, 0x0000B723, 0x0000B724, 0x0000B725, 0x0000B725, 0x0000B926, 0x0000B927,
  0x0000B928, 0x0000B929, 0x0000B92A, 0x0000B92B, 0x0000B92C, 0x0000B92D, 0x0000B92E, 0x0000B92F, 0x0000B92F, 0x0000B930,
  0x0000B931, 0x0000BB32, 0x0000BB33, 0x0000BB34, 0x0000BB35, 0x0000BB36, 0x0000BB37, 0x0000BB38, 0x0000BB39, 0x0000BB3A,
  0x0000BB3B, 0x0000BD3C, 0x0000BD3D, 0x0000BD3E, 0x0000BD3F, 0x0000BD40, 0x0000BD42, 0x0000BD43, 0x0000BD44, 0x0000BF45,
  0x0000BF46, 0x0000BF47, 0x0000BF48, 0x0000BF4A, 0x0000BF4B, 0x0000C14C, 0x0000C14D, 0x0000C14E, 0x0000C150, 0x0000C151,
  0x0000C152, 0x0000C354, 0x0000C355, 0x0000C357, 0x0000C358, 0x0000C55A, 0x0000C55B, 0x0000C55D, 0x0000C55F, 0x0000C760,
  0x0000C762, 0x0000C764, 0x0000C966, 0x0000C969, 0x0000C96B, 0x0000CB6E, 0x0000CB71, 0x0000CD74, 0x0000CF79, 0x00000000,
  0x00000000, 0x00000000, 0x00000000, 0x00000000, 0x00000000, 0x00000000, 0x00000000, 0x00000000, 0x0000D081, 0x0000CE88,
  0x0000CC8C, 0x0000CC8F, 0x0000CA92, 0x0000CA95, 0x0000CA97, 0x0000C899, 0x0000C89B, 0x0000C89D, 0x0000C69F, 0x0000C6A1,
  0x0000C6A3, 0x0000C4A4, 0x0000C4A6, 0x0000C4A7, 0x0000C4A9, 0x0000C4AA, 0x0000C2AC, 0x0000C2AD, 0x0000C2AE, 0x0000C2B0,
  0x0000C2B1, 0x0000C0B2, 0x0000C0B3, 0x0000C0B5, 0x0000C0B6, 0x0000C0B7, 0x0000C0B8, 0x0000C0B9, 0x0000BEBA, 0x0000BEBC,
  0x0000BEBD, 0x0000BEBE, 0x0000BEBF, 0x0000BEC0, 0x0000BEC1, 0x0000BCC2, 0x0000BCC3, 0x0000BCC4, 0x0000BCC5, 0x0000BCC6,
  0x0000BCC7, 0x0000BCC8, 0x0000BCC9, 0x0000BCCA, 0x0000BACB, 0x0000BACC, 0x0000BACD, 0x0000BACE, 0x0000BACF, 0x0000BAD0,
  0x0000BAD1, 0x0000BAD2, 0x0000BAD3, 0x0000BAD3, 0x0000BAD4, 0x0000BAD5, 0x0000B8D6, 0x0000B8D7, 0x0000B8D8, 0x0000B8D9,
  0x0000B8DA, 0x0000B8DB, 0x0000B8DB, 0x0000B8DC, 0x0000B8DD, 0x0000B8DE, 0x0000B8DF, 0x0000B8E0, 0x0000B8E1, 0x0000B8E1,
  0x0000B8E2, 0x0000B8E3, 0x0000B8E4, 0x0000B8E5, 0x0000B6E6, 0x0000B6E7, 0x0000B6E7, 0x0000B6E8, 0x0000B6E9, 0x0000B6EA,
  0x0000B6EB, 0x0000B6EC, 0x0000B6EC, 0x0000B6ED, 0x0000B6EE, 0x0000B6EF, 0x0000B6F0, 0x0000B6F0, 0x0000B6F1, 0x0000B6F2,
  0x0000B6F3, 0x0000B6F4, 0x0000B6F5, 0x0000B6F5, 0x0000B6F6, 0x0000B6F7, 0x0000B6F8, 0x0000B6F9, 0x0000B6F9, 0x0000B6FA,
  0x0000B6FB, 0x0000B6FC, 0x0000B6FD, 0x0000B6FD, 0x0000B6FE, 0x0000B6FF, 0x0000B700, 0x0000B701, 0x0000B702, 0x0000B702,
  0x0000B703, 0x0000B704, 0x0000B705, 0x0000B706, 0x0000B706, 0x0000B707, 0x0000B708, 0x0000B709, 0x0000B70A, 0x0000B70A,
  0x0000B70B, 0x0000B70C, 0x0000B70D, 0x0000B70E, 0x0000B70F, 0x0000B70F, 0x0000B710, 0x0000B711, 0x0000B712, 0x0000B713,
  0x0000B713, 0x0000B714, 0x0000B715, 0x0000B716, 0x0000B717, 0x0000B718, 0x0000B718, 0x0000B719, 0x0000B91A, 0x0000B91B,
  0x0000B91C, 0x0000B91D, 0x0000B91E, 0x0000B91E, 0x0000B91F, 0x0000B920, 0x0000B921, 0x0000B922, 0x0000B923, 0x0000B924,
  0x0000B924, 0x0000B925, 0x0000B926, 0x0000B927, 0x0000B928, 0x0000B929, 0x0000BB2A, 0x0000BB2B, 0x0000BB2C, 0x0000BB2C,
  0x0000BB2D, 0x0000BB2E, 0x0000BB2F, 0x0000BB30, 0x0000BB31, 0x0000BB32, 0x0000BB33, 0x0000BB34, 0x0000BD35, 0x0000BD36,
  0x0000BD37, 0x0000BD38, 0x0000BD39, 0x0000BD3A, 0x0000BD3B, 0x0000BD3C, 0x0000BD3D, 0x0000BF3E, 0x0000BF3F, 0x0000BF40,
  0x0000BF41, 0x0000BF42, 0x0000BF43, 0x0000BF45, 0x0000C146, 0x0000C147, 0x0000C148, 0x0000C149, 0x0000C14A, 0x0000C14C,
  0x0000C14D, 0x0000C34E, 0x0000C34F, 0x0000C351, 0x0000C352, 0x0000C353, 0x0000C555, 0x0000C556, 0x0000C558, 0x0000C559,
  0x0000C55B, 0x0000C75C, 0x0000C75E, 0x0000C760, 0x0000C962, 0x0000C964, 0x0000C966, 0x0000CB68, 0x0000CB6A, 0x0000CB6D,
  0x0000CD70, 0x0000CD73, 0x0000CF77, 0x0000D17E, 0x00000000, 0x00000000, 0x00000000, 0x00000000, 0x00000000, 0x00000000,
  0x00000000, 0x00000000, 0x0000D284, 0x0000D089, 0x0000CE8D, 0x0000CE90, 0x0000CC93, 0x0000CC96, 0x0000CA98, 0x0000CA9A,
  0x0000CA9C, 0x0000C89E, 0x0000C8A0, 0x0000C8A1, 0x0000C6A3, 0x0000C6A5, 0x0000C6A6, 0x0000C6A8, 0x0000C4A9, 0x0000C4AB,
  0x0000C4AC, 0x0000C4AD, 0x0000C4AF, 0x0000C4B0, 0x0000C2B1, 0x0000C2B3, 0x0000C2B4, 0x0000C2B5, 0x0000C2B6, 0x0000C2B7,
  0x0000C0B9, 0x0000C0BA, 0x0000C0BB, 0x0000C0BC, 0x0000C0BD, 0x0000C0BE, 0x0000C0BF, 0x0000BEC0, 0x0000BEC1, 0x0000BEC2,
  0x0000BEC3, 0x0000BEC4, 0x0000BEC5, 0x0000BEC6, 0x0000BEC7, 0x0000BEC8, 0x0000BCC9, 0x0000BCCA, 0x0000BCCB, 0x0000BCCC,
  0x0000BCCD, 0x0000BCCE, 0x0000BCCF, 0x0000BCD0, 0x0000BCD1, 0x0000BCD2, 0x0000BCD3, 0x0000BAD4, 0x0000BAD5, 0x0000BAD5,
  0x0000BAD6, 0x0000BAD7, 0x0000BAD8, 0x0000BAD9, 0x0000BADA, 0x0000BADB, 0x0000BADC, 0x0000BADC, 0x0000BADD, 0x0000BADE,
  0x0000BADF, 0x0000BAE0, 0x0000B8E1, 0x0000B8E2, 0x0000B8E2, 0x0000B8E3, 0x0000B8E4, 0x0000B8E5, 0x0000B8E6, 0x0000B8E7,
  0x0000B8E7, 0x0000B8E8, 0x0000B8E9, 0x0000B8EA, 0x0000B8EB, 0x0000B8EC, 0x0000B8EC, 0x0000B8ED, 0x0000B8EE, 0x0000B8EF,
  0x0000B8F0, 0x0000B8F1, 0x0000B8F1, 0x0000B8F2, 0x0000B8F3, 0x0000B8F4, 0x0000B8F5, 0x0000B8F5, 0x0000B8F6, 0x0000B8F7,
  0x0000B8F8, 0x0000B8F9, 0x0000B8F9, 0x0000B8FA, 0x0000B8FB, 0x0000B8FC, 0x0000B8FD, 0x0000B8FD, 0x0000B8FE, 0x0000B8FF,
  0x0000B900, 0x0000B901, 0x0000B902, 0x0000B902, 0x0000B903, 0x0000B904, 0x0000B905, 0x0000B906, 0x0000B906, 0x0000B907,
  0x0000B908, 0x0000B909, 0x0000B90A, 0x0000B90A, 0x0000B90B, 0x0000B90C, 0x0000B90D, 0x0000B90E, 0x0000B90E, 0x0000B90F,
  0x0000B910, 0x0000B911, 0x0000B912, 0x0000B913, 0x0000B913, 0x0000B914, 0x0000B915, 0x0000B916, 0x0000B917, 0x0000B918,
  0x0000B918, 0x0000B919, 0x0000B91A, 0x0000B91B, 0x0000B91C, 0x0000B91D, 0x0000B91D, 0x0000B91E, 0x0000BB1F, 0x0000BB20,
  0x0000BB21, 0x0000BB22, 0x0000BB23, 0x0000BB23, 0x0000BB24, 0x0000BB25, 0x0000BB26, 0x0000BB27, 0x0000BB28, 0x0000BB29,
  0x0000BB2A, 0x0000BB2A, 0x0000BB2B, 0x0000BD2C, 0x0000BD2D, 0x0000BD2E, 0x0000BD2F, 0x0000BD30, 0x0000BD31, 0x0000BD32,
  0x0000BD33, 0x0000BD34, 0x0000BD35, 0x0000BD36, 0x0000BF37, 0x0000BF38, 0x0000BF39, 0x0000BF3A, 0x0000BF3B, 0x0000BF3C,
  0x0000BF3D, 0x0000BF3E, 0x0000BF3F, 0x0000C140, 0x0000C141, 0x0000C142, 0x0000C143, 0x0000C144, 0x0000C145, 0x0000C146,
  0x0000C348, 0x0000C349, 0x0000C34A, 0x0000C34B, 0x0000C34C, 0x0000C34E, 0x0000C54F, 0x0000C550, 0x0000C552, 0x0000C553,
  0x0000C554, 0x0000C556, 0x0000C757, 0x0000C759, 0x0000C75A, 0x0000C75C, 0x0000C95E, 0x0000C95F, 0x0000C961, 0x0000CB63,
  0x0000CB65, 0x0000CB67, 0x0000CD69, 0x0000CD6C, 0x0000CF6F, 0x0000CF72, 0x0000D176, 0x0000D37B, 0x00000000, 0x00000000,
  0x00000000, 0x00000000, 0x00000000, 0x00000000, 0x00000000, 0x00000000, 0x0000D286, 0x0000D08B, 0x0000D08E, 0x0000CE91,
  0x0000CE94, 0x0000CC96, 0x0000CC99, 0x0000CC9B, 0x0000CA9D, 0x0000CA9F, 0x0000CAA0, 0x0000C8A2, 0x0000C8A4, 0x0000C8A5,
  0x0000C8A7, 0x0000C6A8, 0x0000C6AA, 0x0000C6AB, 0x0000C6AC, 0x0000C6AE, 0x0000C4AF, 0x0000C4B0, 0x0000C4B2, 0x0000C4B3,
  0x0000C4B4, 0x0000C4B5, 0x0000C2B7, 0x0000C2B8, 0x0000C2B9, 0x0000C2BA, 0x0000C2BB, 0x0000C2BC, 0x0000C2BD, 0x0000C0BE,
  0x0000C0BF, 0x0000C0C0, 0x0000C0C2, 0x0000C0C3, 0x0000C0C4, 0x0000C0C5, 0x0000C0C6, 0x0000BEC7, 0x0000BEC8, 0x0000BEC9,
  0x0000BECA, 0x0000BECB, 0x0000BECB, 0x0000BECC, 0x0000BECD, 0x0000BECE, 0x0000BECF, 0x0000BED0, 0x0000BCD1, 0x0000BCD2,
  0x0000BCD3, 0x0000BCD4, 0x0000BCD5, 0x0000BCD6, 0x0000BCD6, 0x0000BCD7, 0x0000BCD8, 0x0000BCD9, 0x0000BCDA, 0x0000BCDB,
  0x0000BCDC, 0x0000BCDD, 0x0000BADD, 0x0000BADE, 0x0000BADF, 0x0000BAE0, 0x0000BAE1, 0x0000BAE2, 0x0000BAE3, 0x0000BAE3,
  0x0000BAE4, 0x0000BAE5, 0x0000BAE6, 0x0000BAE7, 0x0000BAE8, 0x0000BAE8, 0x0000BAE9, 0x0000BAEA, 0x0000BAEB, 0x0000BAEC,
  0x0000BAED, 0x0000BAED, 0x0000BAEE, 0x0000BAEF, 0x0000BAF0, 0x0000BAF1, 0x0000BAF1, 0x0000B8F2, 0x0000B8F3, 0x0000B8F4,
  0x0000B8F5, 0x0000B8F5, 0x0000B8F6, 0x0000B8F7, 0x0000B8F8, 0x0000B8F9, 0x0000B8F9, 0x0000B8FA, 0x0000B8FB, 0x0000B8FC,
  0x0000B8FD, 0x0000B8FD, 0x0000B8FE, 0x0000B8FF, 0x0000B900, 0x0000B901, 0x0000B902, 0x0000B902, 0x0000B903, 0x0000B904,
  0x0000B905, 0x0000B906, 0x0000B906, 0x0000B907, 0x0000B908, 0x0000B909, 0x0000B90A, 0x0000B90A, 0x0000B90B, 0x0000B90C,
  0x0000B90D, 0x0000BB0E, 0x0000BB0E, 0x0000BB0F, 0x0000BB10, 0x0000BB11, 0x0000BB12, 0x0000BB12, 0x0000BB13, 0x0000BB14,
  0x0000BB15, 0x0000BB16, 0x0000BB17, 0x0000BB17, 0x0000BB18, 0x0000BB19, 0x0000BB1A, 0x0000BB1B, 0x0000BB1C, 0x0000BB1C,
  0x0000BB1D, 0x0000BB1E, 0x0000BB1F, 0x0000BB20, 0x0000BB21, 0x0000BB22, 0x0000BD22, 0x0000BD23, 0x0000BD24, 0x0000BD25,
  0x0000BD26, 0x0000BD27, 0x0000BD28, 0x0000BD29, 0x0000BD29, 0x0000BD2A, 0x0000BD2B, 0x0000BD2C, 0x0000BD2D, 0x0000BD2E,
  0x0000BF2F, 0x0000BF30, 0x0000BF31, 0x0000BF32, 0x0000BF33, 0x0000BF34, 0x0000BF34, 0x0000BF35, 0x0000BF36, 0x0000BF37,
  0x0000BF38, 0x0000C139, 0x0000C13A, 0x0000C13B, 0x0000C13C, 0x0000C13D, 0x0000C13F, 0x0000C140, 0x0000C141, 0x0000C342,
  0x0000C343, 0x0000C344, 0x0000C345, 0x0000C346, 0x0000C347, 0x0000C348, 0x0000C54A, 0x0000C54B, 0x0000C54C, 0x0000C54D,
  0x0000C54F, 0x0000C550, 0x0000C751, 0x0000C753, 0x0000C754, 0x0000C755, 0x0000C757, 0x0000C958, 0x0000C95A, 0x0000C95B,
  0x0000C95D, 0x0000CB5F, 0x0000CB60, 0x0000CB62, 0x0000CD64, 0x0000CD66, 0x0000CD69, 0x0000CF6B, 0x0000CF6E, 0x0000D171,
  0x0000D174, 0x0000D379, 0x00000000, 0x00000000, 0x00000000, 0x00000000, 0x00000000, 0x00000000, 0x00000000, 0x0000D67F,
  0x0000D487, 0x0000D28C, 0x0000D08F, 0x0000D092, 0x0000CE95, 0x0000CE97, 0x0000CE99, 0x0000CC9B, 0x0000CC9D, 0x0000CC9F,
  0x0000CAA1, 0x0000CAA3, 0x0000CAA4, 0x0000CAA6, 0x0000C8A7, 0x0000C8A9, 0x0000C8AA, 0x0000C8AC, 0x0000C6AD, 0x0000C6AE,
  0x0000C6B0, 0x0000C6B1, 0x0000C6B2, 0x0000C6B3, 0x0000C4B5, 0x0000C4B6, 0x0000C4B7, 0x0000C4B8, 0x0000C4B9, 0x0000C4BA,
  0x0000C4BB, 0x0000C2BD, 0x0000C2BE, 0x0000C2BF, 0x0000C2C0, 0x0000C2C1, 0x0000C2C2, 0x0000C2C3, 0x0000C2C4, 0x0000C0C5,
  0x0000C0C6, 0x0000C0C7, 0x0000C0C8, 0x0000C0C9, 0x0000C0CA, 0x0000C0CB, 0x0000C0CC, 0x0000C0CD, 0x0000C0CE, 0x0000BECF,
  0x0000BECF, 0x0000BED0, 0x0000BED1, 0x0000BED2, 0x0000BED3, 0x0000BED4, 0x0000BED5, 0x0000BED6, 0x0000BED7, 0x0000BED8,
  0x0000BED8, 0x0000BED9, 0x0000BCDA, 0x0000BCDB, 0x0000BCDC, 0x0000BCDD, 0x0000BCDE, 0x0000BCDE, 0x0000BCDF, 0x0000BCE0,
  0x0000BCE1, 0x0000BCE2, 0x0000BCE3, 0x0000BCE4, 0x0000BCE4, 0x0000BCE5, 0x0000BCE6, 0x0000BCE7, 0x0000BCE8, 0x0000BCE9,
  0x0000BCE9, 0x0000BCEA, 0x0000BAEB, 0x0000BAEC, 0x0000BAED, 0x0000BAED, 0x0000BAEE, 0x0000BAEF, 0x0000BAF0, 0x0000BAF1,
  0x0000BAF1, 0x0000BAF2, 0x0000BAF3, 0x0000BAF4, 0x0000BAF5, 0x0000BAF6, 0x0000BAF6, 0x0000BAF7, 0x0000BAF8, 0x0000BAF9,
  0x0000BAFA, 0x0000BAFA, 0x0000BAFB, 0x0000BAFC, 0x0000BAFD, 0x0000BAFE, 0x0000BAFE, 0x0000BAFF, 0x0000BB00, 0x0000BB01,
  0x0000BB01, 0x0000BB02, 0x0000BB03, 0x0000BB04, 0x0000BB05, 0x0000BB05, 0x0000BB06, 0x0000BB07, 0x0000BB08, 0x0000BB09,
  0x0000BB09, 0x0000BB0A, 0x0000BB0B, 0x0000BB0C, 0x0000BB0D, 0x0000BB0E, 0x0000BB0E, 0x0000BB0F, 0x0000BB10, 0x0000BB11,
  0x0000BB12, 0x0000BB12, 0x0000BB13, 0x0000BB14, 0x0000BD15, 0x0000BD16, 0x0000BD16, 0x0000BD17, 0x0000BD18, 0x0000BD19,
  0x0000BD1A, 0x0000BD1B, 0x0000BD1B, 0x0000BD1C, 0x0000BD1D, 0x0000BD1E, 0x0000BD1F, 0x0000BD20, 0x0000BD21, 0x0000BD21,
  0x0000BD22, 0x0000BD23, 0x0000BD24, 0x0000BD25, 0x0000BF26, 0x0000BF27, 0x0000BF27, 0x0000BF28, 0x0000BF29, 0x0000BF2A,
  0x0000BF2B, 0x0000BF2C, 0x0000BF2D, 0x0000BF2E, 0x0000BF2F, 0x0000BF30, 0x0000BF30, 0x0000C131, 0x0000C132, 0x0000C133,
  0x0000C134, 0x0000C135, 0x0000C136, 0x0000C137, 0x0000C138, 0x0000C139, 0x0000C13A, 0x0000C33B, 0x0000C33C, 0x0000C33D,
  0x0000C33E, 0x0000C33F, 0x0000C340, 0x0000C341, 0x0000C342, 0x0000C544, 0x0000C545, 0x0000C546, 0x0000C547, 0x0000C548,
  0x0000C549, 0x0000C54A, 0x0000C74C, 0x0000C74D, 0x0000C74E, 0x0000C74F, 0x0000C751, 0x0000C752, 0x0000C953, 0x0000C955,
  0x0000C956, 0x0000C958, 0x0000CB59, 0x0000CB5B, 0x0000CB5C, 0x0000CB5E, 0x0000CD60, 0x0000CD62, 0x0000CD64, 0x0000CF66,
  0x0000CF68, 0x0000CF6A, 0x0000D16D, 0x0000D170, 0x0000D373, 0x0000D578, 0x0000D780, 0x00000000, 0x00000000, 0x00000000,
  0x00000000, 0x00000000, 0x00000000, 0x0000D682, 0x0000D489, 0x0000D28D, 0x0000D290, 0x0000D093, 0x0000D095, 0x0000D098,
  0x0000CE9A, 0x0000CE9C, 0x0000CE9E, 0x0000CCA0, 0x0000CCA1, 0x0000CCA3, 0x0000CAA5, 0x0000CAA6, 0x0000CAA8, 0x0000CAA9,
  0x0000CAAB, 0x0000C8AC, 0x0000C8AD, 0x0000C8AF, 0x0000C8B0, 0x0000C8B1, 0x0000C6B2, 0x0000C6B4, 0x0000C6B5, 0x0000C6B6,
  0x0000C6B7, 0x0000C6B8, 0x0000C6B9, 0x0000C4BB, 0x0000C4BC, 0x0000C4BD, 0x0000C4BE, 0x0000C4BF, 0x0000C4C0, 0x0000C4C1,
  0x0000C2C2, 0x0000C2C3, 0x0000C2C4, 0x0000C2C5, 0x0000C2C6, 0x0000C2C7, 0x0000C2C8, 0x0000C2C9, 0x0000C2CA, 0x0000C2CB,
  0x0000C0CC, 0x0000C0CD, 0x0000C0CE, 0x0000C0CF, 0x0000C0D0, 0x0000C0D1, 0x0000C0D1, 0x0000C0D2, 0x0000C0D3, 0x0000C0D4,
  0x0000C0D5, 0x0000C0D6, 0x0000BED7, 0x0000BED8, 0x0000BED9, 0x0000BED9, 0x0000BEDA, 0x0000BEDB, 0x0000BEDC, 0x0000BEDD,
  0x0000BEDE, 0x0000BEDF, 0x0000BEDF, 0x0000BEE0, 0x0000BEE1, 0x0000BEE2, 0x0000BEE3, 0x0000BEE4, 0x0000BEE4, 0x0000BCE5,
  0x0000BCE6, 0x0000BCE7, 0x0000BCE8, 0x0000BCE9, 0x0000BCE9, 0x0000BCEA, 0x0000BCEB, 0x0000BCEC, 0x0000BCED, 0x0000BCEE,
  0x0000BCEE, 0x0000BCEF, 0x0000BCF0, 0x0000BCF1, 0x0000BCF2, 0x0000BCF2, 0x0000BCF3, 0x0000BCF4, 0x0000BCF5, 0x0000BCF6,
  0x0000BCF6, 0x0000BCF7, 0x0000BCF8, 0x0000BCF9, 0x0000BCFA, 0x0000BCFA, 0x0000BCFB, 0x0000BCFC, 0x0000BCFD, 0x0000BCFE,
  0x0000BCFE, 0x0000BCFF, 0x0000BD00, 0x0000BD01, 0x0000BD01, 0x0000BD02, 0x0000BD03, 0x0000BD04, 0x0000BD05, 0x0000BD05,
  0x0000BD06, 0x0000BD07, 0x0000BD08, 0x0000BD09, 0x0000BD09, 0x0000BD0A, 0x0000BD0B, 0x0000BD0C, 0x0000BD0D, 0x0000BD0D,
  0x0000BD0E, 0x0000BD0F, 0x0000BD10, 0x0000BD11, 0x0000BD11, 0x0000BD12, 0x0000BD13, 0x0000BD14, 0x0000BD15, 0x0000BD16,
  0x0000BD16, 0x0000BD17, 0x0000BD18, 0x0000BD19, 0x0000BD1A, 0x0000BF1B, 0x0000BF1B, 0x0000BF1C, 0x0000BF1D, 0x0000BF1E,
  0x0000BF1F, 0x0000BF20, 0x0000BF20, 0x0000BF21, 0x0000BF22, 0x0000BF23, 0x0000BF24, 0x0000BF25, 0x0000BF26, 0x0000BF26,
  0x0000BF27, 0x0000BF28, 0x0000C129, 0x0000C12A, 0x0000C12B, 0x0000C12C, 0x0000C12D, 0x0000C12E, 0x0000C12E, 0x0000C12F,
  0x0000C130, 0x0000C131, 0x0000C132, 0x0000C133, 0x0000C334, 0x0000C335, 0x0000C336, 0x0000C337, 0x0000C338, 0x0000C339,
  0x0000C33A, 0x0000C33B, 0x0000C33C, 0x0000C33D, 0x0000C53E, 0x0000C53F, 0x0000C540, 0x0000C541, 0x0000C542, 0x0000C543,
  0x0000C544, 0x0000C746, 0x0000C747, 0x0000C748, 0x0000C749, 0x0000C74A, 0x0000C74B, 0x0000C74D, 0x0000C94E, 0x0000C94F,
  0x0000C950, 0x0000C952, 0x0000C953, 0x0000CB54, 0x0000CB56, 0x0000CB57, 0x0000CB59, 0x0000CB5A, 0x0000CD5C, 0x0000CD5E,
  0x0000CD5F, 0x0000CF61, 0x0000CF63, 0x0000CF65, 0x0000D167, 0x0000D16A, 0x0000D16C, 0x0000D36F, 0x0000D372, 0x0000D576,
  0x0000D77D, 0x00000000, 0x00000000, 0x00000000, 0x00000000, 0x00000000, 0x00000000, 0x0000D884, 0x0000D68A, 0x0000D48E,
  0x0000D291, 0x0000D294, 0x0000D296, 0x0000D098, 0x0000D09A, 0x0000D09C, 0x0000CE9E, 0x0000CEA0, 0x0000CEA2, 0x0000CCA3,
  0x0000CCA5, 0x0000CCA7, 0x0000CCA8, 0x0000CAAA, 0x0000CAAB, 0x0000CAAC, 0x0000CAAE, 0x0000CAAF, 0x0000CAB0, 0x0000C8B2,
  0x0000C8B3, 0x0000C8B4, 0x0000C8B5, 0x0000C8B6, 0x0000C8B8, 0x0000C6B9, 0x0000C6BA, 0x0000C6BB, 0x0000C6BC, 0x0000C6BD,
  0x0000C6BE, 0x0000C6BF, 0x0000C4C0, 0x0000C4C1, 0x0000C4C2, 0x0000C4C3, 0x0000C4C4, 0x0000C4C5, 0x0000C4C6, 0x0000C4C7,
  0x0000C4C8, 0x0000C2C9, 0x0000C2CA, 0x0000C2CB, 0x0000C2CC, 0x0000C2CD, 0x0000C2CE, 0x0000C2CF, 0x0000C2D0, 0x0000C2D1,
  0x0000C2D2, 0x0000C2D3, 0x0000C0D3, 0x0000C0D4, 0x0000C0D5, 0x0000C0D6, 0x0000C0D7, 0x0000C0D8, 0x0000C0D9, 0x0000C0DA,
  0x0000C0DA, 0x0000C0DB, 0x0000C0DC, 0x0000C0DD, 0x0000C0DE, 0x0000C0DF, 0x0000C0E0, 0x0000C0E0, 0x0000BEE1, 0x0000BEE2,
  0x0000BEE3, 0x0000BEE4, 0x0000BEE5, 0x0000BEE5, 0x0000BEE6, 0x0000BEE7, 0x0000BEE8, 0x0000BEE9, 0x0000BEEA, 0x0000BEEA,
  0x0000BEEB, 0x0000BEEC, 0x0000BEED, 0x0000BEEE, 0x0000BEEE, 0x0000BEEF, 0x0000BEF0, 0x0000BEF1, 0x0000BEF2, 0x0000BEF2,
  0x0000BEF3, 0x0000BEF4, 0x0000BEF5, 0x0000BEF6, 0x0000BEF6, 0x0000BEF7, 0x0000BEF8, 0x0000BEF9, 0x0000BEFA, 0x0000BEFA,
  0x0000BEFB, 0x0000BEFC, 0x0000BEFD, 0x0000BEFE, 0x0000BEFE, 0x0000BEFF, 0x0000BF00, 0x0000BF01, 0x0000BF01, 0x0000BF02,
  0x0000BF03, 0x0000BF04, 0x0000BF05, 0x0000BF05, 0x0000BF06, 0x0000BF07, 0x0000BF08, 0x0000BF09, 0x0000BF09, 0x0000BF0A,
  0x0000BF0B, 0x0000BF0C, 0x0000BF0D, 0x0000BF0D, 0x0000BF0E, 0x0000BF0F, 0x0000BF10, 0x0000BF11, 0x0000BF11, 0x0000BF12,
  0x0000BF13, 0x0000BF14, 0x0000BF15, 0x0000BF15, 0x0000BF16, 0x0000BF17, 0x0000BF18, 0x0000BF19, 0x0000BF1A, 0x0000BF1A,
  0x0000BF1B, 0x0000BF1C, 0x0000BF1D, 0x0000BF1E, 0x0000C11F, 0x0000C11F, 0x0000C120, 0x0000C121, 0x0000C122, 0x0000C123,
  0x0000C124, 0x0000C125, 0x0000C125, 0x0000C126, 0x0000C127, 0x0000C128, 0x0000C129, 0x0000C12A, 0x0000C12B, 0x0000C12C,
  0x0000C32C, 0x0000C32D, 0x0000C32E, 0x0000C32F, 0x0000C330, 0x0000C331, 0x0000C332, 0x0000C333, 0x0000C334, 0x0000C335,
  0x0000C336, 0x0000C537, 0x0000C538, 0x0000C539, 0x0000C53A, 0x0000C53B, 0x0000C53C, 0x0000C53D, 0x0000C53E, 0x0000C53F,
  0x0000C740, 0x0000C741, 0x0000C742, 0x0000C743, 0x0000C744, 0x0000C745, 0x0000C746, 0x0000C947, 0x0000C949, 0x0000C94A,
  0x0000C94B, 0x0000C94C, 0x0000C94D, 0x0000CB4F, 0x0000CB50, 0x0000CB51, 0x0000CB53, 0x0000CB54, 0x0000CB55, 0x0000CD57,
  0x0000CD58, 0x0000CD5A, 0x0000CD5C, 0x0000CF5D, 0x0000CF5F, 0x0000CF61, 0x0000D163, 0x0000D165, 0x0000D167, 0x0000D369,
  0x0000D36B, 0x0000D36E, 0x0000D571, 0x0000D775, 0x0000D97B, 0x00000000, 0x00000000, 0x00000000, 0x00000000, 0x00000000,
  0x00000000, 0x0000D886, 0x0000D68B, 0x0000D68F, 0x0000D492, 0x0000D494, 0x0000D297, 0x0000D299, 0x0000D29B, 0x0000D09D,
  0x0000D09F, 0x0000D0A1, 0x0000CEA2, 0x0000CEA4, 0x0000CEA6, 0x0000CEA7, 0x0000CCA9, 0x0000CCAA, 0x0000CCAB, 0x0000CCAD,
  0x0000CCAE, 0x0000CAAF, 0x0000CAB1, 0x0000CAB2, 0x0000CAB3, 0x0000CAB4, 0x0000CAB6, 0x0000C8B7, 0x0000C8B8, 0x0000C8B9,
  0x0000C8BA, 0x0000C8BB, 0x0000C8BC, 0x0000C8BD, 0x0000C6BE, 0x0000C6BF, 0x0000C6C1, 0x0000C6C2, 0x0000C6C3, 0x0000C6C4,
  0x0000C6C5, 0x0000C6C6, 0x0000C4C7, 0x0000C4C8, 0x0000C4C9, 0x0000C4C9, 0x0000C4CA, 0x0000C4CB, 0x0000C4CC, 0x0000C4CD,
  0x0000C4CE, 0x0000C4CF, 0x0000C4D0, 0x0000C2D1, 0x0000C2D2, 0x0000C2D3, 0x0000C2D4, 0x0000C2D5, 0x0000C2D5, 0x0000C2D6,
  0x0000C2D7, 0x0000C2D8, 0x0000C2D9, 0x0000C2DA, 0x0000C2DB, 0x0000C2DB, 0x0000C2DC, 0x0000C0DD, 0x0000C0DE, 0x0000C0DF,
  0x0000C0E0, 0x0000C0E1, 0x0000C0E1, 0x0000C0E2, 0x0000C0E3, 0x0000C0E4, 0x0000C0E5, 0x0000C0E6, 0x0000C0E6, 0x0000C0E7,
  0x0000C0E8, 0x0000C0E9, 0x0000C0EA, 0x0000C0EA, 0x0000C0EB, 0x0000C0EC, 0x0000C0ED, 0x0000C0EE, 0x0000C0EE, 0x0000C0EF,
  0x0000C0F0, 0x0000C0F1, 0x0000C0F2, 0x0000BEF2, 0x0000BEF3, 0x0000BEF4, 0x0000BEF5, 0x0000BEF6, 0x0000BEF6, 0x0000BEF7,
  0x0000BEF8, 0x0000BEF9, 0x0000BEFA, 0x0000BEFA, 0x0000BEFB, 0x0000BEFC, 0x0000BEFD, 0x0000BEFE, 0x0000BEFE, 0x0000BEFF,
  0x0000BF00, 0x0000BF01, 0x0000BF01, 0x0000BF02, 0x0000BF03, 0x0000BF04, 0x0000BF05, 0x0000BF05, 0x0000BF06, 0x0000BF07,
  0x0000BF08, 0x0000BF09, 0x0000BF09, 0x0000BF0A, 0x0000BF0B, 0x0000BF0C, 0x0000BF0D, 0x0000C10D, 0x0000C10E, 0x0000C10F,
  0x0000C110, 0x0000C111, 0x0000C111, 0x0000C112, 0x0000C113, 0x0000C114, 0x0000C115, 0x0000C115, 0x0000C116, 0x0000C117,
  0x0000C118, 0x0000C119, 0x0000C119, 0x0000C11A, 0x0000C11B, 0x0000C11C, 0x0000C11D, 0x0000C11E, 0x0000C11E, 0x0000C11F,
  0x0000C120, 0x0000C121, 0x0000C122, 0x0000C323, 0x0000C324, 0x0000C324, 0x0000C325, 0x0000C326, 0x0000C327, 0x0000C328,
  0x0000C329, 0x0000C32A, 0x0000C32A, 0x0000C32B, 0x0000C32C, 0x0000C32D, 0x0000C32E, 0x0000C52F, 0x0000C530, 0x0000C531,
  0x0000C532, 0x0000C533, 0x0000C534, 0x0000C535, 0x0000C536, 0x0000C536, 0x0000C537, 0x0000C538, 0x0000C739, 0x0000C73A,
  0x0000C73B, 0x0000C73C, 0x0000C73D, 0x0000C73E, 0x0000C740, 0x0000C741, 0x0000C942, 0x0000C943, 0x0000C944, 0x0000C945,
  0x0000C946, 0x0000C947, 0x0000C948, 0x0000CB49, 0x0000CB4B, 0x0000CB4C, 0x0000CB4D, 0x0000CB4E, 0x0000CB50, 0x0000CD51,
  0x0000CD52, 0x0000CD54, 0x0000CD55, 0x0000CD56, 0x0000CF58, 0x0000CF59, 0x0000CF5B, 0x0000CF5D, 0x0000D15E, 0x0000D160,
  0x0000D162, 0x0000D364, 0x0000D366, 0x0000D368, 0x0000D56B, 0x0000D56D, 0x0000D770, 0x0000D774, 0x0000D979, 0x00000000,
  0x00000000, 0x00000000, 0x00000000, 0x00000000, 0x0000DC7D, 0x0000DA87, 0x0000D88C, 0x0000D68F, 0x0000D692, 0x0000D495,
  0x0000D497, 0x0000D49A, 0x0000D29C, 0x0000D29D, 0x0000D29F, 0x0000D0A1, 0x0000D0A3, 0x0000D0A4, 0x0000D0A6, 0x0000CEA7,
  0x0000CEA9, 0x0000CEAA, 0x0000CEAC, 0x0000CCAD, 0x0000CCAE, 0x0000CCB0, 0x0000CCB1, 0x0000CCB2, 0x0000CCB3, 0x0000CAB5,
  0x0000CAB6, 0x0000CAB7, 0x0000CAB8, 0x0000CAB9, 0x0000CABA, 0x0000CABB, 0x0000C8BD, 0x0000C8BE, 0x0000C8BF, 0x0000C8C0,
  0x0000C8C1, 0x0000C8C2, 0x0000C8C3, 0x0000C8C4, 0x0000C6C5, 0x0000C6C6, 0x0000C6C7, 0x0000C6C8, 0x0000C6C9, 0x0000C6CA,
  0x0000C6CB, 0x0000C6CC, 0x0000C6CD, 0x0000C6CD, 0x0000C4CE, 0x0000C4CF, 0x0000C4D0, 0x0000C4D1, 0x0000C4D2, 0x0000C4D3,
  0x0000C4D4, 0x0000C4D5, 0x0000C4D6, 0x0000C4D6, 0x0000C4D7, 0x0000C4D8, 0x0000C4D9, 0x0000C2DA, 0x0000C2DB, 0x0000C2DC,
  0x0000C2DC, 0x0000C2DD, 0x0000C2DE, 0x0000C2DF, 0x0000C2E0, 0x0000C2E1, 0x0000C2E2, 0x0000C2E2, 0x0000C2E3, 0x0000C2E4,
  0x0000C2E5, 0x0000C2E6, 0x0000C2E6, 0x0000C2E7, 0x0000C2E8, 0x0000C2E9, 0x0000C2EA, 0x0000C0EB, 0x0000C0EB, 0x0000C0EC,
  0x0000C0ED, 0x0000C0EE, 0x0000C0EF, 0x0000C0EF, 0x0000C0F0, 0x0000C0F1, 0x0000C0F2, 0x0000C0F2, 0x0000C0F3, 0x0000C0F4,
  0x0000C0F5, 0x0000C0F6, 0x0000C0F6, 0x0000C0F7, 0x0000C0F8, 0x0000C0F9, 0x0000C0FA, 0x0000C0FA, 0x0000C0FB, 0x0000C0FC,
  0x0000C0FD, 0x0000C0FE, 0x0000C0FE, 0x0000C0FF, 0x0000C100, 0x0000C101, 0x0000C101, 0x0000C102, 0x0000C103, 0x0000C104,
  0x0000C105, 0x0000C105, 0x0000C106, 0x0000C107, 0x0000C108, 0x0000C109, 0x0000C109, 0x0000C10A, 0x0000C10B, 0x0000C10C,
  0x0000C10D, 0x0000C10D, 0x0000C10E, 0x0000C10F, 0x0000C110, 0x0000C110, 0x0000C111, 0x0000C112, 0x0000C113, 0x0000C114,
  0x0000C114, 0x0000C315, 0x0000C316, 0x0000C317, 0x0000C318, 0x0000C319, 0x0000C319, 0x0000C31A, 0x0000C31B, 0x0000C31C,
  0x0000C31D, 0x0000C31D, 0x0000C31E, 0x0000C31F, 0x0000C320, 0x0000C321, 0x0000C322, 0x0000C323, 0x0000C323, 0x0000C324,
  0x0000C325, 0x0000C526, 0x0000C527, 0x0000C528, 0x0000C529, 0x0000C529, 0x0000C52A, 0x0000C52B, 0x0000C52C, 0x0000C52D,
  0x0000C52E, 0x0000C52F, 0x0000C530, 0x0000C531, 0x0000C732, 0x0000C732, 0x0000C733, 0x0000C734, 0x0000C735, 0x0000C736,
  0x0000C737, 0x0000C738, 0x0000C739, 0x0000C73A, 0x0000C93B, 0x0000C93C, 0x0000C93D, 0x0000C93E, 0x0000C93F, 0x0000C940,
  0x0000C941, 0x0000C942, 0x0000CB44, 0x0000CB45, 0x0000CB46, 0x0000CB47, 0x0000CB48, 0x0000CB49, 0x0000CB4A, 0x0000CD4C,
  0x0000CD4D, 0x0000CD4E, 0x0000CD4F, 0x0000CD51, 0x0000CD52, 0x0000CF53, 0x0000CF55, 0x0000CF56, 0x0000CF58, 0x0000D159,
  0x0000D15B, 0x0000D15C, 0x0000D15E, 0x0000D360, 0x0000D362, 0x0000D363, 0x0000D565, 0x0000D568, 0x0000D56A, 0x0000D76D,
  0x0000D770, 0x0000D973, 0x0000DB78, 0x0000DD82, 0x00000000, 0x00000000, 0x00000000, 0x00000000, 0x0000DC82, 0x0000DA89,
  0x0000D88D, 0x0000D890, 0x0000D693, 0x0000D696, 0x0000D698, 0x0000D49A, 0x0000D49C, 0x0000D49E, 0x0000D2A0, 0x0000D2A2,
  0x0000D2A3, 0x0000D0A5, 0x0000D0A6, 0x0000D0A8, 0x0000D0A9, 0x0000D0AB, 0x0000CEAC, 0x0000CEAD, 0x0000CEAF, 0x0000CEB0,
  0x0000CEB1, 0x0000CCB3, 0x0000CCB4, 0x0000CCB5, 0x0000CCB6, 0x0000CCB7, 0x0000CCB8, 0x0000CCBA, 0x0000CABB, 0x0000CABC,
  0x0000CABD, 0x0000CABE, 0x0000CABF, 0x0000CAC0, 0x0000CAC1, 0x0000C8C2, 0x0000C8C3, 0x0000C8C4, 0x0000C8C5, 0x0000C8C6,
  0x0000C8C7, 0x0000C8C8, 0x0000C8C9, 0x0000C8CA, 0x0000C8CB, 0x0000C6CC, 0x0000C6CD, 0x0000C6CE, 0x0000C6CF, 0x0000C6CF,
  0x0000C6D0, 0x0000C6D1, 0x0000C6D2, 0x0000C6D3, 0x0000C6D4, 0x0000C6D5, 0x0000C6D6, 0x0000C4D7, 0x0000C4D7, 0x0000C4D8,
  0x0000C4D9, 0x0000C4DA, 0x0000C4DB, 0x0000C4DC, 0x0000C4DD, 0x0000C4DD, 0x0000C4DE, 0x0000C4DF, 0x0000C4E0, 0x0000C4E1,
  0x0000C4E2, 0x0000C4E2, 0x0000C4E3, 0x0000C4E4, 0x0000C4E5, 0x0000C2E6, 0x0000C2E7, 0x0000C2E7, 0x0000C2E8, 0x0000C2E9,
  0x0000C2EA, 0x0000C2EB, 0x0000C2EB, 0x0000C2EC, 0x0000C2ED, 0x0000C2EE, 0x0000C2EF, 0x0000C2EF, 0x0000C2F0, 0x0000C2F1,
  0x0000C2F2, 0x0000C2F3, 0x0000C2F3, 0x0000C2F4, 0x0000C2F5, 0x0000C2F6, 0x0000C2F6, 0x0000C2F7, 0x0000C2F8, 0x0000C2F9,
  0x0000C2FA, 0x0000C2FA, 0x0000C2FB, 0x0000C2FC, 0x0000C2FD, 0x0000C2FE, 0x0000C2FE, 0x0000C2FF, 0x0000C300, 0x0000C301,
  0x0000C301, 0x0000C302, 0x0000C303, 0x0000C304, 0x0000C305, 0x0000C305, 0x0000C306, 0x0000C307, 0x0000C308, 0x0000C309,
  0x0000C309, 0x0000C30A, 0x0000C30B, 0x0000C30C, 0x0000C30C, 0x0000C30D, 0x0000C30E, 0x0000C30F, 0x0000C310, 0x0000C310,
  0x0000C311, 0x0000C312, 0x0000C313, 0x0000C314, 0x0000C314, 0x0000C315, 0x0000C316, 0x0000C317, 0x0000C318, 0x0000C318,
  0x0000C319, 0x0000C51A, 0x0000C51B, 0x0000C51C, 0x0000C51D, 0x0000C51D, 0x0000C51E, 0x0000C51F, 0x0000C520, 0x0000C521,
  0x0000C522, 0x0000C522, 0x0000C523, 0x0000C524, 0x0000C525, 0x0000C526, 0x0000C527, 0x0000C528, 0x0000C528, 0x0000C729,
  0x0000C72A, 0x0000C72B, 0x0000C72C, 0x0000C72D, 0x0000C72E, 0x0000C72F, 0x0000C730, 0x0000C730, 0x0000C731, 0x0000C732,
  0x0000C733, 0x0000C934, 0x0000C935, 0x0000C936, 0x0000C937, 0x0000C938, 0x0000C939, 0x0000C93A, 0x0000C93B, 0x0000C93C,
  0x0000C93D, 0x0000CB3E, 0x0000CB3F, 0x0000CB40, 0x0000CB41, 0x0000CB42, 0x0000CB43, 0x0000CB44, 0x0000CD45, 0x0000CD47,
  0x0000CD48, 0x0000CD49, 0x0000CD4A, 0x0000CD4B, 0x0000CD4C, 0x0000CF4E, 0x0000CF4F, 0x0000CF50, 0x0000CF52, 0x0000CF53,
  0x0000D154, 0x0000D156, 0x0000D157, 0x0000D159, 0x0000D15A, 0x0000D35C, 0x0000D35D, 0x0000D35F, 0x0000D561, 0x0000D563,
  0x0000D565, 0x0000D767, 0x0000D769, 0x0000D76C, 0x0000D96F, 0x0000D972, 0x0000DB76, 0x0000DD7D, 0x00000000, 0x00000000,
  0x00000000, 0x00000000, 0x0000DE84, 0x0000DC8A, 0x0000DA8E, 0x0000D891, 0x0000D894, 0x0000D896, 0x0000D698, 0x0000D69B,
  0x0000D69D, 0x0000D49E, 0x0000D4A0, 0x0000D4A2, 0x0000D2A4, 0x0000D2A5, 0x0000D2A7, 0x0000D2A8, 0x0000D0AA, 0x0000D0AB,
  0x0000D0AC, 0x0000D0AE, 0x0000D0AF, 0x0000D0B0, 0x0000CEB2, 0x0000CEB3, 0x0000CEB4, 0x0000CEB5, 0x0000CEB6, 0x0000CEB8,
  0x0000CCB9, 0x0000CCBA, 0x0000CCBB, 0x0000CCBC, 0x0000CCBD, 0x0000CCBE, 0x0000CCBF, 0x0000CAC0, 0x0000CAC1, 0x0000CAC2,
  0x0000CAC3, 0x0000CAC4, 0x0000CAC5, 0x0000CAC6, 0x0000CAC7, 0x0000CAC8, 0x0000C8C9, 0x0000C8CA, 0x0000C8CB, 0x0000C8CC,
  0x0000C8CD, 0x0000C8CE, 0x0000C8CF, 0x0000C8D0, 0x0000C8D1, 0x0000C8D1, 0x0000C8D2, 0x0000C6D3, 0x0000C6D4, 0x0000C6D5,
  0x0000C6D6, 0x0000C6D7, 0x0000C6D8, 0x0000C6D8, 0x0000C6D9, 0x0000C6DA, 0x0000C6DB, 0x0000C6DC, 0x0000C6DD, 0x0000C6DE,
  0x0000C6DE, 0x0000C6DF, 0x0000C6E0, 0x0000C4E1, 0x0000C4E2, 0x0000C4E3, 0x0000C4E3, 0x0000C4E4, 0x0000C4E5, 0x0000C4E6,
  0x0000C4E7, 0x0000C4E7, 0x0000C4E8, 0x0000C4E9, 0x0000C4EA, 0x0000C4EB, 0x0000C4EB, 0x0000C4EC, 0x0000C4ED, 0x0000C4EE,
  0x0000C4EF, 0x0000C4EF, 0x0000C4F0, 0x0000C4F1, 0x0000C4F2, 0x0000C4F3, 0x0000C4F3, 0x0000C4F4, 0x0000C4F5, 0x0000C4F6,
  0x0000C4F7, 0x0000C4F7, 0x0000C4F8, 0x0000C4F9, 0x0000C4FA, 0x0000C4FA, 0x0000C4FB, 0x0000C4FC, 0x0000C4FD, 0x0000C4FE,
  0x0000C4FE, 0x0000C4FF, 0x0000C500, 0x0000C501, 0x0000C501, 0x0000C502, 0x0000C503, 0x0000C504, 0x0000C505, 0x0000C505,
  0x0000C506, 0x0000C507, 0x0000C508, 0x0000C508, 0x0000C509, 0x0000C50A, 0x0000C50B, 0x0000C50C, 0x0000C50C, 0x0000C50D,
  0x0000C50E, 0x0000C50F, 0x0000C510, 0x0000C510, 0x0000C511, 0x0000C512, 0x0000C513, 0x0000C514, 0x0000C514, 0x0000C515,
  0x0000C516, 0x0000C517, 0x0000C518, 0x0000C518, 0x0000C519, 0x0000C51A, 0x0000C51B, 0x0000C51C, 0x0000C51C, 0x0000C51D,
  0x0000C51E, 0x0000C71F, 0x0000C720, 0x0000C721, 0x0000C721, 0x0000C722, 0x0000C723, 0x0000C724, 0x0000C725, 0x0000C726,
  0x0000C727, 0x0000C727, 0x0000C728, 0x0000C729, 0x0000C72A, 0x0000C72B, 0x0000C72C, 0x0000C92D, 0x0000C92E, 0x0000C92E,
  0x0000C92F, 0x0000C930, 0x0000C931, 0x0000C932, 0x0000C933, 0x0000C934, 0x0000C935, 0x0000C936, 0x0000CB37, 0x0000CB38,
  0x0000CB39, 0x0000CB3A, 0x0000CB3B, 0x0000CB3C, 0x0000CB3D, 0x0000CB3E, 0x0000CB3F, 0x0000CD40, 0x0000CD41, 0x0000CD42,
  0x0000CD43, 0x0000CD44, 0x0000CD45, 0x0000CD46, 0x0000CF47, 0x0000CF49, 0x0000CF4A, 0x0000CF4B, 0x0000CF4C, 0x0000CF4D,
  0x0000D14F, 0x0000D150, 0x0000D151, 0x0000D153, 0x0000D154, 0x0000D155, 0x0000D357, 0x0000D358, 0x0000D35A, 0x0000D35B,
  0x0000D55D, 0x0000D55F, 0x0000D561, 0x0000D762, 0x0000D764, 0x0000D767, 0x0000D969, 0x0000D96B, 0x0000D96E, 0x0000DB71,
  0x0000DD75, 0x0000DF7B, 0x00000000, 0x00000000, 0x00000000, 0x00000000, 0x0000DE85, 0x0000DC8B, 0x0000DC8E, 0x0000DA92,
  0x0000DA94, 0x0000D897, 0x0000D899, 0x0000D89B, 0x0000D69D, 0x0000D69F, 0x0000D6A1, 0x0000D4A2, 0x0000D4A4, 0x0000D4A6,
  0x0000D4A7, 0x0000D2A9, 0x0000D2AA, 0x0000D2AB, 0x0000D2AD, 0x0000D2AE, 0x0000D0AF, 0x0000D0B1, 0x0000D0B2, 0x0000D0B3,
  0x0000D0B4, 0x0000D0B6, 0x0000CEB7, 0x0000CEB8, 0x0000CEB9, 0x0000CEBA, 0x0000CEBB, 0x0000CEBC, 0x0000CEBD, 0x0000CCBE,
  0x0000CCBF, 0x0000CCC0, 0x0000CCC1, 0x0000CCC3, 0x0000CCC4, 0x0000CCC5, 0x0000CCC5, 0x0000CAC6, 0x0000CAC7, 0x0000CAC8,
  0x0000CAC9, 0x0000CACA, 0x0000CACB, 0x0000CACC, 0x0000CACD, 0x0000CACE, 0x0000CACF, 0x0000CAD0, 0x0000C8D1, 0x0000C8D2,
  0x0000C8D3, 0x0000C8D3, 0x0000C8D4, 0x0000C8D5, 0x0000C8D6, 0x0000C8D7, 0x0000C8D8, 0x0000C8D9, 0x0000C8D9, 0x0000C8DA,
  0x0000C8DB, 0x0000C8DC, 0x0000C6DD, 0x0000C6DE, 0x0000C6DF, 0x0000C6DF, 0x0000C6E0, 0x0000C6E1, 0x0000C6E2, 0x0000C6E3,
  0x0000C6E3, 0x0000C6E4, 0x0000C6E5, 0x0000C6E6, 0x0000C6E7, 0x0000C6E8, 0x0000C6E8, 0x0000C6E9, 0x0000C6EA, 0x0000C6EB,
  0x0000C6EC, 0x0000C6EC, 0x0000C6ED, 0x0000C6EE, 0x0000C6EF, 0x0000C6EF, 0x0000C6F0, 0x0000C4F1, 0x0000C4F2, 0x0000C4F3,
  0x0000C4F3, 0x0000C4F4, 0x0000C4F5, 0x0000C4F6, 0x0000C4F7, 0x0000C4F7, 0x0000C4F8, 0x0000C4F9, 0x0000C4FA, 0x0000C4FA,
  0x0000C4FB, 0x0000C4FC, 0x0000C4FD, 0x0000C4FE, 0x0000C4FE, 0x0000C4FF, 0x0000C500, 0x0000C501, 0x0000C501, 0x0000C502,
  0x0000C503, 0x0000C504, 0x0000C505, 0x0000C505, 0x0000C506, 0x0000C507, 0x0000C508, 0x0000C508, 0x0000C509, 0x0000C50A,
  0x0000C50B, 0x0000C50C, 0x0000C50C, 0x0000C50D, 0x0000C50E, 0x0000C70F, 0x0000C710, 0x0000C710, 0x0000C711, 0x0000C712,
  0x0000C713, 0x0000C713, 0x0000C714, 0x0000C715, 0x0000C716, 0x0000C717, 0x0000C717, 0x0000C718, 0x0000C719, 0x0000C71A,
  0x0000C71B, 0x0000C71C, 0x0000C71C, 0x0000C71D, 0x0000C71E, 0x0000C71F, 0x0000C720, 0x0000C720, 0x0000C721, 0x0000C722,
  0x0000C923, 0x0000C924, 0x0000C925, 0x0000C926, 0x0000C926, 0x0000C927, 0x0000C928, 0x0000C929, 0x0000C92A, 0x0000C92B,
  0x0000C92C, 0x0000C92C, 0x0000C92D, 0x0000C92E, 0x0000CB2F, 0x0000CB30, 0x0000CB31, 0x0000CB32, 0x0000CB33, 0x0000CB34,
  0x0000CB35, 0x0000CB36, 0x0000CB37, 0x0000CB38, 0x0000CB39, 0x0000CD3A, 0x0000CD3A, 0x0000CD3B, 0x0000CD3C, 0x0000CD3E,
  0x0000CD3F, 0x0000CD40, 0x0000CD41, 0x0000CF42, 0x0000CF43, 0x0000CF44, 0x0000CF45, 0x0000CF46, 0x0000CF47, 0x0000CF48,
  0x0000D149, 0x0000D14B, 0x0000D14C, 0x0000D14D, 0x0000D14E, 0x0000D150, 0x0000D351, 0x0000D352, 0x0000D354, 0x0000D355,
  0x0000D356, 0x0000D558, 0x0000D559, 0x0000D55B, 0x0000D55D, 0x0000D75E, 0x0000D760, 0x0000D762, 0x0000D964, 0x0000D966,
  0x0000D968, 0x0000DB6B, 0x0000DB6D, 0x0000DD71, 0x0000DD74, 0x0000DF7A, 0x00000000, 0x00000000, 0x00000000, 0x00000000,
  0x0000E087, 0x0000DE8C, 0x0000DC8F, 0x0000DC92, 0x0000DA95, 0x0000DA97, 0x0000DA99, 0x0000D89C, 0x0000D89D, 0x0000D89F,
  0x0000D6A1, 0x0000D6A3, 0x0000D6A4, 0x0000D6A6, 0x0000D4A7, 0x0000D4A9, 0x0000D4AA, 0x0000D4AC, 0x0000D2AD, 0x0000D2AE,
  0x0000D2B0, 0x0000D2B1, 0x0000D2B2, 0x0000D2B3, 0x0000D0B5, 0x0000D0B6, 0x0000D0B7, 0x0000D0B8, 0x0000D0B9, 0x0000D0BA,
  0x0000D0BB, 0x0000CEBC, 0x0000CEBE, 0x0000CEBF, 0x0000CEC0, 0x0000CEC1, 0x0000CEC2, 0x0000CEC3, 0x0000CEC4, 0x0000CCC5,
  0x0000CCC6, 0x0000CCC7, 0x0000CCC8, 0x0000CCC9, 0x0000CCCA, 0x0000CCCA, 0x0000CCCB, 0x0000CCCC, 0x0000CCCD, 0x0000CACE,
  0x0000CACF, 0x0000CAD0, 0x0000CAD1, 0x0000CAD2, 0x0000CAD3, 0x0000CAD4, 0x0000CAD4, 0x0000CAD5, 0x0000CAD6, 0x0000CAD7,
  0x0000CAD8, 0x0000CAD9, 0x0000C8DA, 0x0000C8DA, 0x0000C8DB, 0x0000C8DC, 0x0000C8DD, 0x0000C8DE, 0x0000C8DF, 0x0000C8DF,
  0x0000C8E0, 0x0000C8E1, 0x0000C8E2, 0x0000C8E3, 0x0000C8E4, 0x0000C8E4, 0x0000C8E5, 0x0000C8E6, 0x0000C8E7, 0x0000C8E8,
  0x0000C8E8, 0x0000C8E9, 0x0000C6EA, 0x0000C6EB, 0x0000C6EC, 0x0000C6EC, 0x0000C6ED, 0x0000C6EE, 0x0000C6EF, 0x0000C6F0,
  0x0000C6F0, 0x0000C6F1, 0x0000C6F2, 0x0000C6F3, 0x0000C6F3, 0x0000C6F4, 0x0000C6F5, 0x0000C6F6, 0x0000C6F7, 0x0000C6F7,
  0x0000C6F8, 0x0000C6F9, 0x0000C6FA, 0x0000C6FA, 0x0000C6FB, 0x0000C6FC, 0x0000C6FD, 0x0000C6FE, 0x0000C6FE, 0x0000C6FF,
  0x0000C700, 0x0000C701, 0x0000C701, 0x0000C702, 0x0000C703, 0x0000C704, 0x0000C705, 0x0000C705, 0x0000C706, 0x0000C707,
  0x0000C708, 0x0000C708, 0x0000C709, 0x0000C70A, 0x0000C70B, 0x0000C70C, 0x0000C70C, 0x0000C70D, 0x0000C70E, 0x0000C70F,
  0x0000C70F, 0x0000C710, 0x0000C711, 0x0000C712, 0x0000C713, 0x0000C713, 0x0000C714, 0x0000C715, 0x0000C916, 0x0000C917,
  0x0000C917, 0x0000C918, 0x0000C919, 0x0000C91A, 0x0000C91B, 0x0000C91B, 0x0000C91C, 0x0000C91D, 0x0000C91E, 0x0000C91F,
  0x0000C920, 0x0000C920, 0x0000C921, 0x0000C922, 0x0000C923, 0x0000C924, 0x0000C925, 0x0000C925, 0x0000CB26, 0x0000CB27,
  0x0000CB28, 0x0000CB29, 0x0000CB2A, 0x0000CB2B, 0x0000CB2B, 0x0000CB2C, 0x0000CB2D, 0x0000CB2E, 0x0000CB2F, 0x0000CB30,
  0x0000CB31, 0x0000CD32, 0x0000CD33, 0x0000CD34, 0x0000CD35, 0x0000CD35, 0x0000CD36, 0x0000CD37, 0x0000CD38, 0x0000CD39,
  0x0000CD3A, 0x0000CF3B, 0x0000CF3C, 0x0000CF3D, 0x0000CF3E, 0x0000CF3F, 0x0000CF40, 0x0000CF41, 0x0000CF43, 0x0000D144,
  0x0000D145, 0x0000D146, 0x0000D147, 0x0000D148, 0x0000D149, 0x0000D14A, 0x0000D34C, 0x0000D34D, 0x0000D34E, 0x0000D34F,
  0x0000D351, 0x0000D352, 0x0000D553, 0x0000D555, 0x0000D556, 0x0000D558, 0x0000D759, 0x0000D75B, 0x0000D75C, 0x0000D75E,
  0x0000D960, 0x0000D962, 0x0000D963, 0x0000DB66, 0x0000DB68, 0x0000DB6A, 0x0000DD6D, 0x0000DD70, 0x0000DF73, 0x0000E178,
  0x00000000, 0x00000000, 0x00000000, 0x00000000, 0x0000E088, 0x0000E08C, 0x0000DE90, 0x0000DC93, 0x0000DC95, 0x0000DC98,
  0x0000DA9A, 0x0000DA9C, 0x0000DA9E, 0x0000D8A0, 0x0000D8A1, 0x0000D8A3, 0x0000D6A5, 0x0000D6A6, 0x0000D6A8, 0x0000D6A9,
  0x0000D6AB, 0x0000D4AC, 0x0000D4AD, 0x0000D4AF, 0x0000D4B0, 0x0000D4B1, 0x0000D2B2, 0x0000D2B4, 0x0000D2B5, 0x0000D2B6,
  0x0000D2B7, 0x0000D2B8, 0x0000D2B9, 0x0000D0BB, 0x0000D0BC, 0x0000D0BD, 0x0000D0BE, 0x0000D0BF, 0x0000D0C0, 0x0000D0C1,
  0x0000CEC2, 0x0000CEC3, 0x0000CEC4, 0x0000CEC5, 0x0000CEC6, 0x0000CEC7, 0x0000CEC8, 0x0000CEC9, 0x0000CECA, 0x0000CECB,
  0x0000CCCC, 0x0000CCCD, 0x0000CCCD, 0x0000CCCE, 0x0000CCCF, 0x0000CCD0, 0x0000CCD1, 0x0000CCD2, 0x0000CCD3, 0x0000CCD4,
  0x0000CCD5, 0x0000CCD5, 0x0000CAD6, 0x0000CAD7, 0x0000CAD8, 0x0000CAD9, 0x0000CADA, 0x0000CADB, 0x0000CADB, 0x0000CADC,
  0x0000CADD, 0x0000CADE, 0x0000CADF, 0x0000CAE0, 0x0000CAE0, 0x0000CAE1, 0x0000CAE2, 0x0000CAE3, 0x0000CAE4, 0x0000C8E4,
  0x0000C8E5, 0x0000C8E6, 0x0000C8E7, 0x0000C8E8, 0x0000C8E8, 0x0000C8E9, 0x0000C8EA, 0x0000C8EB, 0x0000C8EC, 0x0000C8EC,
  0x0000C8ED, 0x0000C8EE, 0x0000C8EF, 0x0000C8F0, 0x0000C8F0, 0x0000C8F1, 0x0000C8F2, 0x0000C8F3, 0x0000C8F4, 0x0000C8F4,
  0x0000C8F5, 0x0000C8F6, 0x0000C8F7, 0x0000C8F7, 0x0000C8F8, 0x0000C8F9, 0x0000C8FA, 0x0000C8FA, 0x0000C8FB, 0x0000C8FC,
  0x0000C8FD, 0x0000C8FE, 0x0000C8FE, 0x0000C8FF, 0x0000C900, 0x0000C901, 0x0000C901, 0x0000C902, 0x0000C903, 0x0000C904,
  0x0000C905, 0x0000C905, 0x0000C906, 0x0000C907, 0x0000C908, 0x0000C908, 0x0000C909, 0x0000C90A, 0x0000C90B, 0x0000C90B,
  0x0000C90C, 0x0000C90D, 0x0000C90E, 0x0000C90F, 0x0000C90F, 0x0000C910, 0x0000C911, 0x0000C912, 0x0000C913, 0x0000C913,
  0x0000C914, 0x0000C915, 0x0000C916, 0x0000C917, 0x0000C917, 0x0000C918, 0x0000C919, 0x0000C91A, 0x0000C91B, 0x0000CB1B,
  0x0000CB1C, 0x0000CB1D, 0x0000CB1E, 0x0000CB1F, 0x0000CB1F, 0x0000CB20, 0x0000CB21, 0x0000CB22, 0x0000CB23, 0x0000CB24,
  0x0000CB24, 0x0000CB25, 0x0000CB26, 0x0000CB27, 0x0000CB28, 0x0000CB29, 0x0000CD2A, 0x0000CD2A, 0x0000CD2B, 0x0000CD2C,
  0x0000CD2D, 0x0000CD2E, 0x0000CD2F, 0x0000CD30, 0x0000CD31, 0x0000CD32, 0x0000CD32, 0x0000CD33, 0x0000CF34, 0x0000CF35,
  0x0000CF36, 0x0000CF37, 0x0000CF38, 0x0000CF39, 0x0000CF3A, 0x0000CF3B, 0x0000CF3C, 0x0000CF3D, 0x0000D13E, 0x0000D13F,
  0x0000D140, 0x0000D141, 0x0000D142, 0x0000D143, 0x0000D144, 0x0000D346, 0x0000D347, 0x0000D348, 0x0000D349, 0x0000D34A,
  0x0000D34B, 0x0000D34D, 0x0000D54E, 0x0000D54F, 0x0000D550, 0x0000D552, 0x0000D553, 0x0000D754, 0x0000D756, 0x0000D757,
  0x0000D759, 0x0000D75A, 0x0000D95C, 0x0000D95E, 0x0000D95F, 0x0000DB61, 0x0000DB63, 0x0000DB65, 0x0000DD67, 0x0000DD6A,
  0x0000DD6C, 0x0000DF6F, 0x0000E173, 0x0000E177, 0x00000000, 0x00000000, 0x00000000, 0x0000E481, 0x0000E289, 0x0000E08D,
  0x0000E090, 0x0000DE93, 0x0000DE96, 0x0000DC98, 0x0000DC9A, 0x0000DC9C, 0x0000DA9E, 0x0000DAA0, 0x0000DAA2, 0x0000D8A3,
  0x0000D8A5, 0x0000D8A7, 0x0000D8A8, 0x0000D6AA, 0x0000D6AB, 0x0000D6AC, 0x0000D6AE, 0x0000D6AF, 0x0000D6B0, 0x0000D4B1,
  0x0000D4B3, 0x0000D4B4, 0x0000D4B5, 0x0000D4B6, 0x0000D4B7, 0x0000D2B9, 0x0000D2BA, 0x0000D2BB, 0x0000D2BC, 0x0000D2BD,
  0x0000D2BE, 0x0000D2BF, 0x0000D0C0, 0x0000D0C1, 0x0000D0C2, 0x0000D0C3, 0x0000D0C4, 0x0000D0C5, 0x0000D0C6, 0x0000D0C7,
  0x0000D0C8, 0x0000CEC9, 0x0000CECA, 0x0000CECB, 0x0000CECC, 0x0000CECD, 0x0000CECE, 0x0000CECE, 0x0000CECF, 0x0000CED0,
  0x0000CED1, 0x0000CED2, 0x0000CCD3, 0x0000CCD4, 0x0000CCD5, 0x0000CCD6, 0x0000CCD6, 0x0000CCD7, 0x0000CCD8, 0x0000CCD9,
  0x0000CCDA, 0x0000CCDB, 0x0000CCDC, 0x0000CCDC, 0x0000CCDD, 0x0000CCDE, 0x0000CCDF, 0x0000CCE0, 0x0000CAE0, 0x0000CAE1,
  0x0000CAE2, 0x0000CAE3, 0x0000CAE4, 0x0000CAE5, 0x0000CAE5, 0x0000CAE6, 0x0000CAE7, 0x0000CAE8, 0x0000CAE9, 0x0000CAE9,
  0x0000CAEA, 0x0000CAEB, 0x0000CAEC, 0x0000CAED, 0x0000CAED, 0x0000CAEE, 0x0000CAEF, 0x0000CAF0, 0x0000CAF0, 0x0000CAF1,
  0x0000CAF2, 0x0000CAF3, 0x0000CAF4, 0x0000CAF4, 0x0000CAF5, 0x0000CAF6, 0x0000CAF7, 0x0000CAF7, 0x0000CAF8, 0x0000CAF9,
  0x0000CAFA, 0x0000CAFA, 0x0000CAFB, 0x0000CAFC, 0x0000CAFD, 0x0000C8FE, 0x0000C8FE, 0x0000C8FF, 0x0000C900, 0x0000C901,
  0x0000C901, 0x0000CB02, 0x0000CB03, 0x0000CB04, 0x0000CB05, 0x0000CB05, 0x0000CB06, 0x0000CB07, 0x0000CB08, 0x0000CB08,
  0x0000CB09, 0x0000CB0A, 0x0000CB0B, 0x0000CB0B, 0x0000CB0C, 0x0000CB0D, 0x0000CB0E, 0x0000CB0F, 0x0000CB0F, 0x0000CB10,
  0x0000CB11, 0x0000CB12, 0x0000CB12, 0x0000CB13, 0x0000CB14, 0x0000CB15, 0x0000CB16, 0x0000CB16, 0x0000CB17, 0x0000CB18,
  0x0000CB19, 0x0000CB1A, 0x0000CB1A, 0x0000CB1B, 0x0000CB1C, 0x0000CB1D, 0x0000CB1E, 0x0000CB1F, 0x0000CD1F, 0x0000CD20,
  0x0000CD21, 0x0000CD22, 0x0000CD23, 0x0000CD23, 0x0000CD24, 0x0000CD25, 0x0000CD26, 0x0000CD27, 0x0000CD28, 0x0000CD29,
  0x0000CD29, 0x0000CD2A, 0x0000CD2B, 0x0000CD2C, 0x0000CF2D, 0x0000CF2E, 0x0000CF2F, 0x0000CF30, 0x0000CF31, 0x0000CF31,
  0x0000CF32, 0x0000CF33, 0x0000CF34, 0x0000CF35, 0x0000CF36, 0x0000D137, 0x0000D138, 0x0000D139, 0x0000D13A, 0x0000D13B,
  0x0000D13C, 0x0000D13D, 0x0000D13E, 0x0000D13F, 0x0000D340, 0x0000D341, 0x0000D342, 0x0000D343, 0x0000D344, 0x0000D345,
  0x0000D346, 0x0000D548, 0x0000D549, 0x0000D54A, 0x0000D54B, 0x0000D54C, 0x0000D54E, 0x0000D74F, 0x0000D750, 0x0000D751,
  0x0000D753, 0x0000D754, 0x0000D755, 0x0000D957, 0x0000D958, 0x0000D95A, 0x0000D95C, 0x0000DB5D, 0x0000DB5F, 0x0000DB61,
  0x0000DD63, 0x0000DD65, 0x0000DD67, 0x0000DF69, 0x0000DF6C, 0x0000E16F, 0x0000E172, 0x0000E376, 0x0000E57E, 0x00000000,
  0x00000000, 0x0000E683, 0x0000E28A, 0x0000E28E, 0x0000E091, 0x0000E094, 0x0000DE96, 0x0000DE99, 0x0000DE9B, 0x0000DC9D,
  0x0000DC9F, 0x0000DCA0, 0x0000DAA2, 0x0000DAA4, 0x0000DAA5, 0x0000DAA7, 0x0000D8A8, 0x0000D8AA, 0x0000D8AB, 0x0000D8AD,
  0x0000D8AE, 0x0000D6AF, 0x0000D6B1, 0x0000D6B2, 0x0000D6B3, 0x0000D6B4, 0x0000D6B5, 0x0000D4B7, 0x0000D4B8, 0x0000D4B9,
  0x0000D4BA, 0x0000D4BB, 0x0000D4BC, 0x0000D4BD, 0x0000D2BE, 0x0000D2BF, 0x0000D2C0, 0x0000D2C1, 0x0000D2C2, 0x0000D2C3,
  0x0000D2C4, 0x0000D2C5, 0x0000D0C6, 0x0000D0C7, 0x0000D0C8, 0x0000D0C9, 0x0000D0CA, 0x0000D0CB, 0x0000D0CC, 0x0000D0CD,
  0x0000D0CE, 0x0000D0CF, 0x0000D0D0, 0x0000CED0, 0x0000CED1, 0x0000CED2, 0x0000CED3, 0x0000CED4, 0x0000CED5, 0x0000CED6,
  0x0000CED7, 0x0000CED7, 0x0000CED8, 0x0000CED9, 0x0000CEDA, 0x0000CEDB, 0x0000CEDC, 0x0000CCDC, 0x0000CCDD, 0x0000CCDE,
  0x0000CCDF, 0x0000CCE0, 0x0000CCE1, 0x0000CCE1, 0x0000CCE2, 0x0000CCE3, 0x0000CCE4, 0x0000CCE5, 0x0000CCE5, 0x0000CCE6,
  0x0000CCE7, 0x0000CCE8, 0x0000CCE9, 0x0000CCE9, 0x0000CCEA, 0x0000CCEB, 0x0000CCEC, 0x0000CCED, 0x0000CCED, 0x0000CCEE,
  0x0000CCEF, 0x0000CAF0, 0x0000CAF0, 0x0000CAF1, 0x0000CAF2, 0x0000CAF3, 0x0000CAF4, 0x0000CAF4, 0x0000CAF5, 0x0000CAF6,
  0x0000CAF7, 0x0000CAF7, 0x0000CAF8, 0x0000CAF9, 0x0000CAFA, 0x0000CAFB, 0x0000CAFB, 0x0000CAFC, 0x0000CAFD, 0x0000CAFE,
  0x0000CAFE, 0x0000CAFF, 0x0000CB00, 0x0000CB01, 0x0000CB01, 0x0000CB02, 0x0000CB03, 0x0000CB04, 0x0000CB04, 0x0000CB05,
  0x0000CB06, 0x0000CB07, 0x0000CB08, 0x0000CB08, 0x0000CB09, 0x0000CB0A, 0x0000CB0B, 0x0000CB0B, 0x0000CB0C, 0x0000CB0D,
  0x0000CB0E, 0x0000CB0F, 0x0000CB0F, 0x0000CD10, 0x0000CD11, 0x0000CD12, 0x0000CD12, 0x0000CD13, 0x0000CD14, 0x0000CD15,
  0x0000CD16, 0x0000CD16, 0x0000CD17, 0x0000CD18, 0x0000CD19, 0x0000CD1A, 0x0000CD1A, 0x0000CD1B, 0x0000CD1C, 0x0000CD1D,
  0x0000CD1E, 0x0000CD1E, 0x0000CD1F, 0x0000CD20, 0x0000CD21, 0x0000CD22, 0x0000CD23, 0x0000CF23, 0x0000CF24, 0x0000CF25,
  0x0000CF26, 0x0000CF27, 0x0000CF28, 0x0000CF28, 0x0000CF29, 0x0000CF2A, 0x0000CF2B, 0x0000CF2C, 0x0000CF2D, 0x0000CF2E,
  0x0000CF2F, 0x0000D12F, 0x0000D130, 0x0000D131, 0x0000D132, 0x0000D133, 0x0000D134, 0x0000D135, 0x0000D136, 0x0000D137,
  0x0000D138, 0x0000D139, 0x0000D33A, 0x0000D33B, 0x0000D33C, 0x0000D33D, 0x0000D33E, 0x0000D33F, 0x0000D340, 0x0000D341,
  0x0000D542, 0x0000D543, 0x0000D544, 0x0000D545, 0x0000D546, 0x0000D547, 0x0000D548, 0x0000D74A, 0x0000D74B, 0x0000D74C,
  0x0000D74D, 0x0000D74E, 0x0000D750, 0x0000D951, 0x0000D952, 0x0000D954, 0x0000D955, 0x0000D957, 0x0000DB58, 0x0000DB5A,
  0x0000DB5B, 0x0000DB5D, 0x0000DD5F, 0x0000DD60, 0x0000DD62, 0x0000DF64, 0x0000DF66, 0x0000DF69, 0x0000E16B, 0x0000E16E,
  0x0000E371, 0x0000E375, 0x0000E77C, 0x00000000, 0x00000000, 0x0000E685, 0x0000E48A, 0x0000E28E, 0x0000E292, 0x0000E094,
  0x0000E097, 0x0000E099, 0x0000DE9B, 0x0000DE9D, 0x0000DE9F, 0x0000DCA1, 0x0000DCA3, 0x0000DCA4, 0x0000DCA6, 0x0000DAA7,
  0x0000DAA9, 0x0000DAAA, 0x0000DAAC, 0x0000D8AD, 0x0000D8AE, 0x0000D8B0, 0x0000D8B1, 0x0000D8B2, 0x0000D8B3, 0x0000D6B4,
  0x0000D6B6, 0x0000D6B7, 0x0000D6B8, 0x0000D6B9, 0x0000D6BA, 0x0000D6BB, 0x0000D4BC, 0x0000D4BD, 0x0000D4BE, 0x0000D4BF,
  0x0000D4C0, 0x0000D4C1, 0x0000D4C3, 0x0000D4C3, 0x0000D2C4, 0x0000D2C5, 0x0000D2C6, 0x0000D2C7, 0x0000D2C8, 0x0000D2C9,
  0x0000D2CA, 0x0000D2CB, 0x0000D2CC, 0x0000D2CD, 0x0000D0CE, 0x0000D0CF, 0x0000D0D0, 0x0000D0D1, 0x0000D0D1, 0x0000D0D2,
  0x0000D0D3, 0x0000D0D4, 0x0000D0D5, 0x0000D0D6, 0x0000D0D7, 0x0000D0D8, 0x0000D0D8, 0x0000CED9, 0x0000CEDA, 0x0000CEDB,
  0x0000CEDC, 0x0000CEDD, 0x0000CEDD, 0x0000CEDE, 0x0000CEDF, 0x0000CEE0, 0x0000CEE1, 0x0000CEE1, 0x0000CEE2, 0x0000CEE3,
  0x0000CEE4, 0x0000CEE5, 0x0000CEE6, 0x0000CEE6, 0x0000CEE7, 0x0000CEE8, 0x0000CCE9, 0x0000CCE9, 0x0000CCEA, 0x0000CCEB,
  0x0000CCEC, 0x0000CCED, 0x0000CCED, 0x0000CCEE, 0x0000CCEF, 0x0000CCF0, 0x0000CCF1, 0x0000CCF1, 0x0000CCF2, 0x0000CCF3,
  0x0000CCF4, 0x0000CCF4, 0x0000CCF5, 0x0000CCF6, 0x0000CCF7, 0x0000CCF7, 0x0000CCF8, 0x0000CCF9, 0x0000CCFA, 0x0000CCFB,
  0x0000CCFB, 0x0000CCFC, 0x0000CCFD, 0x0000CCFE, 0x0000CCFE, 0x0000CCFF, 0x0000CD00, 0x0000CD01, 0x0000CD01, 0x0000CD02,
  0x0000CD03, 0x0000CD04, 0x0000CD04, 0x0000CD05, 0x0000CD06, 0x0000CD07, 0x0000CD08, 0x0000CD08, 0x0000CD09, 0x0000CD0A,
  0x0000CD0B, 0x0000CD0B, 0x0000CD0C, 0x0000CD0D, 0x0000CD0E, 0x0000CD0E, 0x0000CD0F, 0x0000CD10, 0x0000CD11, 0x0000CD12,
  0x0000CD12, 0x0000CD13, 0x0000CD14, 0x0000CD15, 0x0000CD16, 0x0000CD16, 0x0000CF17, 0x0000CF18, 0x0000CF19, 0x0000CF19,
  0x0000CF1A, 0x0000CF1B, 0x0000CF1C, 0x0000CF1D, 0x0000CF1E, 0x0000CF1E, 0x0000CF1F, 0x0000CF20, 0x0000CF21, 0x0000CF22,
  0x0000CF22, 0x0000CF23, 0x0000CF24, 0x0000CF25, 0x0000CF26, 0x0000D127, 0x0000D127, 0x0000D128, 0x0000D129, 0x0000D12A,
  0x0000D12B, 0x0000D12C, 0x0000D12D, 0x0000D12E, 0x0000D12E, 0x0000D12F, 0x0000D130, 0x0000D131, 0x0000D332, 0x0000D333,
  0x0000D334, 0x0000D335, 0x0000D336, 0x0000D337, 0x0000D338, 0x0000D339, 0x0000D33A, 0x0000D33B, 0x0000D53C, 0x0000D53C,
  0x0000D53E, 0x0000D53F, 0x0000D540, 0x0000D541, 0x0000D542, 0x0000D543, 0x0000D744, 0x0000D745, 0x0000D746, 0x0000D747,
  0x0000D748, 0x0000D749, 0x0000D74B, 0x0000D94C, 0x0000D94D, 0x0000D94E, 0x0000D94F, 0x0000D951, 0x0000D952, 0x0000DB53,
  0x0000DB55, 0x0000DB56, 0x0000DB58, 0x0000DD59, 0x0000DD5B, 0x0000DD5C, 0x0000DD5E, 0x0000DF60, 0x0000DF62, 0x0000DF64,
  0x0000E166, 0x0000E168, 0x0000E16B, 0x0000E36D, 0x0000E371, 0x0000E575, 0x0000E77A, 0x00000000, 0x00000000, 0x0000E886,
  0x0000E68B, 0x0000E48F, 0x0000E492, 0x0000E295, 0x0000E297, 0x0000E099, 0x0000E09C, 0x0000E09E, 0x0000DE9F, 0x0000DEA1,
  0x0000DEA3, 0x0000DEA4, 0x0000DCA6, 0x0000DCA8, 0x0000DCA9, 0x0000DCAA, 0x0000DAAC, 0x0000DAAD, 0x0000DAAE, 0x0000DAB0,
  0x0000DAB1, 0x0000D8B2, 0x0000D8B3, 0x0000D8B5, 0x0000D8B6, 0x0000D8B7, 0x0000D8B8, 0x0000D8B9, 0x0000D6BA, 0x0000D6BB,
  0x0000D6BC, 0x0000D6BE, 0x0000D6BF, 0x0000D6C0, 0x0000D6C1, 0x0000D4C2, 0x0000D4C3, 0x0000D4C4, 0x0000D4C5, 0x0000D4C6,
  0x0000D4C7, 0x0000D4C8, 0x0000D4C8, 0x0000D4C9, 0x0000D4CA, 0x0000D2CB, 0x0000D2CC, 0x0000D2CD, 0x0000D2CE, 0x0000D2CF,
  0x0000D2D0, 0x0000D2D1, 0x0000D2D2, 0x0000D2D2, 0x0000D2D3, 0x0000D2D4, 0x0000D2D5, 0x0000D0D6, 0x0000D0D7, 0x0000D0D8,
  0x0000D0D8, 0x0000D0D9, 0x0000D0DA, 0x0000D0DB, 0x0000D0DC, 0x0000D0DD, 0x0000D0DD, 0x0000D0DE, 0x0000D0DF, 0x0000D0E0,
  0x0000D0E1, 0x0000D0E2, 0x0000D0E2, 0x0000D0E3, 0x0000CEE4, 0x0000CEE5, 0x0000CEE6, 0x0000CEE6, 0x0000CEE7, 0x0000CEE8,
  0x0000CEE9, 0x0000CEEA, 0x0000CEEA, 0x0000CEEB, 0x0000CEEC, 0x0000CEED, 0x0000CEED, 0x0000CEEE, 0x0000CEEF, 0x0000CEF0,
  0x0000CEF1, 0x0000CEF1, 0x0000CEF2, 0x0000CEF3, 0x0000CEF4, 0x0000CEF4, 0x0000CEF5, 0x0000CEF6, 0x0000CEF7, 0x0000CEF7,
  0x0000CEF8, 0x0000CEF9, 0x0000CEFA, 0x0000CEFB, 0x0000CEFB, 0x0000CEFC, 0x0000CEFD, 0x0000CEFE, 0x0000CEFE, 0x0000CEFF,
  0x0000CF00, 0x0000CF01, 0x0000CF01, 0x0000CF02, 0x0000CF03, 0x0000CF04, 0x0000CF04, 0x0000CF05, 0x0000CF06, 0x0000CF07,
  0x0000CF08, 0x0000CF08, 0x0000CF09, 0x0000CF0A, 0x0000CF0B, 0x0000CF0B, 0x0000CF0C, 0x0000CF0D, 0x0000CF0E, 0x0000CF0E,
  0x0000CF0F, 0x0000CF10, 0x0000CF11, 0x0000CF12, 0x0000CF12, 0x0000CF13, 0x0000CF14, 0x0000CF15, 0x0000CF15, 0x0000CF16,
  0x0000CF17, 0x0000CF18, 0x0000CF19, 0x0000CF19, 0x0000CF1A, 0x0000CF1B, 0x0000D11C, 0x0000D11D, 0x0000D11D, 0x0000D11E,
  0x0000D11F, 0x0000D120, 0x0000D121, 0x0000D122, 0x0000D122, 0x0000D123, 0x0000D124, 0x0000D125, 0x0000D126, 0x0000D127,
  0x0000D127, 0x0000D128, 0x0000D129, 0x0000D32A, 0x0000D32B, 0x0000D32C, 0x0000D32D, 0x0000D32D, 0x0000D32E, 0x0000D32F,
  0x0000D330, 0x0000D331, 0x0000D332, 0x0000D333, 0x0000D334, 0x0000D535, 0x0000D536, 0x0000D537, 0x0000D537, 0x0000D538,
  0x0000D539, 0x0000D53A, 0x0000D53B, 0x0000D53C, 0x0000D53D, 0x0000D73E, 0x0000D73F, 0x0000D740, 0x0000D741, 0x0000D743,
  0x0000D744, 0x0000D745, 0x0000D946, 0x0000D947, 0x0000D948, 0x0000D949, 0x0000D94A, 0x0000D94C, 0x0000D94D, 0x0000DB4E,
  0x0000DB4F, 0x0000DB51, 0x0000DB52, 0x0000DB53, 0x0000DD55, 0x0000DD56, 0x0000DD57, 0x0000DD59, 0x0000DF5B, 0x0000DF5C,
  0x0000DF5E, 0x0000DF60, 0x0000E161, 0x0000E163, 0x0000E166, 0x0000E368, 0x0000E36A, 0x0000E56D, 0x0000E570, 0x0000E774,
  0x0000E979, 0x00000000, 0x00000000, 0x0000E887, 0x0000E68C, 0x0000E68F, 0x0000E493, 0x0000E495, 0x0000E298, 0x0000E29A,
  0x0000E29C, 0x0000E09E, 0x0000E0A0, 0x0000E0A1, 0x0000DEA3, 0x0000DEA5, 0x0000DEA6, 0x0000DEA8, 0x0000DEA9, 0x0000DCAB,
  0x0000DCAC, 0x0000DCAD, 0x0000DCAF, 0x0000DCB0, 0x0000DAB1, 0x0000DAB2, 0x0000DAB4, 0x0000DAB5, 0x0000DAB6, 0x0000DAB7,
  0x0000D8B8, 0x0000D8B9, 0x0000D8BB, 0x0000D8BC, 0x0000D8BD, 0x0000D8BE, 0x0000D8BF, 0x0000D6C0, 0x0000D6C1, 0x0000D6C2,
  0x0000D6C3, 0x0000D6C4, 0x0000D6C5, 0x0000D6C6, 0x0000D6C7, 0x0000D6C8, 0x0000D4C9, 0x0000D4CA, 0x0000D4CB, 0x0000D4CB,
  0x0000D4CC, 0x0000D4CD, 0x0000D4CE, 0x0000D4CF, 0x0000D4D0, 0x0000D4D1, 0x0000D4D2, 0x0000D2D3, 0x0000D2D3, 0x0000D2D4,
  0x0000D2D5, 0x0000D2D6, 0x0000D2D7, 0x0000D2D8, 0x0000D2D9, 0x0000D2D9, 0x0000D2DA, 0x0000D2DB, 0x0000D2DC, 0x0000D2DD,
  0x0000D2DE, 0x0000D2DE, 0x0000D0DF, 0x0000D0E0, 0x0000D0E1, 0x0000D0E2, 0x0000D0E2, 0x0000D0E3, 0x0000D0E4, 0x0000D0E5,
  0x0000D0E6, 0x0000D0E6, 0x0000D0E7, 0x0000D0E8, 0x0000D0E9, 0x0000D0EA, 0x0000D0EA, 0x0000D0EB, 0x0000D0EC, 0x0000D0ED,
  0x0000D0EE, 0x0000D0EE, 0x0000D0EF, 0x0000D0F0, 0x0000D0F1, 0x0000D0F1, 0x0000D0F2, 0x0000D0F3, 0x0000D0F4, 0x0000D0F4,
  0x0000D0F5, 0x0000D0F6, 0x0000D0F7, 0x0000CEF8, 0x0000CEF8, 0x0000CEF9, 0x0000CEFA, 0x0000CEFB, 0x0000CEFB, 0x0000CEFC,
  0x0000CEFD, 0x0000CEFE, 0x0000CEFE, 0x0000CEFF, 0x0000CF00, 0x0000CF01, 0x0000CF01, 0x0000CF02, 0x0000CF03, 0x0000CF04,
  0x0000CF04, 0x0000CF05, 0x0000CF06, 0x0000CF07, 0x0000CF07, 0x0000D108, 0x0000D109, 0x0000D10A, 0x0000D10B, 0x0000D10B,
  0x0000D10C, 0x0000D10D, 0x0000D10E, 0x0000D10E, 0x0000D10F, 0x0000D110, 0x0000D111, 0x0000D111, 0x0000D112, 0x0000D113,
  0x0000D114, 0x0000D115, 0x0000D115, 0x0000D116, 0x0000D117, 0x0000D118, 0x0000D119, 0x0000D119, 0x0000D11A, 0x0000D11B,
  0x0000D11C, 0x0000D11D, 0x0000D11D, 0x0000D11E, 0x0000D11F, 0x0000D120, 0x0000D321, 0x0000D321, 0x0000D322, 0x0000D323,
  0x0000D324, 0x0000D325, 0x0000D326, 0x0000D326, 0x0000D327, 0x0000D328, 0x0000D329, 0x0000D32A, 0x0000D32B, 0x0000D32C,
  0x0000D32C, 0x0000D52D, 0x0000D52E, 0x0000D52F, 0x0000D530, 0x0000D531, 0x0000D532, 0x0000D533, 0x0000D534, 0x0000D534,
  0x0000D535, 0x0000D536, 0x0000D737, 0x0000D738, 0x0000D739, 0x0000D73A, 0x0000D73B, 0x0000D73C, 0x0000D73D, 0x0000D73E,
  0x0000D73F, 0x0000D940, 0x0000D941, 0x0000D942, 0x0000D943, 0x0000D944, 0x0000D946, 0x0000D947, 0x0000DB48, 0x0000DB49,
  0x0000DB4A, 0x0000DB4B, 0x0000DB4D, 0x0000DB4E, 0x0000DD4F, 0x0000DD50, 0x0000DD52, 0x0000DD53, 0x0000DD54, 0x0000DF56,
  0x0000DF57, 0x0000DF59, 0x0000DF5A, 0x0000DF5C, 0x0000E15E, 0x0000E15F, 0x0000E161, 0x0000E363, 0x0000E365, 0x0000E367,
  0x0000E56A, 0x0000E56C, 0x0000E770, 0x0000E773, 0x0000E978, 0x00000000, 0x00000000, 0x0000EA88, 0x0000E88C, 0x0000E690,
  0x0000E693, 0x0000E496, 0x0000E498, 0x0000E49A, 0x0000E29C, 0x0000E29E, 0x0000E2A0, 0x0000E0A2, 0x0000E0A3, 0x0000E0A5,
  0x0000E0A7, 0x0000DEA8, 0x0000DEAA, 0x0000DEAB, 0x0000DEAC, 0x0000DEAE, 0x0000DCAF, 0x0000DCB0, 0x0000DCB1, 0x0000DCB3,
  0x0000DCB4, 0x0000DCB5, 0x0000DAB6, 0x0000DAB7, 0x0000DAB9, 0x0000DABA, 0x0000DABB, 0x0000DABC, 0x0000DABD, 0x0000D8BE,
  0x0000D8BF, 0x0000D8C0, 0x0000D8C1, 0x0000D8C2, 0x0000D8C3, 0x0000D8C4, 0x0000D8C5, 0x0000D6C6, 0x0000D6C7, 0x0000D6C8,
  0x0000D6C9, 0x0000D6CA, 0x0000D6CB, 0x0000D6CC, 0x0000D6CC, 0x0000D6CD, 0x0000D6CE, 0x0000D6CF, 0x0000D4D0, 0x0000D4D1,
  0x0000D4D2, 0x0000D4D3, 0x0000D4D4, 0x0000D4D4, 0x0000D4D5, 0x0000D4D6, 0x0000D4D7, 0x0000D4D8, 0x0000D4D9, 0x0000D4DA,
  0x0000D4DA, 0x0000D4DB, 0x0000D2DC, 0x0000D2DD, 0x0000D2DE, 0x0000D2DE, 0x0000D2DF, 0x0000D2E0, 0x0000D2E1, 0x0000D2E2,
  0x0000D2E3, 0x0000D2E3, 0x0000D2E4, 0x0000D2E5, 0x0000D2E6, 0x0000D2E7, 0x0000D2E7, 0x0000D2E8, 0x0000D2E9, 0x0000D2EA,
  0x0000D2EA, 0x0000D2EB, 0x0000D2EC, 0x0000D2ED, 0x0000D0EE, 0x0000D0EE, 0x0000D0EF, 0x0000D0F0, 0x0000D0F1, 0x0000D0F1,
  0x0000D0F2, 0x0000D0F3, 0x0000D0F4, 0x0000D0F4, 0x0000D0F5, 0x0000D0F6, 0x0000D0F7, 0x0000D0F8, 0x0000D0F8, 0x0000D0F9,
  0x0000D0FA, 0x0000D0FB, 0x0000D0FB, 0x0000D0FC, 0x0000D0FD, 0x0000D0FE, 0x0000D0FE, 0x0000D0FF, 0x0000D100, 0x0000D101,
  0x0000D101, 0x0000D102, 0x0000D103, 0x0000D104, 0x0000D104, 0x0000D105, 0x0000D106, 0x0000D107, 0x0000D107, 0x0000D108,
  0x0000D109, 0x0000D10A, 0x0000D10B, 0x0000D10B, 0x0000D10C, 0x0000D10D, 0x0000D10E, 0x0000D10E, 0x0000D10F, 0x0000D110,
  0x0000D111, 0x0000D111, 0x0000D312, 0x0000D313, 0x0000D314, 0x0000D315, 0x0000D315, 0x0000D316, 0x0000D317, 0x0000D318,
  0x0000D318, 0x0000D319, 0x0000D31A, 0x0000D31B, 0x0000D31C, 0x0000D31C, 0x0000D31D, 0x0000D31E, 0x0000D31F, 0x0000D320,
  0x0000D321, 0x0000D321, 0x0000D322, 0x0000D323, 0x0000D524, 0x0000D525, 0x0000D525, 0x0000D526, 0x0000D527, 0x0000D528,
  0x0000D529, 0x0000D52A, 0x0000D52B, 0x0000D52B, 0x0000D52C, 0x0000D52D, 0x0000D52E, 0x0000D52F, 0x0000D730, 0x0000D731,
  0x0000D732, 0x0000D733, 0x0000D733, 0x0000D734, 0x0000D735, 0x0000D736, 0x0000D737, 0x0000D738, 0x0000D739, 0x0000D93A,
  0x0000D93B, 0x0000D93C, 0x0000D93D, 0x0000D93E, 0x0000D93F, 0x0000D940, 0x0000D941, 0x0000DB42, 0x0000DB43, 0x0000DB44,
  0x0000DB45, 0x0000DB46, 0x0000DB48, 0x0000DB49, 0x0000DD4A, 0x0000DD4B, 0x0000DD4C, 0x0000DD4E, 0x0000DD4F, 0x0000DD50,
  0x0000DF51, 0x0000DF53, 0x0000DF54, 0x0000DF55, 0x0000DF57, 0x0000E158, 0x0000E15A, 0x0000E15C, 0x0000E15D, 0x0000E35F,
  0x0000E361, 0x0000E363, 0x0000E565, 0x0000E567, 0x0000E569, 0x0000E76C, 0x0000E76F, 0x0000E973, 0x0000EB77, 0x00000000,
  0x00000000, 0x0000EA88, 0x0000EA8D, 0x0000E890, 0x0000E893, 0x0000E696, 0x0000E698, 0x0000E49B, 0x0000E49D, 0x0000E49F,
  0x0000E2A0, 0x0000E2A2, 0x0000E2A4, 0x0000E2A5, 0x0000E0A7, 0x0000E0A8, 0x0000E0AA, 0x0000E0AB, 0x0000E0AD, 0x0000DEAE,
  0x0000DEAF, 0x0000DEB0, 0x0000DEB2, 0x0000DEB3, 0x0000DCB4, 0x0000DCB5, 0x0000DCB6, 0x0000DCB8, 0x0000DCB9, 0x0000DCBA,
  0x0000DCBB, 0x0000DABC, 0x0000DABD, 0x0000DABE, 0x0000DABF, 0x0000DAC0, 0x0000DAC1, 0x0000DAC2, 0x0000DAC3, 0x0000D8C4,
  0x0000D8C5, 0x0000D8C6, 0x0000D8C7, 0x0000D8C8, 0x0000D8C9, 0x0000D8CA, 0x0000D8CB, 0x0000D8CC, 0x0000D6CD, 0x0000D6CE,
  0x0000D6CE, 0x0000D6CF, 0x0000D6D0, 0x0000D6D1, 0x0000D6D2, 0x0000D6D3, 0x0000D6D4, 0x0000D6D5, 0x0000D6D5, 0x0000D6D6,
  0x0000D6D7, 0x0000D4D8, 0x0000D4D9, 0x0000D4DA, 0x0000D4DA, 0x0000D4DB, 0x0000D4DC, 0x0000D4DD, 0x0000D4DE, 0x0000D4DF,
  0x0000D4DF, 0x0000D4E0, 0x0000D4E1, 0x0000D4E2, 0x0000D4E3, 0x0000D4E3, 0x0000D4E4, 0x0000D4E5, 0x0000D4E6, 0x0000D4E7,
  0x0000D2E7, 0x0000D2E8, 0x0000D2E9, 0x0000D2EA, 0x0000D2EA, 0x0000D2EB, 0x0000D2EC, 0x0000D2ED, 0x0000D2EE, 0x0000D2EE,
  0x0000D2EF, 0x0000D2F0, 0x0000D2F1, 0x0000D2F1, 0x0000D2F2, 0x0000D2F3, 0x0000D2F4, 0x0000D2F5, 0x0000D2F5, 0x0000D2F6,
  0x0000D2F7, 0x0000D2F8, 0x0000D2F8, 0x0000D2F9, 0x0000D2FA, 0x0000D2FB, 0x0000D2FB, 0x0000D2FC, 0x0000D2FD, 0x0000D2FE,
  0x0000D2FE, 0x0000D2FF, 0x0000D300, 0x0000D301, 0x0000D301, 0x0000D302, 0x0000D303, 0x0000D304, 0x0000D304, 0x0000D305,
  0x0000D306, 0x0000D307, 0x0000D307, 0x0000D308, 0x0000D309, 0x0000D30A, 0x0000D30A, 0x0000D30B, 0x0000D30C, 0x0000D30D,
  0x0000D30E, 0x0000D30E, 0x0000D30F, 0x0000D310, 0x0000D311, 0x0000D311, 0x0000D312, 0x0000D313, 0x0000D314, 0x0000D315,
  0x0000D315, 0x0000D316, 0x0000D317, 0x0000D318, 0x0000D518, 0x0000D519, 0x0000D51A, 0x0000D51B, 0x0000D51C, 0x0000D51C,
  0x0000D51D, 0x0000D51E, 0x0000D51F, 0x0000D520, 0x0000D520, 0x0000D521, 0x0000D522, 0x0000D523, 0x0000D524, 0x0000D525,
  0x0000D525, 0x0000D526, 0x0000D527, 0x0000D728, 0x0000D729, 0x0000D72A, 0x0000D72A, 0x0000D72B, 0x0000D72C, 0x0000D72D,
  0x0000D72E, 0x0000D72F, 0x0000D730, 0x0000D731, 0x0000D731, 0x0000D732, 0x0000D933, 0x0000D934, 0x0000D935, 0x0000D936,
  0x0000D937, 0x0000D938, 0x0000D939, 0x0000D93A, 0x0000D93B, 0x0000DB3C, 0x0000DB3D, 0x0000DB3E, 0x0000DB3F, 0x0000DB40,
  0x0000DB41, 0x0000DB42, 0x0000DB43, 0x0000DD44, 0x0000DD45, 0x0000DD46, 0x0000DD47, 0x0000DD49, 0x0000DD4A, 0x0000DD4B,
  0x0000DF4C, 0x0000DF4D, 0x0000DF4F, 0x0000DF50, 0x0000DF51, 0x0000E152, 0x0000E154, 0x0000E155, 0x0000E157, 0x0000E158,
  0x0000E35A, 0x0000E35B, 0x0000E35D, 0x0000E35F, 0x0000E560, 0x0000E562, 0x0000E564, 0x0000E767, 0x0000E769, 0x0000E96C,
  0x0000E96F, 0x0000EB72, 0x0000EB77, 0x00000000, 0x0000F07F, 0x0000EC89, 0x0000EA8D, 0x0000EA91, 0x0000E894, 0x0000E896,
  0x0000E699, 0x0000E69B, 0x0000E69D, 0x0000E49F, 0x0000E4A1, 0x0000E4A2, 0x0000E4A4, 0x0000E2A6, 0x0000E2A7, 0x0000E2A9,
  0x0000E2AA, 0x0000E0AB, 0x0000E0AD, 0x0000E0AE, 0x0000E0AF, 0x0000E0B1, 0x0000DEB2, 0x0000DEB3, 0x0000DEB4, 0x0000DEB5,
  0x0000DEB7, 0x0000DEB8, 0x0000DEB9, 0x0000DCBA, 0x0000DCBB, 0x0000DCBC, 0x0000DCBD, 0x0000DCBE, 0x0000DCBF, 0x0000DCC0,
  0x0000DAC1, 0x0000DAC2, 0x0000DAC3, 0x0000DAC4, 0x0000DAC5, 0x0000DAC6, 0x0000DAC7, 0x0000DAC8, 0x0000DAC9, 0x0000D8CA,
  0x0000D8CB, 0x0000D8CC, 0x0000D8CD, 0x0000D8CE, 0x0000D8CF, 0x0000D8CF, 0x0000D8D0, 0x0000D8D1, 0x0000D8D2, 0x0000D8D3,
  0x0000D8D4, 0x0000D6D5, 0x0000D6D6, 0x0000D6D6, 0x0000D6D7, 0x0000D6D8, 0x0000D6D9, 0x0000D6DA, 0x0000D6DB, 0x0000D6DB,
  0x0000D6DC, 0x0000D6DD, 0x0000D6DE, 0x0000D6DF, 0x0000D6DF, 0x0000D6E0, 0x0000D6E1, 0x0000D6E2, 0x0000D4E3, 0x0000D4E3,
  0x0000D4E4, 0x0000D4E5, 0x0000D4E6, 0x0000D4E7, 0x0000D4E7, 0x0000D4E8, 0x0000D4E9, 0x0000D4EA, 0x0000D4EB, 0x0000D4EB,
  0x0000D4EC, 0x0000D4ED, 0x0000D4EE, 0x0000D4EE, 0x0000D4EF, 0x0000D4F0, 0x0000D4F1, 0x0000D4F1, 0x0000D4F2, 0x0000D4F3,
  0x0000D4F4, 0x0000D4F5, 0x0000D4F5, 0x0000D4F6, 0x0000D4F7, 0x0000D4F8, 0x0000D4F8, 0x0000D4F9, 0x0000D4FA, 0x0000D4FB,
  0x0000D4FB, 0x0000D4FC, 0x0000D4FD, 0x0000D4FE, 0x0000D4FE, 0x0000D4FF, 0x0000D500, 0x0000D501, 0x0000D501, 0x0000D502,
  0x0000D503, 0x0000D504, 0x0000D504, 0x0000D505, 0x0000D506, 0x0000D507, 0x0000D507, 0x0000D508, 0x0000D509, 0x0000D50A,
  0x0000D50A, 0x0000D50B, 0x0000D50C, 0x0000D50D, 0x0000D50E, 0x0000D50E, 0x0000D50F, 0x0000D510, 0x0000D511, 0x0000D511,
  0x0000D512, 0x0000D513, 0x0000D514, 0x0000D514, 0x0000D515, 0x0000D516, 0x0000D517, 0x0000D518, 0x0000D518, 0x0000D519,
  0x0000D51A, 0x0000D51B, 0x0000D51C, 0x0000D51C, 0x0000D71D, 0x0000D71E, 0x0000D71F, 0x0000D720, 0x0000D720, 0x0000D721,
  0x0000D722, 0x0000D723, 0x0000D724, 0x0000D724, 0x0000D725, 0x0000D726, 0x0000D727, 0x0000D728, 0x0000D729, 0x0000D729,
  0x0000D72A, 0x0000D92B, 0x0000D92C, 0x0000D92D, 0x0000D92E, 0x0000D92F, 0x0000D930, 0x0000D930, 0x0000D931, 0x0000D932,
  0x0000D933, 0x0000D934, 0x0000D935, 0x0000DB36, 0x0000DB37, 0x0000DB38, 0x0000DB39, 0x0000DB3A, 0x0000DB3B, 0x0000DB3C,
  0x0000DB3D, 0x0000DB3E, 0x0000DD3F, 0x0000DD40, 0x0000DD41, 0x0000DD42, 0x0000DD43, 0x0000DD44, 0x0000DD45, 0x0000DF46,
  0x0000DF47, 0x0000DF48, 0x0000DF4A, 0x0000DF4B, 0x0000DF4C, 0x0000DF4D, 0x0000E14E, 0x0000E150, 0x0000E151, 0x0000E152,
  0x0000E154, 0x0000E355, 0x0000E356, 0x0000E358, 0x0000E359, 0x0000E55B, 0x0000E55D, 0x0000E55E, 0x0000E560, 0x0000E762,
  0x0000E764, 0x0000E766, 0x0000E969, 0x0000E96B, 0x0000EB6E, 0x0000EB72, 0x0000ED76, 0x0000F180, 0x0000F082, 0x0000EE8A,
  0x0000EC8E, 0x0000EA91, 0x0000EA94, 0x0000E897, 0x0000E899, 0x0000E89B, 0x0000E69D, 0x0000E69F, 0x0000E6A1, 0x0000E6A3,
  0x0000E4A4, 0x0000E4A6, 0x0000E4A7, 0x0000E4A9, 0x0000E2AA, 0x0000E2AC, 0x0000E2AD, 0x0000E2AE, 0x0000E2B0, 0x0000E0B1,
  0x0000E0B2, 0x0000E0B3, 0x0000E0B4, 0x0000E0B6, 0x0000E0B7, 0x0000DEB8, 0x0000DEB9, 0x0000DEBA, 0x0000DEBB, 0x0000DEBC,
  0x0000DEBD, 0x0000DEBE, 0x0000DCBF, 0x0000DCC0, 0x0000DCC1, 0x0000DCC2, 0x0000DCC3, 0x0000DCC4, 0x0000DCC5, 0x0000DCC6,
  0x0000DCC7, 0x0000DAC8, 0x0000DAC9, 0x0000DACA, 0x0000DACB, 0x0000DACC, 0x0000DACD, 0x0000DACE, 0x0000DACF, 0x0000DAD0,
  0x0000DAD0, 0x0000DAD1, 0x0000D8D2, 0x0000D8D3, 0x0000D8D4, 0x0000D8D5, 0x0000D8D6, 0x0000D8D6, 0x0000D8D7, 0x0000D8D8,
  0x0000D8D9, 0x0000D8DA, 0x0000D8DB, 0x0000D8DB, 0x0000D8DC, 0x0000D8DD, 0x0000D8DE, 0x0000D6DF, 0x0000D6E0, 0x0000D6E0,
  0x0000D6E1, 0x0000D6E2, 0x0000D6E3, 0x0000D6E4, 0x0000D6E4, 0x0000D6E5, 0x0000D6E6, 0x0000D6E7, 0x0000D6E7, 0x0000D6E8,
  0x0000D6E9, 0x0000D6EA, 0x0000D6EB, 0x0000D6EB, 0x0000D6EC, 0x0000D6ED, 0x0000D6EE, 0x0000D6EE, 0x0000D6EF, 0x0000D6F0,
  0x0000D6F1, 0x0000D6F2, 0x0000D6F2, 0x0000D6F3, 0x0000D4F4, 0x0000D4F5, 0x0000D4F5, 0x0000D4F6, 0x0000D4F7, 0x0000D4F8,
  0x0000D4F8, 0x0000D4F9, 0x0000D4FA, 0x0000D4FB, 0x0000D4FB, 0x0000D4FC, 0x0000D4FD, 0x0000D4FE, 0x0000D4FE, 0x0000D4FF,
  0x0000D500, 0x0000D501, 0x0000D501, 0x0000D502, 0x0000D503, 0x0000D504, 0x0000D504, 0x0000D505, 0x0000D506, 0x0000D507,
  0x0000D507, 0x0000D508, 0x0000D509, 0x0000D50A, 0x0000D50A, 0x0000D50B, 0x0000D70C, 0x0000D70D, 0x0000D70D, 0x0000D70E,
  0x0000D70F, 0x0000D710, 0x0000D711, 0x0000D711, 0x0000D712, 0x0000D713, 0x0000D714, 0x0000D714, 0x0000D715, 0x0000D716,
  0x0000D717, 0x0000D718, 0x0000D718, 0x0000D719, 0x0000D71A, 0x0000D71B, 0x0000D71B, 0x0000D71C, 0x0000D71D, 0x0000D71E,
  0x0000D71F, 0x0000D71F, 0x0000D720, 0x0000D921, 0x0000D922, 0x0000D923, 0x0000D924, 0x0000D924, 0x0000D925, 0x0000D926,
  0x0000D927, 0x0000D928, 0x0000D929, 0x0000D929, 0x0000D92A, 0x0000D92B, 0x0000D92C, 0x0000D92D, 0x0000DB2E, 0x0000DB2F,
  0x0000DB2F, 0x0000DB30, 0x0000DB31, 0x0000DB32, 0x0000DB33, 0x0000DB34, 0x0000DB35, 0x0000DB36, 0x0000DB37, 0x0000DD38,
  0x0000DD39, 0x0000DD3A, 0x0000DD3B, 0x0000DD3C, 0x0000DD3D, 0x0000DD3E, 0x0000DD3F, 0x0000DD40, 0x0000DF41, 0x0000DF42,
  0x0000DF43, 0x0000DF44, 0x0000DF45, 0x0000DF46, 0x0000DF47, 0x0000E148, 0x0000E149, 0x0000E14B, 0x0000E14C, 0x0000E14D,
  0x0000E14E, 0x0000E34F, 0x0000E351, 0x0000E352, 0x0000E353, 0x0000E355, 0x0000E556, 0x0000E558, 0x0000E559, 0x0000E55B,
  0x0000E75C, 0x0000E75E, 0x0000E760, 0x0000E762, 0x0000E964, 0x0000E966, 0x0000E968, 0x0000EB6B, 0x0000EB6E, 0x0000ED71,
  0x0000EF75, 0x0000F17D, 0x0000F283, 0x0000EE8A, 0x0000EE8E, 0x0000EC92, 0x0000EC94, 0x0000EA97, 0x0000EA99, 0x0000E89B,
  0x0000E89D, 0x0000E89F, 0x0000E6A1, 0x0000E6A3, 0x0000E6A4, 0x0000E6A6, 0x0000E4A8, 0x0000E4A9, 0x0000E4AA, 0x0000E4AC,
  0x0000E4AD, 0x0000E2AE, 0x0000E2B0, 0x0000E2B1, 0x0000E2B2, 0x0000E2B3, 0x0000E2B5, 0x0000E0B6, 0x0000E0B7, 0x0000E0B8,
  0x0000E0B9, 0x0000E0BA, 0x0000E0BB, 0x0000E0BC, 0x0000DEBE, 0x0000DEBF, 0x0000DEC0, 0x0000DEC1, 0x0000DEC2, 0x0000DEC3,
  0x0000DEC4, 0x0000DEC5, 0x0000DCC6, 0x0000DCC7, 0x0000DCC7, 0x0000DCC8, 0x0000DCC9, 0x0000DCCA, 0x0000DCCB, 0x0000DCCC,
  0x0000DCCD, 0x0000DCCE, 0x0000DACF, 0x0000DAD0, 0x0000DAD1, 0x0000DAD1, 0x0000DAD2, 0x0000DAD3, 0x0000DAD4, 0x0000DAD5,
  0x0000DAD6, 0x0000DAD7, 0x0000DAD7, 0x0000DAD8, 0x0000DAD9, 0x0000DADA, 0x0000D8DB, 0x0000D8DC, 0x0000D8DC, 0x0000D8DD,
  0x0000D8DE, 0x0000D8DF, 0x0000D8E0, 0x0000D8E0, 0x0000D8E1, 0x0000D8E2, 0x0000D8E3, 0x0000D8E4, 0x0000D8E4, 0x0000D8E5,
  0x0000D8E6, 0x0000D8E7, 0x0000D8E8, 0x0000D8E8, 0x0000D8E9, 0x0000D8EA, 0x0000D8EB, 0x0000D8EB, 0x0000D6EC, 0x0000D6ED,
  0x0000D6EE, 0x0000D6EE, 0x0000D6EF, 0x0000D6F0, 0x0000D6F1, 0x0000D6F2, 0x0000D6F2, 0x0000D6F3, 0x0000D6F4, 0x0000D6F5,
  0x0000D6F5, 0x0000D6F6, 0x0000D6F7, 0x0000D6F8, 0x0000D6F8, 0x0000D6F9, 0x0000D6FA, 0x0000D6FB, 0x0000D6FB, 0x0000D6FC,
  0x0000D6FD, 0x0000D6FE, 0x0000D6FE, 0x0000D6FF, 0x0000D700, 0x0000D701, 0x0000D701, 0x0000D702, 0x0000D703, 0x0000D704,
  0x0000D704, 0x0000D705, 0x0000D706, 0x0000D707, 0x0000D707, 0x0000D708, 0x0000D709, 0x0000D70A, 0x0000D70A, 0x0000D70B,
  0x0000D70C, 0x0000D70D, 0x0000D70D, 0x0000D70E, 0x0000D70F, 0x0000D710, 0x0000D711, 0x0000D711, 0x0000D712, 0x0000D713,
  0x0000D914, 0x0000D914, 0x0000D915, 0x0000D916, 0x0000D917, 0x0000D917, 0x0000D918, 0x0000D919, 0x0000D91A, 0x0000D91B,
  0x0000D91B, 0x0000D91C, 0x0000D91D, 0x0000D91E, 0x0000D91F, 0x0000D91F, 0x0000D920, 0x0000D921, 0x0000D922, 0x0000D923,
  0x0000D923, 0x0000D924, 0x0000DB25, 0x0000DB26, 0x0000DB27, 0x0000DB28, 0x0000DB28, 0x0000DB29, 0x0000DB2A, 0x0000DB2B,
  0x0000DB2C, 0x0000DB2D, 0x0000DB2E, 0x0000DB2E, 0x0000DB2F, 0x0000DB30, 0x0000DD31, 0x0000DD32, 0x0000DD33, 0x0000DD34,
  0x0000DD35, 0x0000DD36, 0x0000DD37, 0x0000DD38, 0x0000DD38, 0x0000DD39, 0x0000DF3A, 0x0000DF3B, 0x0000DF3C, 0x0000DF3D,
  0x0000DF3E, 0x0000DF3F, 0x0000DF40, 0x0000DF41, 0x0000E143, 0x0000E144, 0x0000E145, 0x0000E146, 0x0000E147, 0x0000E148,
  0x0000E149, 0x0000E34A, 0x0000E34C, 0x0000E34D, 0x0000E34E, 0x0000E34F, 0x0000E351, 0x0000E552, 0x0000E553, 0x0000E555,
  0x0000E556, 0x0000E557, 0x0000E759, 0x0000E75B, 0x0000E75C, 0x0000E75E, 0x0000E960, 0x0000E962, 0x0000E964, 0x0000EB66,
  0x0000EB68, 0x0000ED6B, 0x0000ED6D, 0x0000EF71, 0x0000EF75, 0x0000F37C, 0x0000F284, 0x0000F08B, 0x0000EE8F, 0x0000EE92,
  0x0000EC95, 0x0000EC97, 0x0000EA9A, 0x0000EA9C, 0x0000EA9E, 0x0000E8A0, 0x0000E8A1, 0x0000E8A3, 0x0000E8A5, 0x0000E6A6,
  0x0000E6A8, 0x0000E6A9, 0x0000E6AB, 0x0000E6AC, 0x0000E4AD, 0x0000E4AF, 0x0000E4B0, 0x0000E4B1, 0x0000E4B2, 0x0000E2B4,
  0x0000E2B5, 0x0000E2B6, 0x0000E2B7, 0x0000E2B8, 0x0000E2B9, 0x0000E2BA, 0x0000E0BC, 0x0000E0BD, 0x0000E0BE, 0x0000E0BF,
  0x0000E0C0, 0x0000E0C1, 0x0000E0C2, 0x0000E0C3, 0x0000DEC4, 0x0000DEC5, 0x0000DEC6, 0x0000DEC7, 0x0000DEC8, 0x0000DEC9,
  0x0000DEC9, 0x0000DECA, 0x0000DECB, 0x0000DCCC, 0x0000DCCD, 0x0000DCCE, 0x0000DCCF, 0x0000DCD0, 0x0000DCD1, 0x0000DCD2,
  0x0000DCD2, 0x0000DCD3, 0x0000DCD4, 0x0000DCD5, 0x0000DCD6, 0x0000DCD7, 0x0000DAD8, 0x0000DAD8, 0x0000DAD9, 0x0000DADA,
  0x0000DADB, 0x0000DADC, 0x0000DADC, 0x0000DADD, 0x0000DADE, 0x0000DADF, 0x0000DAE0, 0x0000DAE0, 0x0000DAE1, 0x0000DAE2,
  0x0000DAE3, 0x0000DAE4, 0x0000DAE4, 0x0000DAE5, 0x0000D8E6, 0x0000D8E7, 0x0000D8E8, 0x0000D8E8, 0x0000D8E9, 0x0000D8EA,
  0x0000D8EB, 0x0000D8EB, 0x0000D8EC, 0x0000D8ED, 0x0000D8EE, 0x0000D8EF, 0x0000D8EF, 0x0000D8F0, 0x0000D8F1, 0x0000D8F2,
  0x0000D8F2, 0x0000D8F3, 0x0000D8F4, 0x0000D8F5, 0x0000D8F5, 0x0000D8F6, 0x0000D8F7, 0x0000D8F8, 0x0000D8F8, 0x0000D8F9,
  0x0000D8FA, 0x0000D8FB, 0x0000D8FB, 0x0000D8FC, 0x0000D8FD, 0x0000D8FE, 0x0000D8FE, 0x0000D8FF, 0x0000D900, 0x0000D901,
  0x0000D901, 0x0000D902, 0x0000D903, 0x0000D904, 0x0000D904, 0x0000D905, 0x0000D906, 0x0000D907, 0x0000D907, 0x0000D908,
  0x0000D909, 0x0000D90A, 0x0000D90A, 0x0000D90B, 0x0000D90C, 0x0000D90D, 0x0000D90D, 0x0000D90E, 0x0000D90F, 0x0000D910,
  0x0000D910, 0x0000D911, 0x0000D912, 0x0000D913, 0x0000D914, 0x0000D914, 0x0000D915, 0x0000D916, 0x0000D917, 0x0000D917,
  0x0000D918, 0x0000D919, 0x0000DB1A, 0x0000DB1B, 0x0000DB1B, 0x0000DB1C, 0x0000DB1D, 0x0000DB1E, 0x0000DB1F, 0x0000DB1F,
  0x0000DB20, 0x0000DB21, 0x0000DB22, 0x0000DB23, 0x0000DB23, 0x0000DB24, 0x0000DB25, 0x0000DB26, 0x0000DB27, 0x0000DB27,
  0x0000DD28, 0x0000DD29, 0x0000DD2A, 0x0000DD2B, 0x0000DD2C, 0x0000DD2D, 0x0000DD2D, 0x0000DD2E, 0x0000DD2F, 0x0000DD30,
  0x0000DD31, 0x0000DD32, 0x0000DD33, 0x0000DF34, 0x0000DF35, 0x0000DF36, 0x0000DF36, 0x0000DF37, 0x0000DF38, 0x0000DF39,
  0x0000DF3A, 0x0000DF3B, 0x0000E13C, 0x0000E13D, 0x0000E13E, 0x0000E13F, 0x0000E140, 0x0000E141, 0x0000E142, 0x0000E143,
  0x0000E345, 0x0000E346, 0x0000E347, 0x0000E348, 0x0000E349, 0x0000E34A, 0x0000E34B, 0x0000E54D, 0x0000E54E, 0x0000E54F,
  0x0000E550, 0x0000E552, 0x0000E753, 0x0000E754, 0x0000E756, 0x0000E757, 0x0000E759, 0x0000E95A, 0x0000E95C, 0x0000E95E,
  0x0000E95F, 0x0000EB61, 0x0000EB63, 0x0000EB65, 0x0000ED68, 0x0000ED6A, 0x0000EF6D, 0x0000EF70, 0x0000F174, 0x0000F37B,
  0x0000F485, 0x0000F28B, 0x0000F08F, 0x0000EE92, 0x0000EE95, 0x0000EE98, 0x0000EC9A, 0x0000EC9C, 0x0000EA9E, 0x0000EAA0,
  0x0000EAA2, 0x0000EAA3, 0x0000E8A5, 0x0000E8A6, 0x0000E8A8, 0x0000E8A9, 0x0000E6AB, 0x0000E6AC, 0x0000E6AE, 0x0000E6AF,
  0x0000E6B0, 0x0000E4B1, 0x0000E4B3, 0x0000E4B4, 0x0000E4B5, 0x0000E4B6, 0x0000E4B7, 0x0000E4B8, 0x0000E2BA, 0x0000E2BB,
  0x0000E2BC, 0x0000E2BD, 0x0000E2BE, 0x0000E2BF, 0x0000E2C0, 0x0000E0C1, 0x0000E0C2, 0x0000E0C3, 0x0000E0C4, 0x0000E0C5,
  0x0000E0C6, 0x0000E0C7, 0x0000E0C8, 0x0000E0C9, 0x0000DECA, 0x0000DECA, 0x0000DECB, 0x0000DECC, 0x0000DECD, 0x0000DECE,
  0x0000DECF, 0x0000DED0, 0x0000DED1, 0x0000DED2, 0x0000DED2, 0x0000DED3, 0x0000DCD4, 0x0000DCD5, 0x0000DCD6, 0x0000DCD7,
  0x0000DCD8, 0x0000DCD8, 0x0000DCD9, 0x0000DCDA, 0x0000DCDB, 0x0000DCDC, 0x0000DCDD, 0x0000DCDD, 0x0000DCDE, 0x0000DCDF,
  0x0000DCE0, 0x0000DCE1, 0x0000DAE1, 0x0000DAE2, 0x0000DAE3, 0x0000DAE4, 0x0000DAE5, 0x0000DAE5, 0x0000DAE6, 0x0000DAE7,
  0x0000DAE8, 0x0000DAE8, 0x0000DAE9, 0x0000DAEA, 0x0000DAEB, 0x0000DAEC, 0x0000DAEC, 0x0000DAED, 0x0000DAEE, 0x0000DAEF,
  0x0000DAEF, 0x0000DAF0, 0x0000DAF1, 0x0000DAF2, 0x0000DAF2, 0x0000DAF3, 0x0000DAF4, 0x0000DAF5, 0x0000DAF5, 0x0000DAF6,
  0x0000DAF7, 0x0000DAF8, 0x0000DAF8, 0x0000DAF9, 0x0000DAFA, 0x0000DAFB, 0x0000DAFB, 0x0000DAFC, 0x0000DAFD, 0x0000DAFE,
  0x0000DAFE, 0x0000DAFF, 0x0000DB00, 0x0000DB01, 0x0000DB01, 0x0000DB02, 0x0000DB03, 0x0000DB04, 0x0000DB04, 0x0000DB05,
  0x0000DB06, 0x0000DB07, 0x0000DB07, 0x0000DB08, 0x0000DB09, 0x0000DB0A, 0x0000DB0A, 0x0000DB0B, 0x0000DB0C, 0x0000DB0D,
  0x0000DB0D, 0x0000DB0E, 0x0000DB0F, 0x0000DB10, 0x0000DB10, 0x0000DB11, 0x0000DB12, 0x0000DB13, 0x0000DB13, 0x0000DB14,
  0x0000DB15, 0x0000DB16, 0x0000DB17, 0x0000DB17, 0x0000DB18, 0x0000DB19, 0x0000DB1A, 0x0000DB1A, 0x0000DB1B, 0x0000DB1C,
  0x0000DB1D, 0x0000DB1E, 0x0000DD1E, 0x0000DD1F, 0x0000DD20, 0x0000DD21, 0x0000DD22, 0x0000DD22, 0x0000DD23, 0x0000DD24,
  0x0000DD25, 0x0000DD26, 0x0000DD27, 0x0000DD27, 0x0000DD28, 0x0000DD29, 0x0000DD2A, 0x0000DD2B, 0x0000DF2C, 0x0000DF2D,
  0x0000DF2D, 0x0000DF2E, 0x0000DF2F, 0x0000DF30, 0x0000DF31, 0x0000DF32, 0x0000DF33, 0x0000DF34, 0x0000DF35, 0x0000DF35,
  0x0000E136, 0x0000E137, 0x0000E138, 0x0000E139, 0x0000E13A, 0x0000E13B, 0x0000E13C, 0x0000E13D, 0x0000E13E, 0x0000E33F,
  0x0000E340, 0x0000E341, 0x0000E342, 0x0000E343, 0x0000E344, 0x0000E345, 0x0000E547, 0x0000E548, 0x0000E549, 0x0000E54A,
  0x0000E54B, 0x0000E54C, 0x0000E54E, 0x0000E74F, 0x0000E750, 0x0000E751, 0x0000E753, 0x0000E754, 0x0000E956, 0x0000E957,
  0x0000E959, 0x0000E95A, 0x0000EB5C, 0x0000EB5D, 0x0000EB5F, 0x0000EB61, 0x0000ED63, 0x0000ED65, 0x0000EF67, 0x0000EF6A,
  0x0000EF6D, 0x0000F170, 0x0000F374, 0x0000F57A, 0x0000F485, 0x0000F28B, 0x0000F28F, 0x0000F093, 0x0000F095, 0x0000EE98,
  0x0000EE9A, 0x0000EC9C, 0x0000EC9E, 0x0000ECA0, 0x0000ECA2, 0x0000EAA3, 0x0000EAA5, 0x0000EAA7, 0x0000EAA8, 0x0000E8AA,
  0x0000E8AB, 0x0000E8AC, 0x0000E8AE, 0x0000E8AF, 0x0000E6B0, 0x0000E6B2, 0x0000E6B3, 0x0000E6B4, 0x0000E6B5, 0x0000E6B6,
  0x0000E4B7, 0x0000E4B9, 0x0000E4BA, 0x0000E4BB, 0x0000E4BC, 0x0000E4BD, 0x0000E4BE, 0x0000E2BF, 0x0000E2C0, 0x0000E2C1,
  0x0000E2C2, 0x0000E2C3, 0x0000E2C4, 0x0000E2C5, 0x0000E2C6, 0x0000E2C7, 0x0000E0C8, 0x0000E0C9, 0x0000E0CA, 0x0000E0CB,
  0x0000E0CC, 0x0000E0CC, 0x0000E0CD, 0x0000E0CE, 0x0000E0CF, 0x0000E0D0, 0x0000DED1, 0x0000DED2, 0x0000DED3, 0x0000DED3,
  0x0000DED4, 0x0000DED5, 0x0000DED6, 0x0000DED7, 0x0000DED8, 0x0000DED9, 0x0000DED9, 0x0000DEDA, 0x0000DEDB, 0x0000DEDC,
  0x0000DEDD, 0x0000DCDD, 0x0000DCDE, 0x0000DCDF, 0x0000DCE0, 0x0000DCE1, 0x0000DCE1, 0x0000DCE2, 0x0000DCE3, 0x0000DCE4,
  0x0000DCE5, 0x0000DCE5, 0x0000DCE6, 0x0000DCE7, 0x0000DCE8, 0x0000DCE8, 0x0000DCE9, 0x0000DCEA, 0x0000DCEB, 0x0000DCEC,
  0x0000DCEC, 0x0000DCED, 0x0000DCEE, 0x0000DCEF, 0x0000DCEF, 0x0000DCF0, 0x0000DAF1, 0x0000DAF2, 0x0000DAF2, 0x0000DAF3,
  0x0000DAF4, 0x0000DAF5, 0x0000DAF5, 0x0000DAF6, 0x0000DAF7, 0x0000DAF8, 0x0000DAF8, 0x0000DAF9, 0x0000DAFA, 0x0000DAFB,
  0x0000DAFB, 0x0000DAFC, 0x0000DAFD, 0x0000DAFE, 0x0000DAFE, 0x0000DAFF, 0x0000DB00, 0x0000DB01, 0x0000DB01, 0x0000DB02,
  0x0000DB03, 0x0000DB04, 0x0000DB04, 0x0000DB05, 0x0000DB06, 0x0000DB07, 0x0000DB07, 0x0000DB08, 0x0000DB09, 0x0000DB0A,
  0x0000DB0A, 0x0000DB0B, 0x0000DB0C, 0x0000DB0D, 0x0000DB0D, 0x0000DB0E, 0x0000DD0F, 0x0000DD10, 0x0000DD10, 0x0000DD11,
  0x0000DD12, 0x0000DD13, 0x0000DD13, 0x0000DD14, 0x0000DD15, 0x0000DD16, 0x0000DD17, 0x0000DD17, 0x0000DD18, 0x0000DD19,
  0x0000DD1A, 0x0000DD1A, 0x0000DD1B, 0x0000DD1C, 0x0000DD1D, 0x0000DD1E, 0x0000DD1E, 0x0000DD1F, 0x0000DD20, 0x0000DD21,
  0x0000DD22, 0x0000DF22, 0x0000DF23, 0x0000DF24, 0x0000DF25, 0x0000DF26, 0x0000DF26, 0x0000DF27, 0x0000DF28, 0x0000DF29,
  0x0000DF2A, 0x0000DF2B, 0x0000DF2C, 0x0000DF2C, 0x0000DF2D, 0x0000DF2E, 0x0000E12F, 0x0000E130, 0x0000E131, 0x0000E132,
  0x0000E133, 0x0000E133, 0x0000E134, 0x0000E135, 0x0000E136, 0x0000E137, 0x0000E338, 0x0000E339, 0x0000E33A, 0x0000E33B,
  0x0000E33C, 0x0000E33D, 0x0000E33E, 0x0000E33F, 0x0000E340, 0x0000E541, 0x0000E542, 0x0000E543, 0x0000E544, 0x0000E545,
  0x0000E546, 0x0000E548, 0x0000E749, 0x0000E74A, 0x0000E74B, 0x0000E74C, 0x0000E74D, 0x0000E74F, 0x0000E950, 0x0000E951,
  0x0000E953, 0x0000E954, 0x0000E955, 0x0000EB57, 0x0000EB58, 0x0000EB5A, 0x0000EB5C, 0x0000ED5D, 0x0000ED5F, 0x0000ED61,
  0x0000ED63, 0x0000EF65, 0x0000EF67, 0x0000F16A, 0x0000F16C, 0x0000F370, 0x0000F374, 0x0000F57A, 0x0000F686, 0x0000F48C,
  0x0000F290, 0x0000F293, 0x0000F096, 0x0000F098, 0x0000F09A, 0x0000EE9C, 0x0000EE9E, 0x0000EEA0, 0x0000ECA2, 0x0000ECA4,
  0x0000ECA5, 0x0000ECA7, 0x0000EAA8, 0x0000EAAA, 0x0000EAAB, 0x0000EAAD, 0x0000E8AE, 0x0000E8AF, 0x0000E8B0, 0x0000E8B2,
  0x0000E8B3, 0x0000E8B4, 0x0000E6B5, 0x0000E6B6, 0x0000E6B8, 0x0000E6B9, 0x0000E6BA, 0x0000E6BB, 0x0000E6BC, 0x0000E4BD,
  0x0000E4BE, 0x0000E4BF, 0x0000E4C0, 0x0000E4C1, 0x0000E4C2, 0x0000E4C3, 0x0000E4C4, 0x0000E2C5, 0x0000E2C6, 0x0000E2C7,
  0x0000E2C8, 0x0000E2C9, 0x0000E2CA, 0x0000E2CB, 0x0000E2CC, 0x0000E2CD, 0x0000E2CD, 0x0000E0CE, 0x0000E0CF, 0x0000E0D0,
  0x0000E0D1, 0x0000E0D2, 0x0000E0D3, 0x0000E0D4, 0x0000E0D4, 0x0000E0D5, 0x0000E0D6, 0x0000E0D7, 0x0000E0D8, 0x0000E0D9,
  0x0000DED9, 0x0000DEDA, 0x0000DEDB, 0x0000DEDC, 0x0000DEDD, 0x0000DEDD, 0x0000DEDE, 0x0000DEDF, 0x0000DEE0, 0x0000DEE1,
  0x0000DEE1, 0x0000DEE2, 0x0000DEE3, 0x0000DEE4, 0x0000DEE5, 0x0000DEE5, 0x0000DEE6, 0x0000DEE7, 0x0000DEE8, 0x0000DEE9,
  0x0000DEE9, 0x0000DCEA, 0x0000DCEB, 0x0000DCEC, 0x0000DCEC, 0x0000DCED, 0x0000DCEE, 0x0000DCEF, 0x0000DCEF, 0x0000DCF0,
  0x0000DCF1, 0x0000DCF2, 0x0000DCF2, 0x0000DCF3, 0x0000DCF4, 0x0000DCF5, 0x0000DCF5, 0x0000DCF6, 0x0000DCF7, 0x0000DCF8,
  0x0000DCF8, 0x0000DCF9, 0x0000DCFA, 0x0000DCFB, 0x0000DCFB, 0x0000DCFC, 0x0000DCFD, 0x0000DCFE, 0x0000DCFE, 0x0000DCFF,
  0x0000DD00, 0x0000DD01, 0x0000DD01, 0x0000DD02, 0x0000DD03, 0x0000DD04, 0x0000DD04, 0x0000DD05, 0x0000DD06, 0x0000DD07,
  0x0000DD07, 0x0000DD08, 0x0000DD09, 0x0000DD0A, 0x0000DD0A, 0x0000DD0B, 0x0000DD0C, 0x0000DD0D, 0x0000DD0D, 0x0000DD0E,
  0x0000DD0F, 0x0000DD10, 0x0000DD10, 0x0000DD11, 0x0000DD12, 0x0000DD13, 0x0000DD13, 0x0000DD14, 0x0000DD15, 0x0000DF16,
  0x0000DF16, 0x0000DF17, 0x0000DF18, 0x0000DF19, 0x0000DF1A, 0x0000DF1A, 0x0000DF1B, 0x0000DF1C, 0x0000DF1D, 0x0000DF1E,
  0x0000DF1E, 0x0000DF1F, 0x0000DF20, 0x0000DF21, 0x0000DF22, 0x0000DF22, 0x0000DF23, 0x0000DF24, 0x0000DF25, 0x0000DF26,
  0x0000E126, 0x0000E127, 0x0000E128, 0x0000E129, 0x0000E12A, 0x0000E12B, 0x0000E12B, 0x0000E12C, 0x0000E12D, 0x0000E12E,
  0x0000E12F, 0x0000E130, 0x0000E131, 0x0000E332, 0x0000E332, 0x0000E333, 0x0000E334, 0x0000E335, 0x0000E336, 0x0000E337,
  0x0000E338, 0x0000E339, 0x0000E33A, 0x0000E53B, 0x0000E53C, 0x0000E53D, 0x0000E53E, 0x0000E53F, 0x0000E540, 0x0000E541,
  0x0000E542, 0x0000E743, 0x0000E744, 0x0000E745, 0x0000E746, 0x0000E747, 0x0000E749, 0x0000E74A, 0x0000E94B, 0x0000E94C,
  0x0000E94D, 0x0000E94F, 0x0000E950, 0x0000E951, 0x0000EB52, 0x0000EB54, 0x0000EB55, 0x0000EB57, 0x0000ED58, 0x0000ED5A,
  0x0000ED5B, 0x0000ED5D, 0x0000EF5F, 0x0000EF61, 0x0000EF63, 0x0000F165, 0x0000F167, 0x0000F169, 0x0000F36C, 0x0000F36F,
  0x0000F573, 0x0000F779, 0x0000F886, 0x0000F68C, 0x0000F490, 0x0000F493, 0x0000F296, 0x0000F298, 0x0000F09A, 0x0000F09D,
  0x0000F09F, 0x0000EEA0, 0x0000EEA2, 0x0000EEA4, 0x0000ECA5, 0x0000ECA7, 0x0000ECA8, 0x0000ECAA, 0x0000ECAB, 0x0000EAAD,
  0x0000EAAE, 0x0000EAAF, 0x0000EAB1, 0x0000EAB2, 0x0000E8B3, 0x0000E8B4, 0x0000E8B5, 0x0000E8B7, 0x0000E8B8, 0x0000E8B9,
  0x0000E8BA, 0x0000E6BB, 0x0000E6BC, 0x0000E6BD, 0x0000E6BE, 0x0000E6BF, 0x0000E6C0, 0x0000E6C1, 0x0000E4C2, 0x0000E4C3,
  0x0000E4C4, 0x0000E4C5, 0x0000E4C6, 0x0000E4C7, 0x0000E4C8, 0x0000E4C9, 0x0000E4CA, 0x0000E4CB, 0x0000E2CC, 0x0000E2CD,
  0x0000E2CE, 0x0000E2CE, 0x0000E2CF, 0x0000E2D0, 0x0000E2D1, 0x0000E2D2, 0x0000E2D3, 0x0000E2D4, 0x0000E2D4, 0x0000E2D5,
  0x0000E0D6, 0x0000E0D7, 0x0000E0D8, 0x0000E0D9, 0x0000E0D9, 0x0000E0DA, 0x0000E0DB, 0x0000E0DC, 0x0000E0DD, 0x0000E0DE,
  0x0000E0DE, 0x0000E0DF, 0x0000E0E0, 0x0000E0E1, 0x0000E0E2, 0x0000E0E2, 0x0000E0E3, 0x0000E0E4, 0x0000DEE5, 0x0000DEE5,
  0x0000DEE6, 0x0000DEE7, 0x0000DEE8, 0x0000DEE9, 0x0000DEE9, 0x0000DEEA, 0x0000DEEB, 0x0000DEEC, 0x0000DEEC, 0x0000DEED,
  0x0000DEEE, 0x0000DEEF, 0x0000DEEF, 0x0000DEF0, 0x0000DEF1, 0x0000DEF2, 0x0000DEF2, 0x0000DEF3, 0x0000DEF4, 0x0000DEF5,
  0x0000DEF5, 0x0000DEF6, 0x0000DEF7, 0x0000DEF8, 0x0000DEF8, 0x0000DEF9, 0x0000DEFA, 0x0000DEFB, 0x0000DEFB, 0x0000DEFC,
  0x0000DEFD, 0x0000DEFE, 0x0000DEFE, 0x0000DEFF, 0x0000DF00, 0x0000DF01, 0x0000DF01, 0x0000DF02, 0x0000DF03, 0x0000DF04,
  0x0000DF04, 0x0000DF05, 0x0000DF06, 0x0000DF07, 0x0000DF07, 0x0000DF08, 0x0000DF09, 0x0000DF0A, 0x0000DF0A, 0x0000DF0B,
  0x0000DF0C, 0x0000DF0D, 0x0000DF0D, 0x0000DF0E, 0x0000DF0F, 0x0000DF10, 0x0000DF10, 0x0000DF11, 0x0000DF12, 0x0000DF13,
  0x0000DF13, 0x0000DF14, 0x0000DF15, 0x0000DF16, 0x0000DF16, 0x0000DF17, 0x0000DF18, 0x0000DF19, 0x0000DF1A, 0x0000DF1A,
  0x0000E11B, 0x0000E11C, 0x0000E11D, 0x0000E11D, 0x0000E11E, 0x0000E11F, 0x0000E120, 0x0000E121, 0x0000E121, 0x0000E122,
  0x0000E123, 0x0000E124, 0x0000E125, 0x0000E126, 0x0000E126, 0x0000E127, 0x0000E128, 0x0000E129, 0x0000E32A, 0x0000E32B,
  0x0000E32B, 0x0000E32C, 0x0000E32D, 0x0000E32E, 0x0000E32F, 0x0000E330, 0x0000E331, 0x0000E331, 0x0000E332, 0x0000E333,
  0x0000E534, 0x0000E535, 0x0000E536, 0x0000E537, 0x0000E538, 0x0000E539, 0x0000E53A, 0x0000E53B, 0x0000E53C, 0x0000E53D,
  0x0000E73E, 0x0000E73F, 0x0000E740, 0x0000E741, 0x0000E742, 0x0000E743, 0x0000E744, 0x0000E945, 0x0000E946, 0x0000E947,
  0x0000E948, 0x0000E94A, 0x0000E94B, 0x0000E94C, 0x0000EB4D, 0x0000EB4E, 0x0000EB50, 0x0000EB51, 0x0000EB52, 0x0000ED54,
  0x0000ED55, 0x0000ED57, 0x0000ED58, 0x0000ED5A, 0x0000EF5B, 0x0000EF5D, 0x0000EF5F, 0x0000F160, 0x0000F162, 0x0000F165,
  0x0000F367, 0x0000F369, 0x0000F56C, 0x0000F56F, 0x0000F773, 0x0000F979, 0x0000F887, 0x0000F68C, 0x0000F690, 0x0000F493,
  0x0000F496, 0x0000F298, 0x0000F29B, 0x0000F29D, 0x0000F09F, 0x0000F0A1, 0x0000F0A2, 0x0000EEA4, 0x0000EEA6, 0x0000EEA7,
  0x0000EEA9, 0x0000EEAA, 0x0000ECAB, 0x0000ECAD, 0x0000ECAE, 0x0000ECAF, 0x0000ECB1, 0x0000EAB2, 0x0000EAB3, 0x0000EAB4,
  0x0000EAB6, 0x0000EAB7, 0x0000EAB8, 0x0000E8B9, 0x0000E8BA, 0x0000E8BB, 0x0000E8BC, 0x0000E8BD, 0x0000E8BE, 0x0000E8BF,
  0x0000E6C0, 0x0000E6C1, 0x0000E6C2, 0x0000E6C3, 0x0000E6C4, 0x0000E6C5, 0x0000E6C6, 0x0000E6C7, 0x0000E6C8, 0x0000E4C9,
  0x0000E4CA, 0x0000E4CB, 0x0000E4CC, 0x0000E4CD, 0x0000E4CE, 0x0000E4CE, 0x0000E4CF, 0x0000E4D0, 0x0000E4D1, 0x0000E4D2,
  0x0000E4D3, 0x0000E2D4, 0x0000E2D5, 0x0000E2D5, 0x0000E2D6, 0x0000E2D7, 0x0000E2D8, 0x0000E2D9, 0x0000E2DA, 0x0000E2DA,
  0x0000E2DB, 0x0000E2DC, 0x0000E2DD, 0x0000E2DE, 0x0000E2DE, 0x0000E2DF, 0x0000E0E0, 0x0000E0E1, 0x0000E0E2, 0x0000E0E2,
  0x0000E0E3, 0x0000E0E4, 0x0000E0E5, 0x0000E0E6, 0x0000E0E6, 0x0000E0E7, 0x0000E0E8, 0x0000E0E9, 0x0000E0E9, 0x0000E0EA,
  0x0000E0EB, 0x0000E0EC, 0x0000E0EC, 0x0000E0ED, 0x0000E0EE, 0x0000E0EF, 0x0000E0EF, 0x0000E0F0, 0x0000E0F1, 0x0000E0F2,
  0x0000E0F2, 0x0000E0F3, 0x0000E0F4, 0x0000E0F5, 0x0000E0F5, 0x0000E0F6, 0x0000E0F7, 0x0000E0F8, 0x0000E0F8, 0x0000E0F9,
  0x0000DEFA, 0x0000DEFB, 0x0000DEFB, 0x0000DEFC, 0x0000DEFD, 0x0000DEFE, 0x0000DEFE, 0x0000DEFF, 0x0000DF00, 0x0000DF01,
  0x0000DF01, 0x0000DF02, 0x0000DF03, 0x0000DF04, 0x0000DF04, 0x0000DF05, 0x0000E106, 0x0000E107, 0x0000E107, 0x0000E108,
  0x0000E109, 0x0000E10A, 0x0000E10A, 0x0000E10B, 0x0000E10C, 0x0000E10D, 0x0000E10D, 0x0000E10E, 0x0000E10F, 0x0000E110,
  0x0000E110, 0x0000E111, 0x0000E112, 0x0000E113, 0x0000E113, 0x0000E114, 0x0000E115, 0x0000E116, 0x0000E116, 0x0000E117,
  0x0000E118, 0x0000E119, 0x0000E119, 0x0000E11A, 0x0000E11B, 0x0000E11C, 0x0000E11D, 0x0000E11D, 0x0000E11E, 0x0000E11F,
  0x0000E320, 0x0000E321, 0x0000E321, 0x0000E322, 0x0000E323, 0x0000E324, 0x0000E325, 0x0000E325, 0x0000E326, 0x0000E327,
  0x0000E328, 0x0000E329, 0x0000E32A, 0x0000E32A, 0x0000E32B, 0x0000E52C, 0x0000E52D, 0x0000E52E, 0x0000E52F, 0x0000E530,
  0x0000E531, 0x0000E531, 0x0000E532, 0x0000E533, 0x0000E534, 0x0000E535, 0x0000E536, 0x0000E737, 0x0000E738, 0x0000E739,
  0x0000E73A, 0x0000E73B, 0x0000E73C, 0x0000E73D, 0x0000E73E, 0x0000E73F, 0x0000E940, 0x0000E941, 0x0000E942, 0x0000E943,
  0x0000E944, 0x0000E945, 0x0000E946, 0x0000EB47, 0x0000EB48, 0x0000EB49, 0x0000EB4B, 0x0000EB4C, 0x0000EB4D, 0x0000ED4E,
  0x0000ED50, 0x0000ED51, 0x0000ED52, 0x0000ED54, 0x0000EF55, 0x0000EF56, 0x0000EF58, 0x0000EF59, 0x0000EF5B, 0x0000F15D,
  0x0000F15E, 0x0000F160, 0x0000F362, 0x0000F364, 0x0000F367, 0x0000F569, 0x0000F56C, 0x0000F76F, 0x0000F773, 0x0000F978,
  0x0000FA87, 0x0000F88C, 0x0000F690, 0x0000F693, 0x0000F496, 0x0000F499, 0x0000F49B, 0x0000F29D, 0x0000F29F, 0x0000F2A1,
  0x0000F0A2, 0x0000F0A4, 0x0000F0A6, 0x0000F0A7, 0x0000EEA9, 0x0000EEAA, 0x0000EEAC, 0x0000EEAD, 0x0000EEAE, 0x0000ECB0,
  0x0000ECB1, 0x0000ECB2, 0x0000ECB3, 0x0000ECB4, 0x0000ECB6, 0x0000EAB7, 0x0000EAB8, 0x0000EAB9, 0x0000EABA, 0x0000EABB,
  0x0000EABC, 0x0000EABD, 0x0000E8BE, 0x0000E8BF, 0x0000E8C0, 0x0000E8C1, 0x0000E8C2, 0x0000E8C3, 0x0000E8C4, 0x0000E8C5,
  0x0000E6C6, 0x0000E6C7, 0x0000E6C8, 0x0000E6C9, 0x0000E6CA, 0x0000E6CB, 0x0000E6CC, 0x0000E6CD, 0x0000E6CE, 0x0000E6CF,
  0x0000E6CF, 0x0000E4D0, 0x0000E4D1, 0x0000E4D2, 0x0000E4D3, 0x0000E4D4, 0x0000E4D5, 0x0000E4D5, 0x0000E4D6, 0x0000E4D7,
  0x0000E4D8, 0x0000E4D9, 0x0000E4DA, 0x0000E4DA, 0x0000E4DB, 0x0000E2DC, 0x0000E2DD, 0x0000E2DE, 0x0000E2DE, 0x0000E2DF,
  0x0000E2E0, 0x0000E2E1, 0x0000E2E2, 0x0000E2E2, 0x0000E2E3, 0x0000E2E4, 0x0000E2E5, 0x0000E2E6, 0x0000E2E6, 0x0000E2E7,
  0x0000E2E8, 0x0000E2E9, 0x0000E2E9, 0x0000E2EA, 0x0000E2EB, 0x0000E2EC, 0x0000E2EC, 0x0000E2ED, 0x0000E2EE, 0x0000E0EF,
  0x0000E0EF, 0x0000E0F0, 0x0000E0F1, 0x0000E0F2, 0x0000E0F2, 0x0000E0F3, 0x0000E0F4, 0x0000E0F5, 0x0000E0F5, 0x0000E0F6,
  0x0000E0F7, 0x0000E0F8, 0x0000E0F8, 0x0000E0F9, 0x0000E0FA, 0x0000E0FB, 0x0000E0FB, 0x0000E0FC, 0x0000E0FD, 0x0000E0FE,
  0x0000E0FE, 0x0000E0FF, 0x0000E100, 0x0000E101, 0x0000E101, 0x0000E102, 0x0000E103, 0x0000E104, 0x0000E104, 0x0000E105,
  0x0000E106, 0x0000E107, 0x0000E107, 0x0000E108, 0x0000E109, 0x0000E10A, 0x0000E10A, 0x0000E10B, 0x0000E10C, 0x0000E10D,
  0x0000E10D, 0x0000E10E, 0x0000E10F, 0x0000E110, 0x0000E110, 0x0000E311, 0x0000E312, 0x0000E313, 0x0000E313, 0x0000E314,
  0x0000E315, 0x0000E316, 0x0000E316, 0x0000E317, 0x0000E318, 0x0000E319, 0x0000E319, 0x0000E31A, 0x0000E31B, 0x0000E31C,
  0x0000E31D, 0x0000E31D, 0x0000E31E, 0x0000E31F, 0x0000E320, 0x0000E321, 0x0000E321, 0x0000E322, 0x0000E323, 0x0000E524,
  0x0000E525, 0x0000E525, 0x0000E526, 0x0000E527, 0x0000E528, 0x0000E529, 0x0000E52A, 0x0000E52A, 0x0000E52B, 0x0000E52C,
  0x0000E52D, 0x0000E52E, 0x0000E52F, 0x0000E730, 0x0000E730, 0x0000E731, 0x0000E732, 0x0000E733, 0x0000E734, 0x0000E735,
  0x0000E736, 0x0000E737, 0x0000E738, 0x0000E739, 0x0000E93A, 0x0000E93B, 0x0000E93C, 0x0000E93D, 0x0000E93E, 0x0000E93F,
  0x0000E940, 0x0000E941, 0x0000EB42, 0x0000EB43, 0x0000EB44, 0x0000EB45, 0x0000EB46, 0x0000EB47, 0x0000EB48, 0x0000ED49,
  0x0000ED4B, 0x0000ED4C, 0x0000ED4D, 0x0000ED4E, 0x0000ED4F, 0x0000EF51, 0x0000EF52, 0x0000EF53, 0x0000EF55, 0x0000EF56,
  0x0000F158, 0x0000F159, 0x0000F15B, 0x0000F15D, 0x0000F35E, 0x0000F360, 0x0000F362, 0x0000F564, 0x0000F566, 0x0000F569,
  0x0000F76C, 0x0000F76F, 0x0000F973, 0x0000FB78, 0x0000FC87, 0x0000FA8D, 0x0000F890, 0x0000F894, 0x0000F696, 0x0000F699,
  0x0000F49B, 0x0000F49D, 0x0000F49F, 0x0000F2A1, 0x0000F2A3, 0x0000F2A4, 0x0000F2A6, 0x0000F0A7, 0x0000F0A9, 0x0000F0AA,
  0x0000F0AC, 0x0000F0AD, 0x0000EEAE, 0x0000EEB0, 0x0000EEB1, 0x0000EEB2, 0x0000EEB3, 0x0000ECB5, 0x0000ECB6, 0x0000ECB7,
  0x0000ECB8, 0x0000ECB9, 0x0000ECBA, 0x0000ECBB, 0x0000EABC, 0x0000EABD, 0x0000EABF, 0x0000EAC0, 0x0000EAC1, 0x0000EAC2,
  0x0000EAC3, 0x0000EAC4, 0x0000E8C5, 0x0000E8C5, 0x0000E8C6, 0x0000E8C7, 0x0000E8C8, 0x0000E8C9, 0x0000E8CA, 0x0000E8CB,
  0x0000E8CC, 0x0000E8CD, 0x0000E6CE, 0x0000E6CF, 0x0000E6D0, 0x0000E6D0, 0x0000E6D1, 0x0000E6D2, 0x0000E6D3, 0x0000E6D4,
  0x0000E6D5, 0x0000E6D6, 0x0000E6D6, 0x0000E6D7, 0x0000E6D8, 0x0000E4D9, 0x0000E4DA, 0x0000E4DA, 0x0000E4DB, 0x0000E4DC,
  0x0000E4DD, 0x0000E4DE, 0x0000E4DF, 0x0000E4DF, 0x0000E4E0, 0x0000E4E1, 0x0000E4E2, 0x0000E4E2, 0x0000E4E3, 0x0000E4E4,
  0x0000E4E5, 0x0000E4E6, 0x0000E4E6, 0x0000E4E7, 0x0000E2E8, 0x0000E2E9, 0x0000E2E9, 0x0000E2EA, 0x0000E2EB, 0x0000E2EC,
  0x0000E2EC, 0x0000E2ED, 0x0000E2EE, 0x0000E2EF, 0x0000E2F0, 0x0000E2F0, 0x0000E2F1, 0x0000E2F2, 0x0000E2F3, 0x0000E2F3,
  0x0000E2F4, 0x0000E2F5, 0x0000E2F5, 0x0000E2F6, 0x0000E2F7, 0x0000E2F8, 0x0000E2F8, 0x0000E2F9, 0x0000E2FA, 0x0000E2FB,
  0x0000E2FB, 0x0000E2FC, 0x0000E2FD, 0x0000E2FE, 0x0000E2FE, 0x0000E2FF, 0x0000E300, 0x0000E301, 0x0000E301, 0x0000E302,
  0x0000E303, 0x0000E304, 0x0000E304, 0x0000E305, 0x0000E306, 0x0000E307, 0x0000E307, 0x0000E308, 0x0000E309, 0x0000E30A,
  0x0000E30A, 0x0000E30B, 0x0000E30C, 0x0000E30C, 0x0000E30D, 0x0000E30E, 0x0000E30F, 0x0000E30F, 0x0000E310, 0x0000E311,
  0x0000E312, 0x0000E313, 0x0000E313, 0x0000E314, 0x0000E315, 0x0000E316, 0x0000E316, 0x0000E317, 0x0000E518, 0x0000E519,
  0x0000E519, 0x0000E51A, 0x0000E51B, 0x0000E51C, 0x0000E51D, 0x0000E51D, 0x0000E51E, 0x0000E51F, 0x0000E520, 0x0000E520,
  0x0000E521, 0x0000E522, 0x0000E523, 0x0000E524, 0x0000E525, 0x0000E525, 0x0000E526, 0x0000E727, 0x0000E728, 0x0000E729,
  0x0000E729, 0x0000E72A, 0x0000E72B, 0x0000E72C, 0x0000E72D, 0x0000E72E, 0x0000E72F, 0x0000E72F, 0x0000E730, 0x0000E731,
  0x0000E932, 0x0000E933, 0x0000E934, 0x0000E935, 0x0000E936, 0x0000E937, 0x0000E938, 0x0000E939, 0x0000E93A, 0x0000E93A,
  0x0000EB3B, 0x0000EB3C, 0x0000EB3D, 0x0000EB3E, 0x0000EB3F, 0x0000EB40, 0x0000EB42, 0x0000EB43, 0x0000ED44, 0x0000ED45,
  0x0000ED46, 0x0000ED47, 0x0000ED48, 0x0000ED49, 0x0000ED4A, 0x0000EF4C, 0x0000EF4D, 0x0000EF4E, 0x0000EF4F, 0x0000EF51,
  0x0000F152, 0x0000F153, 0x0000F155, 0x0000F156, 0x0000F158, 0x0000F359, 0x0000F35B, 0x0000F35C, 0x0000F35E, 0x0000F560,
  0x0000F562, 0x0000F564, 0x0000F766, 0x0000F769, 0x0000F96B, 0x0000F96F, 0x0000FB72, 0x0000FD78, 0x0000FE87, 0x0000FC8D,
  0x0000FA91, 0x0000F894, 0x0000F896, 0x0000F699, 0x0000F69B, 0x0000F69D, 0x0000F49F, 0x0000F4A1, 0x0000F4A3, 0x0000F4A4,
  0x0000F2A6, 0x0000F2A7, 0x0000F2A9, 0x0000F2AA, 0x0000F0AC, 0x0000F0AD, 0x0000F0AE, 0x0000F0B0, 0x0000F0B1, 0x0000F0B2,
  0x0000EEB4, 0x0000EEB5, 0x0000EEB6, 0x0000EEB7, 0x0000EEB8, 0x0000EEB9, 0x0000ECBA, 0x0000ECBB, 0x0000ECBD, 0x0000ECBE,
  0x0000ECBF, 0x0000ECC0, 0x0000ECC1, 0x0000EAC2, 0x0000EAC3, 0x0000EAC4, 0x0000EAC5, 0x0000EAC6, 0x0000EAC7, 0x0000EAC7,
  0x0000EAC8, 0x0000EAC9, 0x0000EACA, 0x0000E8CB, 0x0000E8CC, 0x0000E8CD, 0x0000E8CE, 0x0000E8CF, 0x0000E8D0, 0x0000E8D0,
  0x0000E8D1, 0x0000E8D2, 0x0000E8D3, 0x0000E8D4, 0x0000E8D5, 0x0000E6D6, 0x0000E6D6, 0x0000E6D7, 0x0000E6D8, 0x0000E6D9,
  0x0000E6DA, 0x0000E6DB, 0x0000E6DB, 0x0000E6DC, 0x0000E6DD, 0x0000E6DE, 0x0000E6DF, 0x0000E6DF, 0x0000E6E0, 0x0000E6E1,
  0x0000E6E2, 0x0000E6E3, 0x0000E4E3, 0x0000E4E4, 0x0000E4E5, 0x0000E4E6, 0x0000E4E6, 0x0000E4E7, 0x0000E4E8, 0x0000E4E9,
  0x0000E4E9, 0x0000E4EA, 0x0000E4EB, 0x0000E4EC, 0x0000E4ED, 0x0000E4ED, 0x0000E4EE, 0x0000E4EF, 0x0000E4F0, 0x0000E4F0,
  0x0000E4F1, 0x0000E4F2, 0x0000E4F3, 0x0000E4F3, 0x0000E4F4, 0x0000E4F5, 0x0000E4F6, 0x0000E4F6, 0x0000E4F7, 0x0000E4F8,
  0x0000E4F8, 0x0000E4F9, 0x0000E4FA, 0x0000E4FB, 0x0000E4FB, 0x0000E4FC, 0x0000E4FD, 0x0000E4FE, 0x0000E4FE, 0x0000E4FF,
  0x0000E500, 0x0000E501, 0x0000E501, 0x0000E502, 0x0000E503, 0x0000E504, 0x0000E504, 0x0000E505, 0x0000E506, 0x0000E507,
  0x0000E507, 0x0000E508, 0x0000E509, 0x0000E509, 0x0000E50A, 0x0000E50B, 0x0000E50C, 0x0000E50C, 0x0000E50D, 0x0000E50E,
  0x0000E50F, 0x0000E50F, 0x0000E510, 0x0000E511, 0x0000E512, 0x0000E512, 0x0000E513, 0x0000E514, 0x0000E515, 0x0000E516,
  0x0000E516, 0x0000E517, 0x0000E518, 0x0000E519, 0x0000E519, 0x0000E51A, 0x0000E51B, 0x0000E51C, 0x0000E71C, 0x0000E71D,
  0x0000E71E, 0x0000E71F, 0x0000E720, 0x0000E720, 0x0000E721, 0x0000E722, 0x0000E723, 0x0000E724, 0x0000E724, 0x0000E725,
  0x0000E726, 0x0000E727, 0x0000E728, 0x0000E729, 0x0000E729, 0x0000E92A, 0x0000E92B, 0x0000E92C, 0x0000E92D, 0x0000E92E,
  0x0000E92F, 0x0000E92F, 0x0000E930, 0x0000E931, 0x0000E932, 0x0000E933, 0x0000E934, 0x0000EB35, 0x0000EB36, 0x0000EB37,
  0x0000EB38, 0x0000EB38, 0x0000EB39, 0x0000EB3A, 0x0000EB3B, 0x0000EB3C, 0x0000EB3D, 0x0000ED3E, 0x0000ED3F, 0x0000ED40,
  0x0000ED41, 0x0000ED42, 0x0000ED44, 0x0000ED45, 0x0000EF46, 0x0000EF47, 0x0000EF48, 0x0000EF49, 0x0000EF4A, 0x0000EF4B,
  0x0000F14D, 0x0000F14E, 0x0000F14F, 0x0000F151, 0x0000F152, 0x0000F153, 0x0000F355, 0x0000F356, 0x0000F358, 0x0000F359,
  0x0000F55B, 0x0000F55C, 0x0000F55E, 0x0000F560, 0x0000F762, 0x0000F764, 0x0000F766, 0x0000F969, 0x0000F96B, 0x0000FB6E,
  0x0000FD72, 0x0000FF78, 0x0000FE87, 0x0000FC8D, 0x0000FC91, 0x0000FA94, 0x0000FA97, 0x0000F899, 0x0000F89B, 0x0000F69D,
  0x0000F69F, 0x0000F6A1, 0x0000F6A3, 0x0000F4A4, 0x0000F4A6, 0x0000F4A8, 0x0000F4A9, 0x0000F2AA, 0x0000F2AC, 0x0000F2AD,
  0x0000F2AF, 0x0000F2B0, 0x0000F0B1, 0x0000F0B2, 0x0000F0B4, 0x0000F0B5, 0x0000F0B6, 0x0000F0B7, 0x0000EEB8, 0x0000EEB9,
  0x0000EEBA, 0x0000EEBC, 0x0000EEBD, 0x0000EEBE, 0x0000EEBF, 0x0000ECC0, 0x0000ECC1, 0x0000ECC2, 0x0000ECC3, 0x0000ECC4,
  0x0000ECC5, 0x0000ECC6, 0x0000ECC7, 0x0000ECC8, 0x0000EAC8, 0x0000EAC9, 0x0000EACA, 0x0000EACB, 0x0000EACC, 0x0000EACD,
  0x0000EACE, 0x0000EACF, 0x0000EAD0, 0x0000EAD1, 0x0000EAD1, 0x0000E8D2, 0x0000E8D3, 0x0000E8D4, 0x0000E8D5, 0x0000E8D6,
  0x0000E8D6, 0x0000E8D7, 0x0000E8D8, 0x0000E8D9, 0x0000E8DA, 0x0000E8DB, 0x0000E8DB, 0x0000E8DC, 0x0000E8DD, 0x0000E8DE,
  0x0000E6DF, 0x0000E6DF, 0x0000E6E0, 0x0000E6E1, 0x0000E6E2, 0x0000E6E3, 0x0000E6E3, 0x0000E6E4, 0x0000E6E5, 0x0000E6E6,
  0x0000E6E6, 0x0000E6E7, 0x0000E6E8, 0x0000E6E9, 0x0000E6EA, 0x0000E6EA, 0x0000E6EB, 0x0000E6EC, 0x0000E6ED, 0x0000E6ED,
  0x0000E6EE, 0x0000E6EF, 0x0000E6F0, 0x0000E6F0, 0x0000E6F1, 0x0000E6F2, 0x0000E6F3, 0x0000E6F3, 0x0000E6F4, 0x0000E4F5,
  0x0000E4F6, 0x0000E4F6, 0x0000E4F7, 0x0000E4F8, 0x0000E4F8, 0x0000E4F9, 0x0000E4FA, 0x0000E4FB, 0x0000E4FB, 0x0000E4FC,
  0x0000E4FD, 0x0000E4FE, 0x0000E4FE, 0x0000E4FF, 0x0000E500, 0x0000E501, 0x0000E501, 0x0000E502, 0x0000E503, 0x0000E504,
  0x0000E504, 0x0000E505, 0x0000E506, 0x0000E507, 0x0000E507, 0x0000E508, 0x0000E509, 0x0000E509, 0x0000E50A, 0x0000E70B,
  0x0000E70C, 0x0000E70C, 0x0000E70D, 0x0000E70E, 0x0000E70F, 0x0000E70F, 0x0000E710, 0x0000E711, 0x0000E712, 0x0000E712,
  0x0000E713, 0x0000E714, 0x0000E715, 0x0000E715, 0x0000E716, 0x0000E717, 0x0000E718, 0x0000E719, 0x0000E719, 0x0000E71A,
  0x0000E71B, 0x0000E71C, 0x0000E71C, 0x0000E71D, 0x0000E71E, 0x0000E71F, 0x0000E720, 0x0000E720, 0x0000E921, 0x0000E922,
  0x0000E923, 0x0000E924, 0x0000E924, 0x0000E925, 0x0000E926, 0x0000E927, 0x0000E928, 0x0000E929, 0x0000E929, 0x0000E92A,
  0x0000E92B, 0x0000E92C, 0x0000E92D, 0x0000EB2E, 0x0000EB2E, 0x0000EB2F, 0x0000EB30, 0x0000EB31, 0x0000EB32, 0x0000EB33,
  0x0000EB34, 0x0000EB35, 0x0000EB36, 0x0000EB37, 0x0000ED37, 0x0000ED38, 0x0000ED39, 0x0000ED3A, 0x0000ED3B, 0x0000ED3C,
  0x0000ED3D, 0x0000ED3E, 0x0000ED3F, 0x0000EF40, 0x0000EF41, 0x0000EF42, 0x0000EF43, 0x0000EF45, 0x0000EF46, 0x0000EF47,
  0x0000F148, 0x0000F149, 0x0000F14A, 0x0000F14B, 0x0000F14D, 0x0000F14E, 0x0000F34F, 0x0000F350, 0x0000F352, 0x0000F353,
  0x0000F355, 0x0000F556, 0x0000F557, 0x0000F559, 0x0000F55B, 0x0000F75C, 0x0000F75E, 0x0000F760, 0x0000F762, 0x0000F964,
  0x0000F966, 0x0000FB68, 0x0000FB6B, 0x0000FD6E, 0x0000FD72, 0x0000FF78, 0x00010087, 0x0000FE8D, 0x0000FC91, 0x0000FC94,
  0x0000FA97, 0x0000FA99, 0x0000FA9B, 0x0000F89D, 0x0000F89F, 0x0000F8A1, 0x0000F6A3, 0x0000F6A5, 0x0000F6A6, 0x0000F6A8,
  0x0000F4A9, 0x0000F4AB, 0x0000F4AC, 0x0000F4AD, 0x0000F4AF, 0x0000F2B0, 0x0000F2B1, 0x0000F2B2, 0x0000F2B4, 0x0000F2B5,
  0x0000F0B6, 0x0000F0B7, 0x0000F0B8, 0x0000F0B9, 0x0000F0BB, 0x0000F0BC, 0x0000F0BD, 0x0000EEBE, 0x0000EEBF, 0x0000EEC0,
  0x0000EEC1, 0x0000EEC2, 0x0000EEC3, 0x0000EEC4, 0x0000EEC5, 0x0000ECC6, 0x0000ECC7, 0x0000ECC8, 0x0000ECC9, 0x0000ECC9,
  0x0000ECCA, 0x0000ECCB, 0x0000ECCC, 0x0000ECCD, 0x0000ECCE, 0x0000ECCF, 0x0000EAD0, 0x0000EAD1, 0x0000EAD1, 0x0000EAD2,
  0x0000EAD3, 0x0000EAD4, 0x0000EAD5, 0x0000EAD6, 0x0000EAD7, 0x0000EAD7, 0x0000EAD8, 0x0000EAD9, 0x0000EADA, 0x0000EADB,
  0x0000E8DB, 0x0000E8DC, 0x0000E8DD, 0x0000E8DE, 0x0000E8DF, 0x0000E8DF, 0x0000E8E0, 0x0000E8E1, 0x0000E8E2, 0x0000E8E3,
  0x0000E8E3, 0x0000E8E4, 0x0000E8E5, 0x0000E8E6, 0x0000E8E6, 0x0000E8E7, 0x0000E8E8, 0x0000E8E9, 0x0000E8EA, 0x0000E8EA,
  0x0000E8EB, 0x0000E8EC, 0x0000E6ED, 0x0000E6ED, 0x0000E6EE, 0x0000E6EF, 0x0000E6F0, 0x0000E6F0, 0x0000E6F1, 0x0000E6F2,
  0x0000E6F3, 0x0000E6F3, 0x0000E6F4, 0x0000E6F5, 0x0000E6F6, 0x0000E6F6, 0x0000E6F7, 0x0000E6F8, 0x0000E6F8, 0x0000E6F9,
  0x0000E6FA, 0x0000E6FB, 0x0000E6FB, 0x0000E6FC, 0x0000E6FD, 0x0000E6FE, 0x0000E6FE, 0x0000E6FF, 0x0000E700, 0x0000E701,
  0x0000E701, 0x0000E702, 0x0000E703, 0x0000E704, 0x0000E704, 0x0000E705, 0x0000E706, 0x0000E707, 0x0000E707, 0x0000E708,
  0x0000E709, 0x0000E709, 0x0000E70A, 0x0000E70B, 0x0000E70C, 0x0000E70C, 0x0000E70D, 0x0000E70E, 0x0000E70F, 0x0000E70F,
  0x0000E710, 0x0000E711, 0x0000E712, 0x0000E712, 0x0000E913, 0x0000E914, 0x0000E915, 0x0000E915, 0x0000E916, 0x0000E917,
  0x0000E918, 0x0000E919, 0x0000E919, 0x0000E91A, 0x0000E91B, 0x0000E91C, 0x0000E91C, 0x0000E91D, 0x0000E91E, 0x0000E91F,
  0x0000E920, 0x0000E920, 0x0000E921, 0x0000E922, 0x0000E923, 0x0000E924, 0x0000EB24, 0x0000EB25, 0x0000EB26, 0x0000EB27,
  0x0000EB28, 0x0000EB28, 0x0000EB29, 0x0000EB2A, 0x0000EB2B, 0x0000EB2C, 0x0000EB2D, 0x0000EB2E, 0x0000EB2E, 0x0000EB2F,
  0x0000ED30, 0x0000ED31, 0x0000ED32, 0x0000ED33, 0x0000ED34, 0x0000ED35, 0x0000ED36, 0x0000ED36, 0x0000ED37, 0x0000ED38,
  0x0000ED39, 0x0000EF3A, 0x0000EF3B, 0x0000EF3C, 0x0000EF3D, 0x0000EF3E, 0x0000EF3F, 0x0000EF40, 0x0000EF41, 0x0000F142,
  0x0000F143, 0x0000F144, 0x0000F146, 0x0000F147, 0x0000F148, 0x0000F149, 0x0000F34A, 0x0000F34B, 0x0000F34D, 0x0000F34E,
  0x0000F34F, 0x0000F550, 0x0000F552, 0x0000F553, 0x0000F554, 0x0000F556, 0x0000F757, 0x0000F759, 0x0000F75A, 0x0000F75C,
  0x0000F95E, 0x0000F960, 0x0000F962, 0x0000FB64, 0x0000FB66, 0x0000FB68, 0x0000FD6B, 0x0000FD6E, 0x0000FF72, 0x00010178,
  0x00010287, 0x0001008D, 0x0000FE91, 0x0000FE94, 0x0000FC97, 0x0000FC99, 0x0000FA9B, 0x0000FA9D, 0x0000FA9F, 0x0000F8A1,
  0x0000F8A3, 0x0000F8A5, 0x0000F8A6, 0x0000F6A8, 0x0000F6A9, 0x0000F6AB, 0x0000F6AC, 0x0000F4AD, 0x0000F4AF, 0x0000F4B0,
  0x0000F4B1, 0x0000F4B3, 0x0000F4B4, 0x0000F2B5, 0x0000F2B6, 0x0000F2B7, 0x0000F2B8, 0x0000F2BA, 0x0000F2BB, 0x0000F0BC,
  0x0000F0BD, 0x0000F0BE, 0x0000F0BF, 0x0000F0C0, 0x0000F0C1, 0x0000F0C2, 0x0000F0C3, 0x0000EEC4, 0x0000EEC5, 0x0000EEC6,
  0x0000EEC7, 0x0000EEC8, 0x0000EEC9, 0x0000EECA, 0x0000EECA, 0x0000EECB, 0x0000EECC, 0x0000ECCD, 0x0000ECCE, 0x0000ECCF,
  0x0000ECD0, 0x0000ECD1, 0x0000ECD2, 0x0000ECD2, 0x0000ECD3, 0x0000ECD4, 0x0000ECD5, 0x0000ECD6, 0x0000ECD7, 0x0000EAD7,
  0x0000EAD8, 0x0000EAD9, 0x0000EADA, 0x0000EADB, 0x0000EADC, 0x0000EADC, 0x0000EADD, 0x0000EADE, 0x0000EADF, 0x0000EADF,
  0x0000EAE0, 0x0000EAE1, 0x0000EAE2, 0x0000EAE3, 0x0000EAE3, 0x0000EAE4, 0x0000EAE5, 0x0000EAE6, 0x0000E8E7, 0x0000E8E7,
  0x0000E8E8, 0x0000E8E9, 0x0000E8EA, 0x0000E8EA, 0x0000E8EB, 0x0000E8EC, 0x0000E8ED, 0x0000E8ED, 0x0000E8EE, 0x0000E8EF,
  0x0000E8F0, 0x0000E8F0, 0x0000E8F1, 0x0000E8F2, 0x0000E8F3, 0x0000E8F3, 0x0000E8F4, 0x0000E8F5, 0x0000E8F6, 0x0000E8F6,
  0x0000E8F7, 0x0000E8F8, 0x0000E8F9, 0x0000E8F9, 0x0000E8FA, 0x0000E8FB, 0x0000E8FB, 0x0000E8FC, 0x0000E8FD, 0x0000E8FE,
  0x0000E8FE, 0x0000E8FF, 0x0000E900, 0x0000E901, 0x0000E901, 0x0000E902, 0x0000E903, 0x0000E904, 0x0000E904, 0x0000E905,
  0x0000E906, 0x0000E906, 0x0000E907, 0x0000E908, 0x0000E909, 0x0000E909, 0x0000E90A, 0x0000E90B, 0x0000E90C, 0x0000E90C,
  0x0000E90D, 0x0000E90E, 0x0000E90F, 0x0000E90F, 0x0000E910, 0x0000E911, 0x0000E912, 0x0000E912, 0x0000E913, 0x0000E914,
  0x0000E915, 0x0000E915, 0x0000E916, 0x0000E917, 0x0000E918, 0x0000E918, 0x0000EB19, 0x0000EB1A, 0x0000EB1B, 0x0000EB1C,
  0x0000EB1C, 0x0000EB1D, 0x0000EB1E, 0x0000EB1F, 0x0000EB20, 0x0000EB20, 0x0000EB21, 0x0000EB22, 0x0000EB23, 0x0000EB23,
  0x0000EB24, 0x0000EB25, 0x0000EB26, 0x0000EB27, 0x0000EB28, 0x0000ED28, 0x0000ED29, 0x0000ED2A, 0x0000ED2B, 0x0000ED2C,
  0x0000ED2D, 0x0000ED2D, 0x0000ED2E, 0x0000ED2F, 0x0000ED30, 0x0000ED31, 0x0000ED32, 0x0000EF33, 0x0000EF34, 0x0000EF35,
  0x0000EF35, 0x0000EF36, 0x0000EF37, 0x0000EF38, 0x0000EF39, 0x0000EF3A, 0x0000EF3B, 0x0000F13C, 0x0000F13D, 0x0000F13E,
  0x0000F13F, 0x0000F140, 0x0000F141, 0x0000F142, 0x0000F143, 0x0000F344, 0x0000F345, 0x0000F347, 0x0000F348, 0x0000F349,
  0x0000F34A, 0x0000F54B, 0x0000F54C, 0x0000F54E, 0x0000F54F, 0x0000F550, 0x0000F552, 0x0000F753, 0x0000F754, 0x0000F756,
  0x0000F757, 0x0000F959, 0x0000F95A, 0x0000F95C, 0x0000F95E, 0x0000FB60, 0x0000FB62, 0x0000FB64, 0x0000FD66, 0x0000FD68,
  0x0000FF6B, 0x0000FF6E, 0x00010172, 0x00010378, 0x00010487, 0x0001008D, 0x00010091, 0x0000FE94, 0x0000FE97, 0x0000FC99,
  0x0000FC9B, 0x0000FC9D, 0x0000FA9F, 0x0000FAA1, 0x0000FAA3, 0x0000FAA5, 0x0000F8A6, 0x0000F8A8, 0x0000F8A9, 0x0000F8AB,
  0x0000F6AC, 0x0000F6AD, 0x0000F6AF, 0x0000F6B0, 0x0000F6B1, 0x0000F4B3, 0x0000F4B4, 0x0000F4B5, 0x0000F4B6, 0x0000F4B7,
  0x0000F4B8, 0x0000F2BA, 0x0000F2BB, 0x0000F2BC, 0x0000F2BD, 0x0000F2BE, 0x0000F2BF, 0x0000F2C0, 0x0000F2C1, 0x0000F0C2,
  0x0000F0C3, 0x0000F0C4, 0x0000F0C5, 0x0000F0C6, 0x0000F0C7, 0x0000F0C8, 0x0000F0C9, 0x0000F0CA, 0x0000EECA, 0x0000EECB,
  0x0000EECC, 0x0000EECD, 0x0000EECE, 0x0000EECF, 0x0000EED0, 0x0000EED1, 0x0000EED2, 0x0000EED2, 0x0000EED3, 0x0000EED4,
  0x0000ECD5, 0x0000ECD6, 0x0000ECD7, 0x0000ECD7, 0x0000ECD8, 0x0000ECD9, 0x0000ECDA, 0x0000ECDB, 0x0000ECDC, 0x0000ECDC,
  0x0000ECDD, 0x0000ECDE, 0x0000ECDF, 0x0000ECE0, 0x0000ECE0, 0x0000ECE1, 0x0000EAE2, 0x0000EAE3, 0x0000EAE3, 0x0000EAE4,
  0x0000EAE5, 0x0000EAE6, 0x0000EAE7, 0x0000EAE7, 0x0000EAE8, 0x0000EAE9, 0x0000EAEA, 0x0000EAEA, 0x0000EAEB, 0x0000EAEC,
  0x0000EAED, 0x0000EAED, 0x0000EAEE, 0x0000EAEF, 0x0000EAF0, 0x0000EAF0, 0x0000EAF1, 0x0000EAF2, 0x0000EAF3, 0x0000EAF3,
  0x0000EAF4, 0x0000EAF5, 0x0000EAF6, 0x0000EAF6, 0x0000EAF7, 0x0000EAF8, 0x0000EAF9, 0x0000EAF9, 0x0000EAFA, 0x0000EAFB,
  0x0000EAFB, 0x0000EAFC, 0x0000EAFD, 0x0000EAFE, 0x0000EAFE, 0x0000EAFF, 0x0000EB00, 0x0000EB01, 0x0000EB01, 0x0000EB02,
  0x0000EB03, 0x0000EB04, 0x0000EB04, 0x0000EB05, 0x0000EB06, 0x0000EB06, 0x0000EB07, 0x0000EB08, 0x0000EB09, 0x0000EB09,
  0x0000EB0A, 0x0000EB0B, 0x0000EB0C, 0x0000EB0C, 0x0000EB0D, 0x0000EB0E, 0x0000EB0F, 0x0000EB0F, 0x0000EB10, 0x0000EB11,
  0x0000EB12, 0x0000EB12, 0x0000EB13, 0x0000EB14, 0x0000EB15, 0x0000EB15, 0x0000EB16, 0x0000EB17, 0x0000EB18, 0x0000EB18,
  0x0000EB19, 0x0000EB1A, 0x0000EB1B, 0x0000EB1C, 0x0000EB1C, 0x0000EB1D, 0x0000ED1E, 0x0000ED1F, 0x0000ED1F, 0x0000ED20,
  0x0000ED21, 0x0000ED22, 0x0000ED23, 0x0000ED23, 0x0000ED24, 0x0000ED25, 0x0000ED26, 0x0000ED27, 0x0000ED28, 0x0000ED28,
  0x0000ED29, 0x0000ED2A, 0x0000EF2B, 0x0000EF2C, 0x0000EF2D, 0x0000EF2D, 0x0000EF2E, 0x0000EF2F, 0x0000EF30, 0x0000EF31,
  0x0000EF32, 0x0000EF33, 0x0000EF34, 0x0000EF35, 0x0000F135, 0x0000F136, 0x0000F137, 0x0000F138, 0x0000F139, 0x0000F13A,
  0x0000F13B, 0x0000F13C, 0x0000F13D, 0x0000F33E, 0x0000F33F, 0x0000F340, 0x0000F341, 0x0000F342, 0x0000F343, 0x0000F344,
  0x0000F345, 0x0000F547, 0x0000F548, 0x0000F549, 0x0000F54A, 0x0000F54B, 0x0000F54C, 0x0000F74E, 0x0000F74F, 0x0000F750,
  0x0000F752, 0x0000F753, 0x0000F954, 0x0000F956, 0x0000F957, 0x0000F959, 0x0000FB5A, 0x0000FB5C, 0x0000FB5E, 0x0000FB60,
  0x0000FD62, 0x0000FD64, 0x0000FD66, 0x0000FF68, 0x0000FF6B, 0x0001016E, 0x00010172, 0x00010578, 0x00010487, 0x0001028D,
  0x00010291, 0x00010094, 0x00010097, 0x0000FE99, 0x0000FE9B, 0x0000FC9D, 0x0000FC9F, 0x0000FCA1, 0x0000FAA3, 0x0000FAA5,
  0x0000FAA6, 0x0000FAA8, 0x0000FAA9, 0x0000F8AB, 0x0000F8AC, 0x0000F8AE, 0x0000F8AF, 0x0000F6B0, 0x0000F6B1, 0x0000F6B3,
  0x0000F6B4, 0x0000F6B5, 0x0000F6B6, 0x0000F4B7, 0x0000F4B9, 0x0000F4BA, 0x0000F4BB, 0x0000F4BC, 0x0000F4BD, 0x0000F4BE,
  0x0000F2BF, 0x0000F2C0, 0x0000F2C1, 0x0000F2C2, 0x0000F2C3, 0x0000F2C4, 0x0000F2C5, 0x0000F2C6, 0x0000F2C7, 0x0000F0C8,
  0x0000F0C9, 0x0000F0CA, 0x0000F0CB, 0x0000F0CB, 0x0000F0CC, 0x0000F0CD, 0x0000F0CE, 0x0000F0CF, 0x0000F0D0, 0x0000F0D1,
  0x0000EED2, 0x0000EED2, 0x0000EED3, 0x0000EED4, 0x0000EED5, 0x0000EED6, 0x0000EED7, 0x0000EED8, 0x0000EED8, 0x0000EED9,
  0x0000EEDA, 0x0000EEDB, 0x0000EEDC, 0x0000EEDC, 0x0000EEDD, 0x0000ECDE, 0x0000ECDF, 0x0000ECE0, 0x0000ECE0, 0x0000ECE1,
  0x0000ECE2, 0x0000ECE3, 0x0000ECE3, 0x0000ECE4, 0x0000ECE5, 0x0000ECE6, 0x0000ECE7, 0x0000ECE7, 0x0000ECE8, 0x0000ECE9,
  0x0000ECEA, 0x0000ECEA, 0x0000ECEB, 0x0000ECEC, 0x0000ECED, 0x0000ECED, 0x0000ECEE, 0x0000ECEF, 0x0000ECF0, 0x0000ECF0,
  0x0000EAF1, 0x0000EAF2, 0x0000EAF3, 0x0000EAF3, 0x0000EAF4, 0x0000EAF5, 0x0000EAF6, 0x0000EAF6, 0x0000EAF7, 0x0000EAF8,
  0x0000EAF9, 0x0000EAF9, 0x0000EAFA, 0x0000EAFB, 0x0000EAFB, 0x0000EAFC, 0x0000EAFD, 0x0000EAFE, 0x0000EAFE, 0x0000EAFF,
  0x0000EB00, 0x0000EB01, 0x0000EB01, 0x0000EB02, 0x0000EB03, 0x0000EB04, 0x0000EB04, 0x0000EB05, 0x0000EB06, 0x0000EB06,
  0x0000EB07, 0x0000EB08, 0x0000EB09, 0x0000EB09, 0x0000EB0A, 0x0000EB0B, 0x0000EB0C, 0x0000EB0C, 0x0000EB0D, 0x0000EB0E,
  0x0000ED0F, 0x0000ED0F, 0x0000ED10, 0x0000ED11, 0x0000ED12, 0x0000ED12, 0x0000ED13, 0x0000ED14, 0x0000ED15, 0x0000ED15,
  0x0000ED16, 0x0000ED17, 0x0000ED18, 0x0000ED18, 0x0000ED19, 0x0000ED1A, 0x0000ED1B, 0x0000ED1C, 0x0000ED1C, 0x0000ED1D,
  0x0000ED1E, 0x0000ED1F, 0x0000ED1F, 0x0000ED20, 0x0000ED21, 0x0000EF22, 0x0000EF23, 0x0000EF23, 0x0000EF24, 0x0000EF25,
  0x0000EF26, 0x0000EF27, 0x0000EF27, 0x0000EF28, 0x0000EF29, 0x0000EF2A, 0x0000EF2B, 0x0000EF2C, 0x0000EF2D, 0x0000EF2D,
  0x0000F12E, 0x0000F12F, 0x0000F130, 0x0000F131, 0x0000F132, 0x0000F133, 0x0000F134, 0x0000F134, 0x0000F135, 0x0000F136,
  0x0000F137, 0x0000F338, 0x0000F339, 0x0000F33A, 0x0000F33B, 0x0000F33C, 0x0000F33D, 0x0000F33E, 0x0000F33F, 0x0000F340,
  0x0000F541, 0x0000F542, 0x0000F543, 0x0000F544, 0x0000F545, 0x0000F546, 0x0000F548, 0x0000F749, 0x0000F74A, 0x0000F74B,
  0x0000F74C, 0x0000F74E, 0x0000F74F, 0x0000F950, 0x0000F951, 0x0000F953, 0x0000F954, 0x0000FB56, 0x0000FB57, 0x0000FB59,
  0x0000FB5A, 0x0000FB5C, 0x0000FD5E, 0x0000FD60, 0x0000FD62, 0x0000FF64, 0x0000FF66, 0x00010168, 0x0001016B, 0x0001036E,
  0x00010372, 0x00010578, 0x00010686, 0x0001048D, 0x00010291, 0x00010294, 0x00010097, 0x00010099, 0x0000FE9B, 0x0000FE9D,
  0x0000FE9F, 0x0000FEA1, 0x0000FCA3, 0x0000FCA5, 0x0000FCA6, 0x0000FAA8, 0x0000FAA9, 0x0000FAAB, 0x0000FAAC, 0x0000FAAE,
  0x0000F8AF, 0x0000F8B0, 0x0000F8B1, 0x0000F8B3, 0x0000F8B4, 0x0000F8B5, 0x0000F6B6, 0x0000F6B7, 0x0000F6B9, 0x0000F6BA,
  0x0000F6BB, 0x0000F6BC, 0x0000F4BD, 0x0000F4BE, 0x0000F4BF, 0x0000F4C0, 0x0000F4C1, 0x0000F4C2, 0x0000F4C3, 0x0000F4C4,
  0x0000F4C5, 0x0000F2C6, 0x0000F2C7, 0x0000F2C8, 0x0000F2C9, 0x0000F2CA, 0x0000F2CB, 0x0000F2CB, 0x0000F2CC, 0x0000F2CD,
  0x0000F2CE, 0x0000F0CF, 0x0000F0D0, 0x0000F0D1, 0x0000F0D2, 0x0000F0D3, 0x0000F0D3, 0x0000F0D4, 0x0000F0D5, 0x0000F0D6,
  0x0000F0D7, 0x0000F0D8, 0x0000F0D8, 0x0000F0D9, 0x0000EEDA, 0x0000EEDB, 0x0000EEDC, 0x0000EEDC, 0x0000EEDD, 0x0000EEDE,
  0x0000EEDF, 0x0000EEE0, 0x0000EEE0, 0x0000EEE1, 0x0000EEE2, 0x0000EEE3, 0x0000EEE4, 0x0000EEE4, 0x0000EEE5, 0x0000EEE6,
  0x0000EEE7, 0x0000EEE7, 0x0000EEE8, 0x0000EEE9, 0x0000EEEA, 0x0000ECEA, 0x0000ECEB, 0x0000ECEC, 0x0000ECED, 0x0000ECED,
  0x0000ECEE, 0x0000ECEF, 0x0000ECF0, 0x0000ECF0, 0x0000ECF1, 0x0000ECF2, 0x0000ECF3, 0x0000ECF3, 0x0000ECF4, 0x0000ECF5,
  0x0000ECF6, 0x0000ECF6, 0x0000ECF7, 0x0000ECF8, 0x0000ECF9, 0x0000ECF9, 0x0000ECFA, 0x0000ECFB, 0x0000ECFB, 0x0000ECFC,
  0x0000ECFD, 0x0000ECFE, 0x0000ECFE, 0x0000ECFF, 0x0000ED00, 0x0000ED01, 0x0000ED01, 0x0000ED02, 0x0000ED03, 0x0000ED04,
  0x0000ED04, 0x0000ED05, 0x0000ED06, 0x0000ED06, 0x0000ED07, 0x0000ED08, 0x0000ED09, 0x0000ED09, 0x0000ED0A, 0x0000ED0B,
  0x0000ED0C, 0x0000ED0C, 0x0000ED0D, 0x0000ED0E, 0x0000ED0F, 0x0000ED0F, 0x0000ED10, 0x0000ED11, 0x0000ED12, 0x0000ED12,
  0x0000ED13, 0x0000ED14, 0x0000ED15, 0x0000EF15, 0x0000EF16, 0x0000EF17, 0x0000EF18, 0x0000EF18, 0x0000EF19, 0x0000EF1A,
  0x0000EF1B, 0x0000EF1B, 0x0000EF1C, 0x0000EF1D, 0x0000EF1E, 0x0000EF1F, 0x0000EF1F, 0x0000EF20, 0x0000EF21, 0x0000EF22,
  0x0000EF23, 0x0000EF23, 0x0000EF24, 0x0000EF25, 0x0000F126, 0x0000F127, 0x0000F127, 0x0000F128, 0x0000F129, 0x0000F12A,
  0x0000F12B, 0x0000F12C, 0x0000F12C, 0x0000F12D, 0x0000F12E, 0x0000F12F, 0x0000F130, 0x0000F331, 0x0000F332, 0x0000F333,
  0x0000F334, 0x0000F334, 0x0000F335, 0x0000F336, 0x0000F337, 0x0000F338, 0x0000F339, 0x0000F53A, 0x0000F53B, 0x0000F53C,
  0x0000F53D, 0x0000F53E, 0x0000F53F, 0x0000F540, 0x0000F541, 0x0000F542, 0x0000F743, 0x0000F744, 0x0000F745, 0x0000F746,
  0x0000F748, 0x0000F749, 0x0000F94A, 0x0000F94B, 0x0000F94C, 0x0000F94E, 0x0000F94F, 0x0000F950, 0x0000FB51, 0x0000FB53,
  0x0000FB54, 0x0000FB56, 0x0000FB57, 0x0000FD59, 0x0000FD5A, 0x0000FD5C, 0x0000FF5E, 0x0000FF60, 0x0000FF62, 0x0000FF64,
  0x00010166, 0x00010168, 0x0001036B, 0x0001036E, 0x00010572, 0x00010779, 0x00010886, 0x0001068C, 0x00010491, 0x00010294,
  0x00010297, 0x00010299, 0x0001009B, 0x0001009D, 0x0001009F, 0x0000FEA1, 0x0000FEA3, 0x0000FEA5, 0x0000FCA6, 0x0000FCA8,
  0x0000FCA9, 0x0000FCAB, 0x0000FCAC, 0x0000FAAE, 0x0000FAAF, 0x0000FAB0, 0x0000FAB2, 0x0000FAB3, 0x0000F8B4, 0x0000F8B5,
  0x0000F8B6, 0x0000F8B7, 0x0000F8B9, 0x0000F8BA, 0x0000F6BB, 0x0000F6BC, 0x0000F6BD, 0x0000F6BE, 0x0000F6BF, 0x0000F6C0,
  0x0000F6C1, 0x0000F6C2, 0x0000F4C3, 0x0000F4C4, 0x0000F4C5, 0x0000F4C6, 0x0000F4C7, 0x0000F4C8, 0x0000F4C9, 0x0000F4CA,
  0x0000F4CB, 0x0000F4CC, 0x0000F2CC, 0x0000F2CD, 0x0000F2CE, 0x0000F2CF, 0x0000F2D0, 0x0000F2D1, 0x0000F2D2, 0x0000F2D3,
  0x0000F2D3, 0x0000F2D4, 0x0000F2D5, 0x0000F2D6, 0x0000F0D7, 0x0000F0D8, 0x0000F0D8, 0x0000F0D9, 0x0000F0DA, 0x0000F0DB,
  0x0000F0DC, 0x0000F0DC, 0x0000F0DD, 0x0000F0DE, 0x0000F0DF, 0x0000F0E0, 0x0000F0E0, 0x0000F0E1, 0x0000F0E2, 0x0000F0E3,
  0x0000F0E4, 0x0000F0E4, 0x0000EEE5, 0x0000EEE6, 0x0000EEE7, 0x0000EEE7, 0x0000EEE8, 0x0000EEE9, 0x0000EEEA, 0x0000EEEA,
  0x0000EEEB, 0x0000EEEC, 0x0000EEED, 0x0000EEED, 0x0000EEEE, 0x0000EEEF, 0x0000EEF0, 0x0000EEF0, 0x0000EEF1, 0x0000EEF2,
  0x0000EEF3, 0x0000EEF3, 0x0000EEF4, 0x0000EEF5, 0x0000EEF6, 0x0000EEF6, 0x0000EEF7, 0x0000EEF8, 0x0000EEF9, 0x0000EEF9,
  0x0000EEFA, 0x0000EEFB, 0x0000EEFB, 0x0000EEFC, 0x0000EEFD, 0x0000EEFE, 0x0000EEFE, 0x0000EEFF, 0x0000EF00, 0x0000EF01,
  0x0000EF01, 0x0000EF02, 0x0000EF03, 0x0000EF04, 0x0000EF04, 0x0000EF05, 0x0000EF06, 0x0000EF06, 0x0000EF07, 0x0000EF08,
  0x0000EF09, 0x0000EF09, 0x0000EF0A, 0x0000EF0B, 0x0000EF0C, 0x0000EF0C, 0x0000EF0D, 0x0000EF0E, 0x0000EF0F, 0x0000EF0F,
  0x0000EF10, 0x0000EF11, 0x0000EF12, 0x0000EF12, 0x0000EF13, 0x0000EF14, 0x0000EF15, 0x0000EF15, 0x0000EF16, 0x0000EF17,
  0x0000EF18, 0x0000EF18, 0x0000EF19, 0x0000EF1A, 0x0000F11B, 0x0000F11B, 0x0000F11C, 0x0000F11D, 0x0000F11E, 0x0000F11F,
  0x0000F11F, 0x0000F120, 0x0000F121, 0x0000F122, 0x0000F123, 0x0000F123, 0x0000F124, 0x0000F125, 0x0000F126, 0x0000F127,
  0x0000F127, 0x0000F128, 0x0000F329, 0x0000F32A, 0x0000F32B, 0x0000F32C, 0x0000F32C, 0x0000F32D, 0x0000F32E, 0x0000F32F,
  0x0000F330, 0x0000F331, 0x0000F332, 0x0000F333, 0x0000F533, 0x0000F534, 0x0000F535, 0x0000F536, 0x0000F537, 0x0000F538,
  0x0000F539, 0x0000F53A, 0x0000F53B, 0x0000F53C, 0x0000F73D, 0x0000F73E, 0x0000F73F, 0x0000F740, 0x0000F741, 0x0000F742,
  0x0000F743, 0x0000F744, 0x0000F945, 0x0000F946, 0x0000F948, 0x0000F949, 0x0000F94A, 0x0000F94B, 0x0000FB4C, 0x0000FB4D,
  0x0000FB4F, 0x0000FB50, 0x0000FB51, 0x0000FD53, 0x0000FD54, 0x0000FD56, 0x0000FD57, 0x0000FD59, 0x0000FF5A, 0x0000FF5C,
  0x0000FF5E, 0x00010160, 0x00010162, 0x00010164, 0x00010366, 0x00010368, 0x0001036B, 0x0001056E, 0x00010773, 0x00010979,
  0x00010A85, 0x0001088C, 0x00010690, 0x00010494, 0x00010497, 0x00010299, 0x0001029B, 0x0001029D, 0x0001009F, 0x000100A1,
  0x000100A3, 0x0000FEA5, 0x0000FEA6, 0x0000FEA8, 0x0000FEA9, 0x0000FCAB, 0x0000FCAC, 0x0000FCAE, 0x0000FCAF, 0x0000FCB0,
  0x0000FCB2, 0x0000FAB3, 0x0000FAB4, 0x0000FAB5, 0x0000FAB6, 0x0000FAB8, 0x0000FAB9, 0x0000F8BA, 0x0000F8BB, 0x0000F8BC,
  0x0000F8BD, 0x0000F8BE, 0x0000F8BF, 0x0000F8C0, 0x0000F6C1, 0x0000F6C2, 0x0000F6C3, 0x0000F6C4, 0x0000F6C5, 0x0000F6C6,
  0x0000F6C7, 0x0000F6C8, 0x0000F6C9, 0x0000F4CA, 0x0000F4CB, 0x0000F4CC, 0x0000F4CC, 0x0000F4CD, 0x0000F4CE, 0x0000F4CF,
  0x0000F4D0, 0x0000F4D1, 0x0000F4D2, 0x0000F4D3, 0x0000F2D3, 0x0000F2D4, 0x0000F2D5, 0x0000F2D6, 0x0000F2D7, 0x0000F2D8,
  0x0000F2D8, 0x0000F2D9, 0x0000F2DA, 0x0000F2DB, 0x0000F2DC, 0x0000F2DC, 0x0000F2DD, 0x0000F2DE, 0x0000F2DF, 0x0000F2E0,
  0x0000F0E0, 0x0000F0E1, 0x0000F0E2, 0x0000F0E3, 0x0000F0E4, 0x0000F0E4, 0x0000F0E5, 0x0000F0E6, 0x0000F0E7, 0x0000F0E7,
  0x0000F0E8, 0x0000F0E9, 0x0000F0EA, 0x0000F0EA, 0x0000F0EB, 0x0000F0EC, 0x0000F0ED, 0x0000F0ED, 0x0000F0EE, 0x0000F0EF,
  0x0000F0F0, 0x0000F0F0, 0x0000F0F1, 0x0000F0F2, 0x0000F0F3, 0x0000F0F3, 0x0000F0F4, 0x0000F0F5, 0x0000F0F6, 0x0000F0F6,
  0x0000F0F7, 0x0000F0F8, 0x0000F0F9, 0x0000F0F9, 0x0000F0FA, 0x0000EEFB, 0x0000EEFB, 0x0000EEFC, 0x0000EEFD, 0x0000EEFE,
  0x0000EEFE, 0x0000EEFF, 0x0000EF00, 0x0000EF01, 0x0000EF01, 0x0000EF02, 0x0000EF03, 0x0000EF04, 0x0000EF04, 0x0000F105,
  0x0000F106, 0x0000F106, 0x0000F107, 0x0000F108, 0x0000F109, 0x0000F109, 0x0000F10A, 0x0000F10B, 0x0000F10C, 0x0000F10C,
  0x0000F10D, 0x0000F10E, 0x0000F10F, 0x0000F10F, 0x0000F110, 0x0000F111, 0x0000F112, 0x0000F112, 0x0000F113, 0x0000F114,
  0x0000F115, 0x0000F115, 0x0000F116, 0x0000F117, 0x0000F118, 0x0000F118, 0x0000F119, 0x0000F11A, 0x0000F11B, 0x0000F11B,
  0x0000F11C, 0x0000F11D, 0x0000F11E, 0x0000F11F, 0x0000F31F, 0x0000F320, 0x0000F321, 0x0000F322, 0x0000F323, 0x0000F323,
  0x0000F324, 0x0000F325, 0x0000F326, 0x0000F327, 0x0000F327, 0x0000F328, 0x0000F329, 0x0000F32A, 0x0000F32B, 0x0000F32C,
  0x0000F52C, 0x0000F52D, 0x0000F52E, 0x0000F52F, 0x0000F530, 0x0000F531, 0x0000F532, 0x0000F533, 0x0000F533, 0x0000F534,
  0x0000F535, 0x0000F736, 0x0000F737, 0x0000F738, 0x0000F739, 0x0000F73A, 0x0000F73B, 0x0000F73C, 0x0000F73D, 0x0000F73E,
  0x0000F93F, 0x0000F940, 0x0000F941, 0x0000F942, 0x0000F943, 0x0000F944, 0x0000F945, 0x0000FB46, 0x0000FB47, 0x0000FB49,
  0x0000FB4A, 0x0000FB4B, 0x0000FB4C, 0x0000FD4D, 0x0000FD4F, 0x0000FD50, 0x0000FD51, 0x0000FD53, 0x0000FD54, 0x0000FF56,
  0x0000FF57, 0x0000FF59, 0x0000FF5A, 0x0001015C, 0x0001015E, 0x00010160, 0x00010362, 0x00010364, 0x00010366, 0x00010568,
  0x0001056B, 0x0001076F, 0x00010973, 0x00010B7A, 0x00010C84, 0x0001088C, 0x00010890, 0x00010694, 0x00010696, 0x00010499,
  0x0001049B, 0x0001029D, 0x0001029F, 0x000102A1, 0x000100A3, 0x000100A5, 0x000100A6, 0x000100A8, 0x0000FEA9, 0x0000FEAB,
  0x0000FEAC, 0x0000FEAE, 0x0000FEAF, 0x0000FCB0, 0x0000FCB2, 0x0000FCB3, 0x0000FCB4, 0x0000FCB5, 0x0000FCB6, 0x0000FAB8,
  0x0000FAB9, 0x0000FABA, 0x0000FABB, 0x0000FABC, 0x0000FABD, 0x0000FABE, 0x0000F8BF, 0x0000F8C0, 0x0000F8C1, 0x0000F8C2,
  0x0000F8C3, 0x0000F8C4, 0x0000F8C5, 0x0000F8C6, 0x0000F6C7, 0x0000F6C8, 0x0000F6C9, 0x0000F6CA, 0x0000F6CB, 0x0000F6CC,
  0x0000F6CD, 0x0000F6CD, 0x0000F6CE, 0x0000F6CF, 0x0000F6D0, 0x0000F4D1, 0x0000F4D2, 0x0000F4D3, 0x0000F4D3, 0x0000F4D4,
  0x0000F4D5, 0x0000F4D6, 0x0000F4D7, 0x0000F4D8, 0x0000F4D8, 0x0000F4D9, 0x0000F4DA, 0x0000F4DB, 0x0000F4DC, 0x0000F2DD,
  0x0000F2DD, 0x0000F2DE, 0x0000F2DF, 0x0000F2E0, 0x0000F2E0, 0x0000F2E1, 0x0000F2E2, 0x0000F2E3, 0x0000F2E4, 0x0000F2E4,
  0x0000F2E5, 0x0000F2E6, 0x0000F2E7, 0x0000F2E7, 0x0000F2E8, 0x0000F2E9, 0x0000F2EA, 0x0000F2EA, 0x0000F2EB, 0x0000F2EC,
  0x0000F2ED, 0x0000F2ED, 0x0000F2EE, 0x0000F0EF, 0x0000F0F0, 0x0000F0F0, 0x0000F0F1, 0x0000F0F2, 0x0000F0F3, 0x0000F0F3,
  0x0000F0F4, 0x0000F0F5, 0x0000F0F6, 0x0000F0F6, 0x0000F0F7, 0x0000F0F8, 0x0000F0F9, 0x0000F0F9, 0x0000F0FA, 0x0000F0FB,
  0x0000F0FB, 0x0000F0FC, 0x0000F0FD, 0x0000F0FE, 0x0000F0FE, 0x0000F0FF, 0x0000F100, 0x0000F101, 0x0000F101, 0x0000F102,
  0x0000F103, 0x0000F104, 0x0000F104, 0x0000F105, 0x0000F106, 0x0000F106, 0x0000F107, 0x0000F108, 0x0000F109, 0x0000F109,
  0x0000F10A, 0x0000F10B, 0x0000F10C, 0x0000F10C, 0x0000F10D, 0x0000F10E, 0x0000F10F, 0x0000F10F, 0x0000F110, 0x0000F311,
  0x0000F312, 0x0000F312, 0x0000F313, 0x0000F314, 0x0000F315, 0x0000F315, 0x0000F316, 0x0000F317, 0x0000F318, 0x0000F318,
  0x0000F319, 0x0000F31A, 0x0000F31B, 0x0000F31B, 0x0000F31C, 0x0000F31D, 0x0000F31E, 0x0000F31F, 0x0000F31F, 0x0000F320,
  0x0000F321, 0x0000F322, 0x0000F322, 0x0000F523, 0x0000F524, 0x0000F525, 0x0000F526, 0x0000F527, 0x0000F527, 0x0000F528,
  0x0000F529, 0x0000F52A, 0x0000F52B, 0x0000F52C, 0x0000F52C, 0x0000F52D, 0x0000F52E, 0x0000F72F, 0x0000F730, 0x0000F731,
  0x0000F732, 0x0000F732, 0x0000F733, 0x0000F734, 0x0000F735, 0x0000F736, 0x0000F737, 0x0000F738, 0x0000F939, 0x0000F93A,
  0x0000F93B, 0x0000F93C, 0x0000F93D, 0x0000F93E, 0x0000F93F, 0x0000F940, 0x0000FB41, 0x0000FB42, 0x0000FB43, 0x0000FB44,
  0x0000FB45, 0x0000FB46, 0x0000FB47, 0x0000FD49, 0x0000FD4A, 0x0000FD4B, 0x0000FD4C, 0x0000FD4D, 0x0000FD4F, 0x0000FF50,
  0x0000FF51, 0x0000FF53, 0x0000FF54, 0x0000FF56, 0x00010157, 0x00010159, 0x0001015A, 0x0001015C, 0x0001035E, 0x00010360,
  0x00010362, 0x00010564, 0x00010566, 0x00010769, 0x0001076B, 0x0001096F, 0x00010973, 0x00010D7B, 0x00010E82, 0x00010A8C,
  0x00010890, 0x00010893, 0x00010696, 0x00010699, 0x0001049B, 0x0001049D, 0x0001049F, 0x000102A1, 0x000102A3, 0x000102A5,
  0x000102A6, 0x000100A8, 0x000100A9, 0x000100AB, 0x000100AC, 0x000100AE, 0x0000FEAF, 0x0000FEB0, 0x0000FEB2, 0x0000FEB3,
  0x0000FEB4, 0x0000FCB5, 0x0000FCB6, 0x0000FCB8, 0x0000FCB9, 0x0000FCBA, 0x0000FCBB, 0x0000FCBC, 0x0000FABD, 0x0000FABE,
  0x0000FABF, 0x0000FAC0, 0x0000FAC1, 0x0000FAC2, 0x0000FAC3, 0x0000FAC4, 0x0000F8C5, 0x0000F8C6, 0x0000F8C7, 0x0000F8C8,
  0x0000F8C9, 0x0000F8CA, 0x0000F8CB, 0x0000F8CC, 0x0000F8CD, 0x0000F8CD, 0x0000F6CE, 0x0000F6CF, 0x0000F6D0, 0x0000F6D1,
  0x0000F6D2, 0x0000F6D3, 0x0000F6D3, 0x0000F6D4, 0x0000F6D5, 0x0000F6D6, 0x0000F6D7, 0x0000F6D8, 0x0000F6D8, 0x0000F4D9,
  0x0000F4DA, 0x0000F4DB, 0x0000F4DC, 0x0000F4DD, 0x0000F4DD, 0x0000F4DE, 0x0000F4DF, 0x0000F4E0, 0x0000F4E0, 0x0000F4E1,
  0x0000F4E2, 0x0000F4E3, 0x0000F4E4, 0x0000F4E4, 0x0000F4E5, 0x0000F4E6, 0x0000F4E7, 0x0000F4E7, 0x0000F4E8, 0x0000F2E9,
  0x0000F2EA, 0x0000F2EA, 0x0000F2EB, 0x0000F2EC, 0x0000F2ED, 0x0000F2ED, 0x0000F2EE, 0x0000F2EF, 0x0000F2F0, 0x0000F2F0,
  0x0000F2F1, 0x0000F2F2, 0x0000F2F3, 0x0000F2F3, 0x0000F2F4, 0x0000F2F5, 0x0000F2F6, 0x0000F2F6, 0x0000F2F7, 0x0000F2F8,
  0x0000F2F9, 0x0000F2F9, 0x0000F2FA, 0x0000F2FB, 0x0000F2FB, 0x0000F2FC, 0x0000F2FD, 0x0000F2FE, 0x0000F2FE, 0x0000F2FF,
  0x0000F300, 0x0000F301, 0x0000F301, 0x0000F302, 0x0000F303, 0x0000F304, 0x0000F304, 0x0000F305, 0x0000F306, 0x0000F306,
  0x0000F307, 0x0000F308, 0x0000F309, 0x0000F309, 0x0000F30A, 0x0000F30B, 0x0000F30C, 0x0000F30C, 0x0000F30D, 0x0000F30E,
  0x0000F30F, 0x0000F30F, 0x0000F310, 0x0000F311, 0x0000F312, 0x0000F312, 0x0000F313, 0x0000F314, 0x0000F315, 0x0000F315,
  0x0000F316, 0x0000F517, 0x0000F518, 0x0000F518, 0x0000F519, 0x0000F51A, 0x0000F51B, 0x0000F51B, 0x0000F51C, 0x0000F51D,
  0x0000F51E, 0x0000F51F, 0x0000F51F, 0x0000F520, 0x0000F521, 0x0000F522, 0x0000F522, 0x0000F523, 0x0000F524, 0x0000F525,
  0x0000F526, 0x0000F727, 0x0000F727, 0x0000F728, 0x0000F729, 0x0000F72A, 0x0000F72B, 0x0000F72C, 0x0000F72C, 0x0000F72D,
  0x0000F72E, 0x0000F72F, 0x0000F730, 0x0000F731, 0x0000F932, 0x0000F932, 0x0000F933, 0x0000F934, 0x0000F935, 0x0000F936,
  0x0000F937, 0x0000F938, 0x0000F939, 0x0000F93A, 0x0000FB3B, 0x0000FB3C, 0x0000FB3D, 0x0000FB3E, 0x0000FB3F, 0x0000FB40,
  0x0000FB41, 0x0000FB42, 0x0000FD43, 0x0000FD44, 0x0000FD45, 0x0000FD46, 0x0000FD47, 0x0000FD49, 0x0000FD4A, 0x0000FF4B,
  0x0000FF4C, 0x0000FF4D, 0x0000FF4F, 0x0000FF50, 0x00010151, 0x00010153, 0x00010154, 0x00010156, 0x00010157, 0x00010359,
  0x0001035A, 0x0001035C, 0x0001035E, 0x00010560, 0x00010562, 0x00010564, 0x00010766, 0x00010769, 0x0001096C, 0x0001096F,
  0x00010B73, 0x00010F7D, 0x00000000, 0x00010C8B, 0x00010A90, 0x00010A93, 0x00010896, 0x00010899, 0x0001069B, 0x0001069D,
  0x0001069F, 0x000104A1, 0x000104A3, 0x000104A5, 0x000102A6, 0x000102A8, 0x000102A9, 0x000102AB, 0x000100AC, 0x000100AE,
  0x000100AF, 0x000100B0, 0x000100B2, 0x000100B3, 0x0000FEB4, 0x0000FEB5, 0x0000FEB6, 0x0000FEB8, 0x0000FEB9, 0x0000FEBA,
  0x0000FCBB, 0x0000FCBC, 0x0000FCBD, 0x0000FCBE, 0x0000FCBF, 0x0000FCC0, 0x0000FCC1, 0x0000FCC2, 0x0000FAC3, 0x0000FAC4,
  0x0000FAC5, 0x0000FAC6, 0x0000FAC7, 0x0000FAC8, 0x0000FAC9, 0x0000FACA, 0x0000FACB, 0x0000F8CC, 0x0000F8CD, 0x0000F8CD,
  0x0000F8CE, 0x0000F8CF, 0x0000F8D0, 0x0000F8D1, 0x0000F8D2, 0x0000F8D3, 0x0000F8D4, 0x0000F8D4, 0x0000F8D5, 0x0000F6D6,
  0x0000F6D7, 0x0000F6D8, 0x0000F6D9, 0x0000F6D9, 0x0000F6DA, 0x0000F6DB, 0x0000F6DC, 0x0000F6DD, 0x0000F6DD, 0x0000F6DE,
  0x0000F6DF, 0x0000F6E0, 0x0000F6E1, 0x0000F6E1, 0x0000F6E2, 0x0000F6E3, 0x0000F4E4, 0x0000F4E4, 0x0000F4E5, 0x0000F4E6,
  0x0000F4E7, 0x0000F4E7, 0x0000F4E8, 0x0000F4E9, 0x0000F4EA, 0x0000F4EA, 0x0000F4EB, 0x0000F4EC, 0x0000F4ED, 0x0000F4ED,
  0x0000F4EE, 0x0000F4EF, 0x0000F4F0, 0x0000F4F0, 0x0000F4F1, 0x0000F4F2, 0x0000F4F3, 0x0000F4F3, 0x0000F4F4, 0x0000F4F5,
  0x0000F4F6, 0x0000F4F6, 0x0000F4F7, 0x0000F4F8, 0x0000F4F9, 0x0000F4F9, 0x0000F4FA, 0x0000F4FB, 0x0000F4FB, 0x0000F4FC,
  0x0000F4FD, 0x0000F4FE, 0x0000F4FE, 0x0000F4FF, 0x0000F500, 0x0000F501, 0x0000F501, 0x0000F502, 0x0000F503, 0x0000F504,
  0x0000F504, 0x0000F505, 0x0000F506, 0x0000F506, 0x0000F507, 0x0000F508, 0x0000F509, 0x0000F509, 0x0000F50A, 0x0000F50B,
  0x0000F50C, 0x0000F50C, 0x0000F50D, 0x0000F50E, 0x0000F50F, 0x0000F50F, 0x0000F510, 0x0000F511, 0x0000F512, 0x0000F512,
  0x0000F513, 0x0000F514, 0x0000F515, 0x0000F515, 0x0000F516, 0x0000F517, 0x0000F518, 0x0000F518, 0x0000F519, 0x0000F51A,
  0x0000F51B, 0x0000F51B, 0x0000F71C, 0x0000F71D, 0x0000F71E, 0x0000F71E, 0x0000F71F, 0x0000F720, 0x0000F721, 0x0000F722,
  0x0000F722, 0x0000F723, 0x0000F724, 0x0000F725, 0x0000F726, 0x0000F726, 0x0000F727, 0x0000F728, 0x0000F729, 0x0000F92A,
  0x0000F92B, 0x0000F92B, 0x0000F92C, 0x0000F92D, 0x0000F92E, 0x0000F92F, 0x0000F930, 0x0000F931, 0x0000F932, 0x0000F932,
  0x0000F933, 0x0000FB34, 0x0000FB35, 0x0000FB36, 0x0000FB37, 0x0000FB38, 0x0000FB39, 0x0000FB3A, 0x0000FB3B, 0x0000FB3C,
  0x0000FD3D, 0x0000FD3E, 0x0000FD3F, 0x0000FD40, 0x0000FD41, 0x0000FD42, 0x0000FD43, 0x0000FD44, 0x0000FF45, 0x0000FF46,
  0x0000FF47, 0x0000FF49, 0x0000FF4A, 0x0000FF4B, 0x0001014C, 0x0001014D, 0x0001014F, 0x00010150, 0x00010151, 0x00010153,
  0x00010354, 0x00010356, 0x00010357, 0x00010359, 0x0001055A, 0x0001055C, 0x0001055E, 0x00010760, 0x00010762, 0x00010764,
  0x00010966, 0x00010969, 0x00010B6C, 0x00010B6F, 0x00010D74, 0x00000000, 0x00000000, 0x00010E8B, 0x00010C90, 0x00010A93,
  0x00010A96, 0x00010899, 0x0001089B, 0x0001089D, 0x0001069F, 0x000106A1, 0x000106A3, 0x000104A5, 0x000104A6, 0x000104A8,
  0x000104A9, 0x000102AB, 0x000102AC, 0x000102AE, 0x000102AF, 0x000102B0, 0x000100B2, 0x000100B3, 0x000100B4, 0x000100B5,
  0x000100B6, 0x000100B8, 0x0000FEB9, 0x0000FEBA, 0x0000FEBB, 0x0000FEBC, 0x0000FEBD, 0x0000FEBE, 0x0000FEBF, 0x0000FCC0,
  0x0000FCC1, 0x0000FCC2, 0x0000FCC3, 0x0000FCC4, 0x0000FCC5, 0x0000FCC6, 0x0000FCC7, 0x0000FCC8, 0x0000FAC9, 0x0000FACA,
  0x0000FACB, 0x0000FACC, 0x0000FACD, 0x0000FACD, 0x0000FACE, 0x0000FACF, 0x0000FAD0, 0x0000FAD1, 0x0000FAD2, 0x0000F8D3,
  0x0000F8D4, 0x0000F8D4, 0x0000F8D5, 0x0000F8D6, 0x0000F8D7, 0x0000F8D8, 0x0000F8D9, 0x0000F8D9, 0x0000F8DA, 0x0000F8DB,
  0x0000F8DC, 0x0000F8DD, 0x0000F8DD, 0x0000F8DE, 0x0000F8DF, 0x0000F6E0, 0x0000F6E1, 0x0000F6E1, 0x0000F6E2, 0x0000F6E3,
  0x0000F6E4, 0x0000F6E4, 0x0000F6E5, 0x0000F6E6, 0x0000F6E7, 0x0000F6E7, 0x0000F6E8, 0x0000F6E9, 0x0000F6EA, 0x0000F6EA,
  0x0000F6EB, 0x0000F6EC, 0x0000F6ED, 0x0000F6ED, 0x0000F6EE, 0x0000F6EF, 0x0000F6F0, 0x0000F6F0, 0x0000F6F1, 0x0000F6F2,
  0x0000F6F3, 0x0000F6F3, 0x0000F6F4, 0x0000F6F5, 0x0000F4F6, 0x0000F4F6, 0x0000F4F7, 0x0000F4F8, 0x0000F4F9, 0x0000F4F9,
  0x0000F4FA, 0x0000F4FB, 0x0000F4FB, 0x0000F4FC, 0x0000F4FD, 0x0000F4FE, 0x0000F4FE, 0x0000F4FF, 0x0000F500, 0x0000F501,
  0x0000F501, 0x0000F502, 0x0000F503, 0x0000F504, 0x0000F504, 0x0000F505, 0x0000F506, 0x0000F506, 0x0000F507, 0x0000F508,
  0x0000F509, 0x0000F509, 0x0000F70A, 0x0000F70B, 0x0000F70C, 0x0000F70C, 0x0000F70D, 0x0000F70E, 0x0000F70F, 0x0000F70F,
  0x0000F710, 0x0000F711, 0x0000F712, 0x0000F712, 0x0000F713, 0x0000F714, 0x0000F715, 0x0000F715, 0x0000F716, 0x0000F717,
  0x0000F718, 0x0000F718, 0x0000F719, 0x0000F71A, 0x0000F71B, 0x0000F71B, 0x0000F71C, 0x0000F71D, 0x0000F71E, 0x0000F71E,
  0x0000F71F, 0x0000F920, 0x0000F921, 0x0000F922, 0x0000F922, 0x0000F923, 0x0000F924, 0x0000F925, 0x0000F926, 0x0000F926,
  0x0000F927, 0x0000F928, 0x0000F929, 0x0000F92A, 0x0000F92B, 0x0000F92B, 0x0000F92C, 0x0000FB2D, 0x0000FB2E, 0x0000FB2F,
  0x0000FB30, 0x0000FB31, 0x0000FB32, 0x0000FB32, 0x0000FB33, 0x0000FB34, 0x0000FB35, 0x0000FB36, 0x0000FD37, 0x0000FD38,
  0x0000FD39, 0x0000FD3A, 0x0000FD3B, 0x0000FD3C, 0x0000FD3D, 0x0000FD3E, 0x0000FD3F, 0x0000FF40, 0x0000FF41, 0x0000FF42,
  0x0000FF43, 0x0000FF44, 0x0000FF45, 0x0000FF46, 0x00010147, 0x00010149, 0x0001014A, 0x0001014B, 0x0001014C, 0x0001014D,
  0x0001034F, 0x00010350, 0x00010351, 0x00010353, 0x00010354, 0x00010556, 0x00010557, 0x00010559, 0x0001055A, 0x0001075C,
  0x0001075E, 0x00010760, 0x00010962, 0x00010964, 0x00010966, 0x00010B69, 0x00010B6C, 0x00010D6F, 0x00010F74, 0x00000000,
  0x00000000, 0x0001108A, 0x00010E8F, 0x00010C93, 0x00010C96, 0x00010A99, 0x00010A9B, 0x0001089D, 0x0001089F, 0x000108A1,
  0x000106A3, 0x000106A5, 0x000106A6, 0x000106A8, 0x000104A9, 0x000104AB, 0x000104AC, 0x000104AE, 0x000104AF, 0x000102B0,
  0x000102B2, 0x000102B3, 0x000102B4, 0x000102B5, 0x000102B6, 0x000100B8, 0x000100B9, 0x000100BA, 0x000100BB, 0x000100BC,
  0x000100BD, 0x0000FEBE, 0x0000FEBF, 0x0000FEC0, 0x0000FEC1, 0x0000FEC2, 0x0000FEC3, 0x0000FEC4, 0x0000FEC5, 0x0000FEC6,
  0x0000FCC7, 0x0000FCC8, 0x0000FCC9, 0x0000FCCA, 0x0000FCCB, 0x0000FCCC, 0x0000FCCD, 0x0000FCCD, 0x0000FCCE, 0x0000FCCF,
  0x0000FAD0, 0x0000FAD1, 0x0000FAD2, 0x0000FAD3, 0x0000FAD4, 0x0000FAD4, 0x0000FAD5, 0x0000FAD6, 0x0000FAD7, 0x0000FAD8,
  0x0000FAD9, 0x0000FAD9, 0x0000FADA, 0x0000FADB, 0x0000F8DC, 0x0000F8DD, 0x0000F8DD, 0x0000F8DE, 0x0000F8DF, 0x0000F8E0,
  0x0000F8E1, 0x0000F8E1, 0x0000F8E2, 0x0000F8E3, 0x0000F8E4, 0x0000F8E4, 0x0000F8E5, 0x0000F8E6, 0x0000F8E7, 0x0000F8E7,
  0x0000F8E8, 0x0000F8E9, 0x0000F8EA, 0x0000F8EB, 0x0000F8EB, 0x0000F8EC, 0x0000F6ED, 0x0000F6EE, 0x0000F6EE, 0x0000F6EF,
  0x0000F6F0, 0x0000F6F0, 0x0000F6F1, 0x0000F6F2, 0x0000F6F3, 0x0000F6F3, 0x0000F6F4, 0x0000F6F5, 0x0000F6F6, 0x0000F6F6,
  0x0000F6F7, 0x0000F6F8, 0x0000F6F9, 0x0000F6F9, 0x0000F6FA, 0x0000F6FB, 0x0000F6FB, 0x0000F6FC, 0x0000F6FD, 0x0000F6FE,
  0x0000F6FE, 0x0000F6FF, 0x0000F700, 0x0000F701, 0x0000F701, 0x0000F702, 0x0000F703, 0x0000F704, 0x0000F704, 0x0000F705,
  0x0000F706, 0x0000F706, 0x0000F707, 0x0000F708, 0x0000F709, 0x0000F709, 0x0000F70A, 0x0000F70B, 0x0000F70C, 0x0000F70C,
  0x0000F70D, 0x0000F70E, 0x0000F70F, 0x0000F70F, 0x0000F710, 0x0000F711, 0x0000F711, 0x0000F712, 0x0000F913, 0x0000F914,
  0x0000F914, 0x0000F915, 0x0000F916, 0x0000F917, 0x0000F918, 0x0000F918, 0x0000F919, 0x0000F91A, 0x0000F91B, 0x0000F91B,
  0x0000F91C, 0x0000F91D, 0x0000F91E, 0x0000F91E, 0x0000F91F, 0x0000F920, 0x0000F921, 0x0000F922, 0x0000F922, 0x0000F923,
  0x0000FB24, 0x0000FB25, 0x0000FB26, 0x0000FB26, 0x0000FB27, 0x0000FB28, 0x0000FB29, 0x0000FB2A, 0x0000FB2B, 0x0000FB2B,
  0x0000FB2C, 0x0000FB2D, 0x0000FB2E, 0x0000FB2F, 0x0000FD30, 0x0000FD31, 0x0000FD32, 0x0000FD32, 0x0000FD33, 0x0000FD34,
  0x0000FD35, 0x0000FD36, 0x0000FD37, 0x0000FD38, 0x0000FF39, 0x0000FF3A, 0x0000FF3B, 0x0000FF3C, 0x0000FF3D, 0x0000FF3E,
  0x0000FF3F, 0x0000FF40, 0x0000FF41, 0x00010142, 0x00010143, 0x00010144, 0x00010145, 0x00010146, 0x00010147, 0x00010349,
  0x0001034A, 0x0001034B, 0x0001034C, 0x0001034D, 0x0001034F, 0x00010550, 0x00010551, 0x00010553, 0x00010554, 0x00010556,
  0x00010757, 0x00010759, 0x0001075A, 0x0001075C, 0x0001095E, 0x00010960, 0x00010962, 0x00010B64, 0x00010B66, 0x00010D69,
  0x00010D6C, 0x00010F70, 0x00011175, 0x00000000, 0x00000000, 0x00011289, 0x0001108F, 0x00010E93, 0x00010C96, 0x00010C98,
  0x00010C9B, 0x00010A9D, 0x00010A9F, 0x000108A1, 0x000108A3, 0x000108A5, 0x000108A6, 0x000106A8, 0x000106A9, 0x000106AB,
  0x000106AC, 0x000106AE, 0x000104AF, 0x000104B0, 0x000104B2, 0x000104B3, 0x000104B4, 0x000102B5, 0x000102B6, 0x000102B8,
  0x000102B9, 0x000102BA, 0x000102BB, 0x000100BC, 0x000100BD, 0x000100BE, 0x000100BF, 0x000100C0, 0x000100C1, 0x000100C2,
  0x000100C3, 0x0000FEC4, 0x0000FEC5, 0x0000FEC6, 0x0000FEC7, 0x0000FEC8, 0x0000FEC9, 0x0000FECA, 0x0000FECB, 0x0000FECC,
  0x0000FECD, 0x0000FCCD, 0x0000FCCE, 0x0000FCCF, 0x0000FCD0, 0x0000FCD1, 0x0000FCD2, 0x0000FCD3, 0x0000FCD4, 0x0000FCD4,
  0x0000FCD5, 0x0000FCD6, 0x0000FCD7, 0x0000FCD8, 0x0000FAD9, 0x0000FAD9, 0x0000FADA, 0x0000FADB, 0x0000FADC, 0x0000FADD,
  0x0000FADD, 0x0000FADE, 0x0000FADF, 0x0000FAE0, 0x0000FAE1, 0x0000FAE1, 0x0000FAE2, 0x0000FAE3, 0x0000FAE4, 0x0000FAE4,
  0x0000FAE5, 0x0000FAE6, 0x0000FAE7, 0x0000F8E7, 0x0000F8E8, 0x0000F8E9, 0x0000F8EA, 0x0000F8EB, 0x0000F8EB, 0x0000F8EC,
  0x0000F8ED, 0x0000F8EE, 0x0000F8EE, 0x0000F8EF, 0x0000F8F0, 0x0000F8F0, 0x0000F8F1, 0x0000F8F2, 0x0000F8F3, 0x0000F8F3,
  0x0000F8F4, 0x0000F8F5, 0x0000F8F6, 0x0000F8F6, 0x0000F8F7, 0x0000F8F8, 0x0000F8F9, 0x0000F8F9, 0x0000F8FA, 0x0000F8FB,
  0x0000F8FB, 0x0000F8FC, 0x0000F8FD, 0x0000F8FE, 0x0000F8FE, 0x0000F8FF, 0x0000F900, 0x0000F901, 0x0000F901, 0x0000F902,
  0x0000F903, 0x0000F904, 0x0000F904, 0x0000F905, 0x0000F906, 0x0000F906, 0x0000F907, 0x0000F908, 0x0000F909, 0x0000F909,
  0x0000F90A, 0x0000F90B, 0x0000F90C, 0x0000F90C, 0x0000F90D, 0x0000F90E, 0x0000F90F, 0x0000F90F, 0x0000F910, 0x0000F911,
  0x0000F911, 0x0000F912, 0x0000F913, 0x0000F914, 0x0000F914, 0x0000F915, 0x0000F916, 0x0000F917, 0x0000F918, 0x0000FB18,
  0x0000FB19, 0x0000FB1A, 0x0000FB1B, 0x0000FB1B, 0x0000FB1C, 0x0000FB1D, 0x0000FB1E, 0x0000FB1E, 0x0000FB1F, 0x0000FB20,
  0x0000FB21, 0x0000FB22, 0x0000FB22, 0x0000FB23, 0x0000FB24, 0x0000FB25, 0x0000FB26, 0x0000FB26, 0x0000FD27, 0x0000FD28,
  0x0000FD29, 0x0000FD2A, 0x0000FD2B, 0x0000FD2B, 0x0000FD2C, 0x0000FD2D, 0x0000FD2E, 0x0000FD2F, 0x0000FD30, 0x0000FD31,
  0x0000FD32, 0x0000FF32, 0x0000FF33, 0x0000FF34, 0x0000FF35, 0x0000FF36, 0x0000FF37, 0x0000FF38, 0x0000FF39, 0x0000FF3A,
  0x0000FF3B, 0x0001013C, 0x0001013D, 0x0001013E, 0x0001013F, 0x00010140, 0x00010141, 0x00010142, 0x00010143, 0x00010344,
  0x00010345, 0x00010346, 0x00010347, 0x00010349, 0x0001034A, 0x0001054B, 0x0001054C, 0x0001054D, 0x0001054F, 0x00010550,
  0x00010751, 0x00010753, 0x00010754, 0x00010756, 0x00010757, 0x00010959, 0x0001095A, 0x0001095C, 0x0001095E, 0x00010B60,
  0x00010B62, 0x00010D64, 0x00010D67, 0x00010D69, 0x00010F6C, 0x00011170, 0x00011376, 0x00000000, 0x00000000, 0x00011288,
  0x0001108E, 0x00011092, 0x00010E95, 0x00010E98, 0x00010C9B, 0x00010C9D, 0x00010C9F, 0x00010AA1, 0x00010AA3, 0x00010AA4,
  0x000108A6, 0x000108A8, 0x000108A9, 0x000108AB, 0x000106AC, 0x000106AE, 0x000106AF, 0x000106B0, 0x000106B1, 0x000106B3,
  0x000104B4, 0x000104B5, 0x000104B6, 0x000104B8, 0x000104B9, 0x000104BA, 0x000102BB, 0x000102BC, 0x000102BD, 0x000102BE,
  0x000102BF, 0x000102C0, 0x000102C1, 0x000100C2, 0x000100C3, 0x000100C4, 0x000100C5, 0x000100C6, 0x000100C7, 0x000100C8,
  0x000100C9, 0x000100CA, 0x0000FECB, 0x0000FECC, 0x0000FECD, 0x0000FECD, 0x0000FECE, 0x0000FECF, 0x0000FED0, 0x0000FED1,
  0x0000FED2, 0x0000FED3, 0x0000FED4, 0x0000FED4, 0x0000FCD5, 0x0000FCD6, 0x0000FCD7, 0x0000FCD8, 0x0000FCD9, 0x0000FCD9,
  0x0000FCDA, 0x0000FCDB, 0x0000FCDC, 0x0000FCDD, 0x0000FCDD, 0x0000FCDE, 0x0000FCDF, 0x0000FCE0, 0x0000FCE1, 0x0000FCE1,
  0x0000FCE2, 0x0000FAE3, 0x0000FAE4, 0x0000FAE4, 0x0000FAE5, 0x0000FAE6, 0x0000FAE7, 0x0000FAE7, 0x0000FAE8, 0x0000FAE9,
  0x0000FAEA, 0x0000FAEB, 0x0000FAEB, 0x0000FAEC, 0x0000FAED, 0x0000FAEE, 0x0000FAEE, 0x0000FAEF, 0x0000FAF0, 0x0000FAF0,
  0x0000FAF1, 0x0000FAF2, 0x0000FAF3, 0x0000FAF3, 0x0000FAF4, 0x0000FAF5, 0x0000FAF6, 0x0000FAF6, 0x0000FAF7, 0x0000FAF8,
  0x0000FAF9, 0x0000FAF9, 0x0000FAFA, 0x0000FAFB, 0x0000FAFB, 0x0000FAFC, 0x0000FAFD, 0x0000FAFE, 0x0000FAFE, 0x0000FAFF,
  0x0000FB00, 0x0000FB01, 0x0000FB01, 0x0000FB02, 0x0000FB03, 0x0000FB04, 0x0000FB04, 0x0000FB05, 0x0000FB06, 0x0000FB06,
  0x0000FB07, 0x0000FB08, 0x0000FB09, 0x0000FB09, 0x0000FB0A, 0x0000FB0B, 0x0000FB0C, 0x0000FB0C, 0x0000FB0D, 0x0000FB0E,
  0x0000FB0F, 0x0000FB0F, 0x0000FB10, 0x0000FB11, 0x0000FB11, 0x0000FB12, 0x0000FB13, 0x0000FB14, 0x0000FB14, 0x0000FB15,
  0x0000FB16, 0x0000FB17, 0x0000FB18, 0x0000FB18, 0x0000FB19, 0x0000FB1A, 0x0000FB1B, 0x0000FB1B, 0x0000FB1C, 0x0000FD1D,
  0x0000FD1E, 0x0000FD1E, 0x0000FD1F, 0x0000FD20, 0x0000FD21, 0x0000FD22, 0x0000FD22, 0x0000FD23, 0x0000FD24, 0x0000FD25,
  0x0000FD26, 0x0000FD26, 0x0000FD27, 0x0000FD28, 0x0000FD29, 0x0000FD2A, 0x0000FF2B, 0x0000FF2B, 0x0000FF2C, 0x0000FF2D,
  0x0000FF2E, 0x0000FF2F, 0x0000FF30, 0x0000FF31, 0x0000FF32, 0x0000FF32, 0x0000FF33, 0x0000FF34, 0x00010135, 0x00010136,
  0x00010137, 0x00010138, 0x00010139, 0x0001013A, 0x0001013B, 0x0001013C, 0x0001013D, 0x0001033E, 0x0001033F, 0x00010340,
  0x00010341, 0x00010342, 0x00010343, 0x00010344, 0x00010545, 0x00010546, 0x00010547, 0x00010549, 0x0001054A, 0x0001054B,
  0x0001074C, 0x0001074E, 0x0001074F, 0x00010750, 0x00010751, 0x00010753, 0x00010954, 0x00010956, 0x00010957, 0x00010959,
  0x00010B5B, 0x00010B5C, 0x00010B5E, 0x00010D60, 0x00010D62, 0x00010D64, 0x00010F67, 0x00010F6A, 0x0001116D, 0x00011171,
  0x00011377, 0x00000000, 0x00000000, 0x00011487, 0x0001128E, 0x00011292, 0x00011095, 0x00010E98, 0x00010E9A, 0x00010E9D,
  0x00010C9F, 0x00010CA1, 0x00010CA3, 0x00010AA4, 0x00010AA6, 0x00010AA8, 0x00010AA9, 0x000108AB, 0x000108AC, 0x000108AD,
  0x000108AF, 0x000108B0, 0x000106B1, 0x000106B3, 0x000106B4, 0x000106B5, 0x000106B6, 0x000106B8, 0x000104B9, 0x000104BA,
  0x000104BB, 0x000104BC, 0x000104BD, 0x000104BE, 0x000104BF, 0x000102C0, 0x000102C1, 0x000102C2, 0x000102C3, 0x000102C4,
  0x000102C5, 0x000102C6, 0x000102C7, 0x000102C8, 0x000100C9, 0x000100CA, 0x000100CB, 0x000100CC, 0x000100CD, 0x000100CD,
  0x000100CE, 0x000100CF, 0x000100D0, 0x000100D1, 0x000100D2, 0x0000FED3, 0x0000FED4, 0x0000FED4, 0x0000FED5, 0x0000FED6,
  0x0000FED7, 0x0000FED8, 0x0000FED9, 0x0000FED9, 0x0000FEDA, 0x0000FEDB, 0x0000FEDC, 0x0000FEDD, 0x0000FEDD, 0x0000FEDE,
  0x0000FCDF, 0x0000FCE0, 0x0000FCE1, 0x0000FCE1, 0x0000FCE2, 0x0000FCE3, 0x0000FCE4, 0x0000FCE4, 0x0000FCE5, 0x0000FCE6,
  0x0000FCE7, 0x0000FCE8, 0x0000FCE8, 0x0000FCE9, 0x0000FCEA, 0x0000FCEB, 0x0000FCEB, 0x0000FCEC, 0x0000FCED, 0x0000FCEE,
  0x0000FCEE, 0x0000FCEF, 0x0000FCF0, 0x0000FCF0, 0x0000FCF1, 0x0000FCF2, 0x0000FCF3, 0x0000FAF3, 0x0000FAF4, 0x0000FAF5,
  0x0000FAF6, 0x0000FAF6, 0x0000FAF7, 0x0000FAF8, 0x0000FAF9, 0x0000FAF9, 0x0000FAFA, 0x0000FAFB, 0x0000FAFB, 0x0000FAFC,
  0x0000FAFD, 0x0000FAFE, 0x0000FAFE, 0x0000FAFF, 0x0000FB00, 0x0000FB01, 0x0000FB01, 0x0000FB02, 0x0000FB03, 0x0000FB04,
  0x0000FB04, 0x0000FB05, 0x0000FB06, 0x0000FB06, 0x0000FB07, 0x0000FB08, 0x0000FB09, 0x0000FB09, 0x0000FB0A, 0x0000FB0B,
  0x0000FB0C, 0x0000FD0C, 0x0000FD0D, 0x0000FD0E, 0x0000FD0F, 0x0000FD0F, 0x0000FD10, 0x0000FD11, 0x0000FD11, 0x0000FD12,
  0x0000FD13, 0x0000FD14, 0x0000FD14, 0x0000FD15, 0x0000FD16, 0x0000FD17, 0x0000FD17, 0x0000FD18, 0x0000FD19, 0x0000FD1A,
  0x0000FD1B, 0x0000FD1B, 0x0000FD1C, 0x0000FD1D, 0x0000FD1E, 0x0000FD1E, 0x0000FD1F, 0x0000FD20, 0x0000FF21, 0x0000FF22,
  0x0000FF22, 0x0000FF23, 0x0000FF24, 0x0000FF25, 0x0000FF26, 0x0000FF26, 0x0000FF27, 0x0000FF28, 0x0000FF29, 0x0000FF2A,
  0x0000FF2B, 0x0000FF2B, 0x0000FF2C, 0x0001012D, 0x0001012E, 0x0001012F, 0x00010130, 0x00010131, 0x00010132, 0x00010132,
  0x00010133, 0x00010134, 0x00010135, 0x00010136, 0x00010337, 0x00010338, 0x00010339, 0x0001033A, 0x0001033B, 0x0001033C,
  0x0001033D, 0x0001033E, 0x0001033F, 0x00010540, 0x00010541, 0x00010542, 0x00010543, 0x00010544, 0x00010545, 0x00010546,
  0x00010747, 0x00010749, 0x0001074A, 0x0001074B, 0x0001074C, 0x0001074E, 0x0001094F, 0x00010950, 0x00010952, 0x00010953,
  0x00010954, 0x00010B56, 0x00010B57, 0x00010B59, 0x00010B5B, 0x00010D5C, 0x00010D5E, 0x00010D60, 0x00010F62, 0x00010F65,
  0x00010F67, 0x0001116A, 0x0001136D, 0x00011371, 0x00011578, 0x00000000, 0x00000000, 0x00011686, 0x0001148D, 0x00011291,
  0x00011295, 0x00011098, 0x0001109A, 0x00010E9C, 0x00010E9F, 0x00010EA1, 0x00010CA2, 0x00010CA4, 0x00010CA6, 0x00010CA7,
  0x00010AA9, 0x00010AAB, 0x00010AAC, 0x00010AAD, 0x00010AAF, 0x000108B0, 0x000108B1, 0x000108B3, 0x000108B4, 0x000108B5,
  0x000106B6, 0x000106B7, 0x000106B9, 0x000106BA, 0x000106BB, 0x000106BC, 0x000106BD, 0x000104BE, 0x000104BF, 0x000104C0,
  0x000104C1, 0x000104C2, 0x000104C3, 0x000104C4, 0x000104C5, 0x000102C6, 0x000102C7, 0x000102C8, 0x000102C9, 0x000102CA,
  0x000102CB, 0x000102CC, 0x000102CD, 0x000102CD, 0x000102CE, 0x000102CF, 0x000100D0, 0x000100D1, 0x000100D2, 0x000100D3,
  0x000100D4, 0x000100D4, 0x000100D5, 0x000100D6, 0x000100D7, 0x000100D8, 0x000100D9, 0x000100D9, 0x000100DA, 0x0000FEDB,
  0x0000FEDC, 0x0000FEDD, 0x0000FEDD, 0x0000FEDE, 0x0000FEDF, 0x0000FEE0, 0x0000FEE1, 0x0000FEE1, 0x0000FEE2, 0x0000FEE3,
  0x0000FEE4, 0x0000FEE4, 0x0000FEE5, 0x0000FEE6, 0x0000FEE7, 0x0000FEE8, 0x0000FEE8, 0x0000FEE9, 0x0000FEEA, 0x0000FEEB,
  0x0000FEEB, 0x0000FCEC, 0x0000FCED, 0x0000FCEE, 0x0000FCEE, 0x0000FCEF, 0x0000FCF0, 0x0000FCF0, 0x0000FCF1, 0x0000FCF2,
  0x0000FCF3, 0x0000FCF3, 0x0000FCF4, 0x0000FCF5, 0x0000FCF6, 0x0000FCF6, 0x0000FCF7, 0x0000FCF8, 0x0000FCF9, 0x0000FCF9,
  0x0000FCFA, 0x0000FCFB, 0x0000FCFB, 0x0000FCFC, 0x0000FCFD, 0x0000FCFE, 0x0000FCFE, 0x0000FCFF, 0x0000FD00, 0x0000FD01,
  0x0000FD01, 0x0000FD02, 0x0000FD03, 0x0000FD04, 0x0000FD04, 0x0000FD05, 0x0000FD06, 0x0000FD06, 0x0000FD07, 0x0000FD08,
  0x0000FD09, 0x0000FD09, 0x0000FD0A, 0x0000FD0B, 0x0000FD0C, 0x0000FD0C, 0x0000FD0D, 0x0000FD0E, 0x0000FD0F, 0x0000FD0F,
  0x0000FD10, 0x0000FD11, 0x0000FD11, 0x0000FD12, 0x0000FD13, 0x0000FF14, 0x0000FF14, 0x0000FF15, 0x0000FF16, 0x0000FF17,
  0x0000FF17, 0x0000FF18, 0x0000FF19, 0x0000FF1A, 0x0000FF1B, 0x0000FF1B, 0x0000FF1C, 0x0000FF1D, 0x0000FF1E, 0x0000FF1E,
  0x0000FF1F, 0x0000FF20, 0x0000FF21, 0x0000FF22, 0x0000FF22, 0x0000FF23, 0x0000FF24, 0x00010125, 0x00010126, 0x00010126,
  0x00010127, 0x00010128, 0x00010129, 0x0001012A, 0x0001012B, 0x0001012B, 0x0001012C, 0x0001012D, 0x0001012E, 0x0001012F,
  0x00010330, 0x00010331, 0x00010332, 0x00010332, 0x00010333, 0x00010334, 0x00010335, 0x00010336, 0x00010337, 0x00010338,
  0x00010339, 0x0001053A, 0x0001053B, 0x0001053C, 0x0001053D, 0x0001053E, 0x0001053F, 0x00010540, 0x00010541, 0x00010742,
  0x00010743, 0x00010744, 0x00010745, 0x00010746, 0x00010748, 0x00010749, 0x0001094A, 0x0001094B, 0x0001094C, 0x0001094E,
  0x0001094F, 0x00010B50, 0x00010B52, 0x00010B53, 0x00010B54, 0x00010B56, 0x00010D58, 0x00010D59, 0x00010D5B, 0x00010D5D,
  0x00010F5E, 0x00010F60, 0x00010F63, 0x00011165, 0x00011167, 0x0001136A, 0x0001136E, 0x00011572, 0x00011779, 0x00000000,
  0x00000000, 0x00000000, 0x0001168C, 0x00011491, 0x00011494, 0x00011297, 0x0001129A, 0x0001109C, 0x0001109E, 0x000110A0,
  0x00010EA2, 0x00010EA4, 0x00010EA6, 0x00010CA7, 0x00010CA9, 0x00010CAA, 0x00010CAC, 0x00010CAD, 0x00010AAF, 0x00010AB0,
  0x00010AB1, 0x00010AB3, 0x00010AB4, 0x000108B5, 0x000108B6, 0x000108B7, 0x000108B9, 0x000108BA, 0x000108BB, 0x000106BC,
  0x000106BD, 0x000106BE, 0x000106BF, 0x000106C0, 0x000106C1, 0x000106C2, 0x000106C3, 0x000104C4, 0x000104C5, 0x000104C6,
  0x000104C7, 0x000104C8, 0x000104C9, 0x000104CA, 0x000104CB, 0x000104CC, 0x000104CD, 0x000102CD, 0x000102CE, 0x000102CF,
  0x000102D0, 0x000102D1, 0x000102D2, 0x000102D3, 0x000102D4, 0x000102D4, 0x000102D5, 0x000102D6, 0x000102D7, 0x000100D8,
  0x000100D9, 0x000100D9, 0x000100DA, 0x000100DB, 0x000100DC, 0x000100DD, 0x000100DD, 0x000100DE, 0x000100DF, 0x000100E0,
  0x000100E1, 0x000100E1, 0x000100E2, 0x000100E3, 0x000100E4, 0x000100E4, 0x000100E5, 0x0000FEE6, 0x0000FEE7, 0x0000FEE8,
  0x0000FEE8, 0x0000FEE9, 0x0000FEEA, 0x0000FEEB, 0x0000FEEB, 0x0000FEEC, 0x0000FEED, 0x0000FEEE, 0x0000FEEE, 0x0000FEEF,
  0x0000FEF0, 0x0000FEF1, 0x0000FEF1, 0x0000FEF2, 0x0000FEF3, 0x0000FEF3, 0x0000FEF4, 0x0000FEF5, 0x0000FEF6, 0x0000FEF6,
  0x0000FEF7, 0x0000FEF8, 0x0000FEF9, 0x0000FEF9, 0x0000FEFA, 0x0000FEFB, 0x0000FEFB, 0x0000FEFC, 0x0000FEFD, 0x0000FEFE,
  0x0000FEFE, 0x0000FEFF, 0x0000FF00, 0x0000FF01, 0x0000FF01, 0x0000FF02, 0x0000FF03, 0x0000FF04, 0x0000FF04, 0x0000FF05,
  0x0000FF06, 0x0000FF06, 0x0000FF07, 0x0000FF08, 0x0000FF09, 0x0000FF09, 0x0000FF0A, 0x0000FF0B, 0x0000FF0C, 0x0000FF0C,
  0x0000FF0D, 0x0000FF0E, 0x0000FF0E, 0x0000FF0F, 0x0000FF10, 0x0000FF11, 0x0000FF11, 0x0000FF12, 0x0000FF13, 0x0000FF14,
  0x0000FF14, 0x0000FF15, 0x0000FF16, 0x0000FF17, 0x0000FF17, 0x0000FF18, 0x0000FF19, 0x0001011A, 0x0001011B, 0x0001011B,
  0x0001011C, 0x0001011D, 0x0001011E, 0x0001011E, 0x0001011F, 0x00010120, 0x00010121, 0x00010122, 0x00010122, 0x00010123,
  0x00010124, 0x00010125, 0x00010126, 0x00010126, 0x00010127, 0x00010328, 0x00010329, 0x0001032A, 0x0001032B, 0x0001032B,
  0x0001032C, 0x0001032D, 0x0001032E, 0x0001032F, 0x00010330, 0x00010331, 0x00010332, 0x00010532, 0x00010533, 0x00010534,
  0x00010535, 0x00010536, 0x00010537, 0x00010538, 0x00010539, 0x0001053A, 0x0001053B, 0x0001073C, 0x0001073D, 0x0001073E,
  0x0001073F, 0x00010740, 0x00010741, 0x00010742, 0x00010743, 0x00010944, 0x00010945, 0x00010946, 0x00010948, 0x00010949,
  0x0001094A, 0x00010B4B, 0x00010B4C, 0x00010B4E, 0x00010B4F, 0x00010B50, 0x00010D52, 0x00010D53, 0x00010D55, 0x00010D56,
  0x00010D58, 0x00010F59, 0x00010F5B, 0x00010F5D, 0x0001115F, 0x00011161, 0x00011163, 0x00011365, 0x00011368, 0x0001156B,
  0x0001156E, 0x00011773, 0x00000000, 0x00000000, 0x00000000, 0x00000000, 0x0001188C, 0x00011690, 0x00011494, 0x00011497,
  0x0001129A, 0x0001129C, 0x0001129E, 0x000110A0, 0x000110A2, 0x000110A4, 0x00010EA6, 0x00010EA7, 0x00010EA9, 0x00010EAA,
  0x00010EAC, 0x00010CAD, 0x00010CAF, 0x00010CB0, 0x00010CB1, 0x00010CB3, 0x00010AB4, 0x00010AB5, 0x00010AB6, 0x00010AB7,
  0x00010AB9, 0x00010ABA, 0x000108BB, 0x000108BC, 0x000108BD, 0x000108BE, 0x000108BF, 0x000108C0, 0x000108C1, 0x000106C2,
  0x000106C3, 0x000106C4, 0x000106C5, 0x000106C6, 0x000106C7, 0x000106C8, 0x000106C9, 0x000106CA, 0x000104CB, 0x000104CC,
  0x000104CD, 0x000104CD, 0x000104CE, 0x000104CF, 0x000104D0, 0x000104D1, 0x000104D2, 0x000104D3, 0x000104D4, 0x000104D4,
  0x000102D5, 0x000102D6, 0x000102D7, 0x000102D8, 0x000102D9, 0x000102D9, 0x000102DA, 0x000102DB, 0x000102DC, 0x000102DD,
  0x000102DD, 0x000102DE, 0x000102DF, 0x000102E0, 0x000102E1, 0x000102E1, 0x000100E2, 0x000100E3, 0x000100E4, 0x000100E4,
  0x000100E5, 0x000100E6, 0x000100E7, 0x000100E8, 0x000100E8, 0x000100E9, 0x000100EA, 0x000100EB, 0x000100EB, 0x000100EC,
  0x000100ED, 0x000100EE, 0x000100EE, 0x000100EF, 0x000100F0, 0x000100F1, 0x000100F1, 0x000100F2, 0x000100F3, 0x000100F3,
  0x000100F4, 0x000100F5, 0x000100F6, 0x000100F6, 0x000100F7, 0x000100F8, 0x000100F9, 0x000100F9, 0x000100FA, 0x000100FB,
  0x000100FB, 0x000100FC, 0x000100FD, 0x000100FE, 0x000100FE, 0x000100FF, 0x00010100, 0x00010101, 0x00010101, 0x00010102,
  0x00010103, 0x00010104, 0x00010104, 0x00010105, 0x00010106, 0x00010106, 0x00010107, 0x00010108, 0x00010109, 0x00010109,
  0x0001010A, 0x0001010B, 0x0001010C, 0x0001010C, 0x0001010D, 0x0001010E, 0x0001010E, 0x0001010F, 0x00010110, 0x00010111,
  0x00010111, 0x00010112, 0x00010113, 0x00010114, 0x00010114, 0x00010115, 0x00010116, 0x00010117, 0x00010117, 0x00010118,
  0x00010119, 0x0001011A, 0x0001011B, 0x0001011B, 0x0001011C, 0x0001011D, 0x0001031E, 0x0001031E, 0x0001031F, 0x00010320,
  0x00010321, 0x00010322, 0x00010322, 0x00010323, 0x00010324, 0x00010325, 0x00010326, 0x00010326, 0x00010327, 0x00010328,
  0x00010329, 0x0001032A, 0x0001052B, 0x0001052B, 0x0001052C, 0x0001052D, 0x0001052E, 0x0001052F, 0x00010530, 0x00010531,
  0x00010532, 0x00010532, 0x00010533, 0x00010534, 0x00010735, 0x00010736, 0x00010737, 0x00010738, 0x00010739, 0x0001073A,
  0x0001073B, 0x0001073C, 0x0001073D, 0x0001093E, 0x0001093F, 0x00010940, 0x00010941, 0x00010942, 0x00010943, 0x00010944,
  0x00010B45, 0x00010B46, 0x00010B48, 0x00010B49, 0x00010B4A, 0x00010B4B, 0x00010D4C, 0x00010D4E, 0x00010D4F, 0x00010D50,
  0x00010D52, 0x00010F53, 0x00010F55, 0x00010F56, 0x00010F58, 0x00010F59, 0x0001115B, 0x0001115D, 0x0001115F, 0x00011361,
  0x00011363, 0x00011365, 0x00011568, 0x0001156B, 0x0001176F, 0x00011973, 0x00000000, 0x00000000, 0x00000000, 0x00000000,
  0x00011A8B, 0x00011890, 0x00011694, 0x00011697, 0x00011499, 0x0001149C, 0x0001129E, 0x000112A0, 0x000112A2, 0x000112A4,
  0x000110A5, 0x000110A7, 0x000110A9, 0x000110AA, 0x00010EAC, 0x00010EAD, 0x00010EAE, 0x00010EB0, 0x00010CB1, 0x00010CB2,
  0x00010CB4, 0x00010CB5, 0x00010CB6, 0x00010CB7, 0x00010AB8, 0x00010ABA, 0x00010ABB, 0x00010ABC, 0x00010ABD, 0x00010ABE,
  0x00010ABF, 0x000108C0, 0x000108C1, 0x000108C2, 0x000108C3, 0x000108C4, 0x000108C5, 0x000108C6, 0x000108C7, 0x000108C8,
  0x000106C9, 0x000106CA, 0x000106CB, 0x000106CC, 0x000106CD, 0x000106CD, 0x000106CE, 0x000106CF, 0x000106D0, 0x000106D1,
  0x000104D2, 0x000104D3, 0x000104D4, 0x000104D4, 0x000104D5, 0x000104D6, 0x000104D7, 0x000104D8, 0x000104D9, 0x000104D9,
  0x000104DA, 0x000104DB, 0x000104DC, 0x000104DD, 0x000104DD, 0x000102DE, 0x000102DF, 0x000102E0, 0x000102E1, 0x000102E1,
  0x000102E2, 0x000102E3, 0x000102E4, 0x000102E4, 0x000102E5, 0x000102E6, 0x000102E7, 0x000102E8, 0x000102E8, 0x000102E9,
  0x000102EA, 0x000102EB, 0x000102EB, 0x000102EC, 0x000102ED, 0x000102EE, 0x000102EE, 0x000102EF, 0x000102F0, 0x000102F0,
  0x000100F1, 0x000100F2, 0x000100F3, 0x000100F3, 0x000100F4, 0x000100F5, 0x000100F6, 0x000100F6, 0x000100F7, 0x000100F8,
  0x000100F9, 0x000100F9, 0x000100FA, 0x000100FB, 0x000100FB, 0x000100FC, 0x000100FD, 0x000100FE, 0x000100FE, 0x000100FF,
  0x00010100, 0x00010101, 0x00010101, 0x00010102, 0x00010103, 0x00010104, 0x00010104, 0x00010105, 0x00010106, 0x00010106,
  0x00010107, 0x00010108, 0x00010109, 0x00010109, 0x0001010A, 0x0001010B, 0x0001010C, 0x0001010C, 0x0001010D, 0x0001010E,
  0x0001030F, 0x0001030F, 0x00010310, 0x00010311, 0x00010311, 0x00010312, 0x00010313, 0x00010314, 0x00010314, 0x00010315,
  0x00010316, 0x00010317, 0x00010317, 0x00010318, 0x00010319, 0x0001031A, 0x0001031B, 0x0001031B, 0x0001031C, 0x0001031D,
  0x0001031E, 0x0001031E, 0x0001031F, 0x00010320, 0x00010321, 0x00010522, 0x00010522, 0x00010523, 0x00010524, 0x00010525,
  0x00010526, 0x00010526, 0x00010527, 0x00010528, 0x00010529, 0x0001052A, 0x0001052B, 0x0001052B, 0x0001052C, 0x0001052D,
  0x0001072E, 0x0001072F, 0x00010730, 0x00010731, 0x00010732, 0x00010732, 0x00010733, 0x00010734, 0x00010735, 0x00010736,
  0x00010937, 0x00010938, 0x00010939, 0x0001093A, 0x0001093B, 0x0001093C, 0x0001093D, 0x0001093E, 0x0001093F, 0x00010B40,
  0x00010B41, 0x00010B42, 0x00010B43, 0x00010B44, 0x00010B45, 0x00010B47, 0x00010D48, 0x00010D49, 0x00010D4A, 0x00010D4B,
  0x00010D4D, 0x00010D4E, 0x00010F4F, 0x00010F51, 0x00010F52, 0x00010F53, 0x00011155, 0x00011156, 0x00011158, 0x0001115A,
  0x0001135B, 0x0001135D, 0x0001135F, 0x00011361, 0x00011563, 0x00011566, 0x00011768, 0x0001176B, 0x0001196F, 0x00011B74,
  0x00000000, 0x00000000, 0x00000000, 0x00000000, 0x00011C89, 0x00011A8F, 0x00011893, 0x00011896, 0x00011699, 0x0001169B,
  0x0001149E, 0x000114A0, 0x000114A2, 0x000112A4, 0x000112A5, 0x000112A7, 0x000112A9, 0x000110AA, 0x000110AC, 0x000110AD,
  0x000110AE, 0x00010EB0, 0x00010EB1, 0x00010EB2, 0x00010EB4, 0x00010EB5, 0x00010EB6, 0x00010CB7, 0x00010CB8, 0x00010CBA,
  0x00010CBB, 0x00010CBC, 0x00010CBD, 0x00010ABE, 0x00010ABF, 0x00010AC0, 0x00010AC1, 0x00010AC2, 0x00010AC3, 0x00010AC4,
  0x00010AC5, 0x000108C6, 0x000108C7, 0x000108C8, 0x000108C9, 0x000108CA, 0x000108CB, 0x000108CC, 0x000108CD, 0x000108CD,
  0x000108CE, 0x000106CF, 0x000106D0, 0x000106D1, 0x000106D2, 0x000106D3, 0x000106D4, 0x000106D4, 0x000106D5, 0x000106D6,
  0x000106D7, 0x000106D8, 0x000106D9, 0x000106D9, 0x000106DA, 0x000104DB, 0x000104DC, 0x000104DD, 0x000104DD, 0x000104DE,
  0x000104DF, 0x000104E0, 0x000104E1, 0x000104E1, 0x000104E2, 0x000104E3, 0x000104E4, 0x000104E4, 0x000104E5, 0x000104E6,
  0x000104E7, 0x000104E8, 0x000104E8, 0x000104E9, 0x000104EA, 0x000102EB, 0x000102EB, 0x000102EC, 0x000102ED, 0x000102EE,
  0x000102EE, 0x000102EF, 0x000102F0, 0x000102F0, 0x000102F1, 0x000102F2, 0x000102F3, 0x000102F3, 0x000102F4, 0x000102F5,
  0x000102F6, 0x000102F6, 0x000102F7, 0x000102F8, 0x000102F9, 0x000102F9, 0x000102FA, 0x000102FB, 0x000102FB, 0x000102FC,
  0x000102FD, 0x000102FE, 0x000102FE, 0x000102FF, 0x00010300, 0x00010301, 0x00010301, 0x00010302, 0x00010303, 0x00010304,
  0x00010304, 0x00010305, 0x00010306, 0x00010306, 0x00010307, 0x00010308, 0x00010309, 0x00010309, 0x0001030A, 0x0001030B,
  0x0001030C, 0x0001030C, 0x0001030D, 0x0001030E, 0x0001030F, 0x0001030F, 0x00010310, 0x00010311, 0x00010311, 0x00010312,
  0x00010313, 0x00010314, 0x00010314, 0x00010515, 0x00010516, 0x00010517, 0x00010517, 0x00010518, 0x00010519, 0x0001051A,
  0x0001051B, 0x0001051B, 0x0001051C, 0x0001051D, 0x0001051E, 0x0001051E, 0x0001051F, 0x00010520, 0x00010521, 0x00010522,
  0x00010522, 0x00010523, 0x00010524, 0x00010725, 0x00010726, 0x00010726, 0x00010727, 0x00010728, 0x00010729, 0x0001072A,
  0x0001072B, 0x0001072B, 0x0001072C, 0x0001072D, 0x0001072E, 0x0001072F, 0x00010730, 0x00010931, 0x00010932, 0x00010932,
  0x00010933, 0x00010934, 0x00010935, 0x00010936, 0x00010937, 0x00010938, 0x00010939, 0x00010B3A, 0x00010B3B, 0x00010B3C,
  0x00010B3D, 0x00010B3E, 0x00010B3F, 0x00010B40, 0x00010B41, 0x00010D42, 0x00010D43, 0x00010D44, 0x00010D45, 0x00010D47,
  0x00010D48, 0x00010F49, 0x00010F4A, 0x00010F4B, 0x00010F4D, 0x00010F4E, 0x00010F4F, 0x00011151, 0x00011152, 0x00011153,
  0x00011155, 0x00011356, 0x00011358, 0x0001135A, 0x0001135B, 0x0001155D, 0x0001155F, 0x00011561, 0x00011764, 0x00011766,
  0x00011969, 0x0001196C, 0x00011B70, 0x00011D76, 0x00000000, 0x00000000, 0x00000000, 0x00000000, 0x00011E87, 0x00011C8E,
  0x00011A92, 0x00011896, 0x00011899, 0x0001169B, 0x0001169D, 0x0001169F, 0x000114A1, 0x000114A3, 0x000114A5, 0x000114A7,
  0x000112A8, 0x000112AA, 0x000112AB, 0x000112AD, 0x000110AE, 0x000110B0, 0x000110B1, 0x000110B2, 0x000110B4, 0x00010EB5,
  0x00010EB6, 0x00010EB7, 0x00010EB8, 0x00010EB9, 0x00010EBB, 0x00010CBC, 0x00010CBD, 0x00010CBE, 0x00010CBF, 0x00010CC0,
  0x00010CC1, 0x00010CC2, 0x00010CC3, 0x00010AC4, 0x00010AC5, 0x00010AC6, 0x00010AC7, 0x00010AC8, 0x00010AC9, 0x00010ACA,
  0x00010ACB, 0x00010ACC, 0x00010ACC, 0x000108CD, 0x000108CE, 0x000108CF, 0x000108D0, 0x000108D1, 0x000108D2, 0x000108D3,
  0x000108D3, 0x000108D4, 0x000108D5, 0x000108D6, 0x000108D7, 0x000106D8, 0x000106D9, 0x000106D9, 0x000106DA, 0x000106DB,
  0x000106DC, 0x000106DD, 0x000106DD, 0x000106DE, 0x000106DF, 0x000106E0, 0x000106E1, 0x000106E1, 0x000106E2, 0x000106E3,
  0x000106E4, 0x000106E4, 0x000106E5, 0x000104E6, 0x000104E7, 0x000104E7, 0x000104E8, 0x000104E9, 0x000104EA, 0x000104EB,
  0x000104EB, 0x000104EC, 0x000104ED, 0x000104EE, 0x000104EE, 0x000104EF, 0x000104F0, 0x000104F0, 0x000104F1, 0x000104F2,
  0x000104F3, 0x000104F3, 0x000104F4, 0x000104F5, 0x000104F6, 0x000104F6, 0x000104F7, 0x000104F8, 0x000104F9, 0x000104F9,
  0x000104FA, 0x000104FB, 0x000104FB, 0x000104FC, 0x000104FD, 0x000104FE, 0x000104FE, 0x000104FF, 0x00010500, 0x00010501,
  0x00010501, 0x00010502, 0x00010503, 0x00010504, 0x00010504, 0x00010505, 0x00010506, 0x00010506, 0x00010507, 0x00010508,
  0x00010509, 0x00010509, 0x0001050A, 0x0001050B, 0x0001050C, 0x0001050C, 0x0001050D, 0x0001050E, 0x0001050F, 0x0001050F,
  0x00010510, 0x00010511, 0x00010511, 0x00010512, 0x00010513, 0x00010514, 0x00010514, 0x00010515, 0x00010516, 0x00010517,
  0x00010518, 0x00010518, 0x00010519, 0x0001071A, 0x0001071B, 0x0001071B, 0x0001071C, 0x0001071D, 0x0001071E, 0x0001071E,
  0x0001071F, 0x00010720, 0x00010721, 0x00010722, 0x00010722, 0x00010723, 0x00010724, 0x00010725, 0x00010726, 0x00010726,
  0x00010727, 0x00010928, 0x00010929, 0x0001092A, 0x0001092B, 0x0001092C, 0x0001092C, 0x0001092D, 0x0001092E, 0x0001092F,
  0x00010930, 0x00010931, 0x00010932, 0x00010B33, 0x00010B33, 0x00010B34, 0x00010B35, 0x00010B36, 0x00010B37, 0x00010B38,
  0x00010B39, 0x00010B3A, 0x00010B3B, 0x00010D3C, 0x00010D3D, 0x00010D3E, 0x00010D3F, 0x00010D40, 0x00010D41, 0x00010D42,
  0x00010D43, 0x00010F44, 0x00010F46, 0x00010F47, 0x00010F48, 0x00010F49, 0x00010F4A, 0x0001114B, 0x0001114D, 0x0001114E,
  0x0001114F, 0x00011151, 0x00011352, 0x00011354, 0x00011355, 0x00011357, 0x00011558, 0x0001155A, 0x0001155C, 0x0001155E,
  0x00011760, 0x00011762, 0x00011764, 0x00011966, 0x00011969, 0x00011B6D, 0x00011D71, 0x00011F78, 0x00000000, 0x00000000,
  0x00000000, 0x00000000, 0x00012083, 0x00011E8D, 0x00011C92, 0x00011A95, 0x00011A98, 0x0001189B, 0x0001189D, 0x0001189F,
  0x000116A1, 0x000116A3, 0x000116A5, 0x000114A7, 0x000114A8, 0x000114AA, 0x000114AB, 0x000112AD, 0x000112AE, 0x000112AF,
  0x000112B1, 0x000112B2, 0x000110B3, 0x000110B5, 0x000110B6, 0x000110B7, 0x000110B8, 0x000110B9, 0x00010EBB, 0x00010EBC,
  0x00010EBD, 0x00010EBE, 0x00010EBF, 0x00010EC0, 0x00010EC1, 0x00010CC2, 0x00010CC3, 0x00010CC4, 0x00010CC5, 0x00010CC6,
  0x00010CC7, 0x00010CC8, 0x00010CC9, 0x00010CCA, 0x00010ACB, 0x00010ACC, 0x00010ACC, 0x00010ACD, 0x00010ACE, 0x00010ACF,
  0x00010AD0, 0x00010AD1, 0x00010AD2, 0x00010AD3, 0x00010AD3, 0x000108D4, 0x000108D5, 0x000108D6, 0x000108D7, 0x000108D8,
  0x000108D8, 0x000108D9, 0x000108DA, 0x000108DB, 0x000108DC, 0x000108DD, 0x000108DD, 0x000108DE, 0x000108DF, 0x000108E0,
  0x000108E1, 0x000106E1, 0x000106E2, 0x000106E3, 0x000106E4, 0x000106E4, 0x000106E5, 0x000106E6, 0x000106E7, 0x000106E7,
  0x000106E8, 0x000106E9, 0x000106EA, 0x000106EB, 0x000106EB, 0x000106EC, 0x000106ED, 0x000106EE, 0x000106EE, 0x000106EF,
  0x000106F0, 0x000106F0, 0x000106F1, 0x000106F2, 0x000106F3, 0x000106F3, 0x000106F4, 0x000106F5, 0x000106F6, 0x000106F6,
  0x000106F7, 0x000106F8, 0x000106F9, 0x000106F9, 0x000106FA, 0x000106FB, 0x000106FB, 0x000106FC, 0x000106FD, 0x000106FE,
  0x000106FE, 0x000106FF, 0x00010700, 0x00010701, 0x00010701, 0x00010702, 0x00010703, 0x00010704, 0x00010704, 0x00010705,
  0x00010706, 0x00010706, 0x00010707, 0x00010708, 0x00010709, 0x00010709, 0x0001070A, 0x0001070B, 0x0001070C, 0x0001070C,
  0x0001070D, 0x0001070E, 0x0001070F, 0x0001070F, 0x00010710, 0x00010711, 0x00010711, 0x00010712, 0x00010713, 0x00010714,
  0x00010714, 0x00010715, 0x00010716, 0x00010717, 0x00010718, 0x00010718, 0x00010719, 0x0001071A, 0x0001071B, 0x0001071B,
  0x0001071C, 0x0001071D, 0x0001071E, 0x0001091E, 0x0001091F, 0x00010920, 0x00010921, 0x00010922, 0x00010922, 0x00010923,
  0x00010924, 0x00010925, 0x00010926, 0x00010927, 0x00010927, 0x00010928, 0x00010929, 0x0001092A, 0x0001092B, 0x00010B2C,
  0x00010B2C, 0x00010B2D, 0x00010B2E, 0x00010B2F, 0x00010B30, 0x00010B31, 0x00010B32, 0x00010B33, 0x00010B33, 0x00010B34,
  0x00010D35, 0x00010D36, 0x00010D37, 0x00010D38, 0x00010D39, 0x00010D3A, 0x00010D3B, 0x00010D3C, 0x00010D3D, 0x00010F3E,
  0x00010F3F, 0x00010F40, 0x00010F41, 0x00010F42, 0x00010F43, 0x00010F44, 0x00011146, 0x00011147, 0x00011148, 0x00011149,
  0x0001114A, 0x0001114C, 0x0001134D, 0x0001134E, 0x00011350, 0x00011351, 0x00011352, 0x00011554, 0x00011555, 0x00011557,
  0x00011558, 0x0001175A, 0x0001175C, 0x0001175E, 0x00011960, 0x00011962, 0x00011964, 0x00011B67, 0x00011B6A, 0x00011D6D,
  0x00011F72, 0x0001217C, 0x00000000, 0x00000000, 0x00000000, 0x00000000, 0x00000000, 0x0001208C, 0x00011E91, 0x00011C95,
  0x00011C98, 0x00011A9A, 0x00011A9D, 0x0001189F, 0x000118A1, 0x000118A3, 0x000116A5, 0x000116A6, 0x000116A8, 0x000116AA,
  0x000114AB, 0x000114AD, 0x000114AE, 0x000114AF, 0x000114B1, 0x000112B2, 0x000112B3, 0x000112B5, 0x000112B6, 0x000112B7,
  0x000110B8, 0x000110B9, 0x000110BA, 0x000110BC, 0x000110BD, 0x000110BE, 0x000110BF, 0x00010EC0, 0x00010EC1, 0x00010EC2,
  0x00010EC3, 0x00010EC4, 0x00010EC5, 0x00010EC6, 0x00010EC7, 0x00010EC8, 0x00010CC9, 0x00010CCA, 0x00010CCB, 0x00010CCB,
  0x00010CCC, 0x00010CCD, 0x00010CCE, 0x00010CCF, 0x00010CD0, 0x00010CD1, 0x00010AD2, 0x00010AD3, 0x00010AD3, 0x00010AD4,
  0x00010AD5, 0x00010AD6, 0x00010AD7, 0x00010AD8, 0x00010AD8, 0x00010AD9, 0x00010ADA, 0x00010ADB, 0x00010ADC, 0x00010ADD,
  0x00010ADD, 0x000108DE, 0x000108DF, 0x000108E0, 0x000108E1, 0x000108E1, 0x000108E2, 0x000108E3, 0x000108E4, 0x000108E4,
  0x000108E5, 0x000108E6, 0x000108E7, 0x000108E7, 0x000108E8, 0x000108E9, 0x000108EA, 0x000108EB, 0x000108EB, 0x000108EC,
  0x000108ED, 0x000108EE, 0x000108EE, 0x000108EF, 0x000108F0, 0x000106F0, 0x000106F1, 0x000106F2, 0x000106F3, 0x000106F3,
  0x000106F4, 0x000106F5, 0x000106F6, 0x000106F6, 0x000106F7, 0x000106F8, 0x000106F9, 0x000106F9, 0x000106FA, 0x000106FB,
  0x000106FB, 0x000106FC, 0x000106FD, 0x000106FE, 0x000106FE, 0x000106FF, 0x00010700, 0x00010701, 0x00010701, 0x00010702,
  0x00010703, 0x00010704, 0x00010704, 0x00010705, 0x00010706, 0x00010706, 0x00010707, 0x00010708, 0x00010709, 0x00010709,
  0x0001070A, 0x0001070B, 0x0001070C, 0x0001070C, 0x0001070D, 0x0001070E, 0x0001070F, 0x0001090F, 0x00010910, 0x00010911,
  0x00010911, 0x00010912, 0x00010913, 0x00010914, 0x00010914, 0x00010915, 0x00010916, 0x00010917, 0x00010918, 0x00010918,
  0x00010919, 0x0001091A, 0x0001091B, 0x0001091B, 0x0001091C, 0x0001091D, 0x0001091E, 0x0001091E, 0x0001091F, 0x00010920,
  0x00010921, 0x00010B22, 0x00010B22, 0x00010B23, 0x00010B24, 0x00010B25, 0x00010B26, 0x00010B27, 0x00010B27, 0x00010B28,
  0x00010B29, 0x00010B2A, 0x00010B2B, 0x00010B2C, 0x00010B2C, 0x00010B2D, 0x00010D2E, 0x00010D2F, 0x00010D30, 0x00010D31,
  0x00010D32, 0x00010D33, 0x00010D34, 0x00010D34, 0x00010D35, 0x00010D36, 0x00010F37, 0x00010F38, 0x00010F39, 0x00010F3A,
  0x00010F3B, 0x00010F3C, 0x00010F3D, 0x00010F3E, 0x00010F3F, 0x00011140, 0x00011141, 0x00011142, 0x00011143, 0x00011145,
  0x00011146, 0x00011147, 0x00011348, 0x00011349, 0x0001134A, 0x0001134C, 0x0001134D, 0x0001154E, 0x00011550, 0x00011551,
  0x00011552, 0x00011554, 0x00011755, 0x00011757, 0x00011759, 0x0001175A, 0x0001195C, 0x0001195E, 0x00011960, 0x00011B62,
  0x00011B65, 0x00011D67, 0x00011D6A, 0x00011F6E, 0x00012173, 0x00000000, 0x00000000, 0x00000000, 0x00000000, 0x00000000,
  0x00000000, 0x0001228B, 0x00012090, 0x00011E94, 0x00011C97, 0x00011C9A, 0x00011A9C, 0x00011A9F, 0x00011AA1, 0x000118A3,
  0x000118A4, 0x000118A6, 0x000118A8, 0x000116A9, 0x000116AB, 0x000116AC, 0x000116AE, 0x000116AF, 0x000114B1, 0x000114B2,
  0x000114B3, 0x000114B4, 0x000114B6, 0x000112B7, 0x000112B8, 0x000112B9, 0x000112BA, 0x000112BB, 0x000112BD, 0x000110BE,
  0x000110BF, 0x000110C0, 0x000110C1, 0x000110C2, 0x000110C3, 0x000110C4, 0x000110C5, 0x00010EC6, 0x00010EC7, 0x00010EC8,
  0x00010EC9, 0x00010ECA, 0x00010ECB, 0x00010ECB, 0x00010ECC, 0x00010ECD, 0x00010ECE, 0x00010CCF, 0x00010CD0, 0x00010CD1,
  0x00010CD2, 0x00010CD3, 0x00010CD3, 0x00010CD4, 0x00010CD5, 0x00010CD6, 0x00010CD7, 0x00010CD8, 0x00010CD8, 0x00010CD9,
  0x00010ADA, 0x00010ADB, 0x00010ADC, 0x00010ADD, 0x00010ADD, 0x00010ADE, 0x00010ADF, 0x00010AE0, 0x00010AE0, 0x00010AE1,
  0x00010AE2, 0x00010AE3, 0x00010AE4, 0x00010AE4, 0x00010AE5, 0x00010AE6, 0x00010AE7, 0x00010AE7, 0x00010AE8, 0x00010AE9,
  0x00010AEA, 0x000108EA, 0x000108EB, 0x000108EC, 0x000108ED, 0x000108ED, 0x000108EE, 0x000108EF, 0x000108F0, 0x000108F0,
  0x000108F1, 0x000108F2, 0x000108F3, 0x000108F3, 0x000108F4, 0x000108F5, 0x000108F6, 0x000108F6, 0x000108F7, 0x000108F8,
  0x000108F9, 0x000108F9, 0x000108FA, 0x000108FB, 0x000108FB, 0x000108FC, 0x000108FD, 0x000108FE, 0x000108FE, 0x000108FF,
  0x00010900, 0x00010901, 0x00010901, 0x00010902, 0x00010903, 0x00010904, 0x00010904, 0x00010905, 0x00010906, 0x00010906,
  0x00010907, 0x00010908, 0x00010909, 0x00010909, 0x0001090A, 0x0001090B, 0x0001090C, 0x0001090C, 0x0001090D, 0x0001090E,
  0x0001090F, 0x0001090F, 0x00010910, 0x00010911, 0x00010912, 0x00010912, 0x00010913, 0x00010914, 0x00010915, 0x00010B15,
  0x00010B16, 0x00010B17, 0x00010B18, 0x00010B18, 0x00010B19, 0x00010B1A, 0x00010B1B, 0x00010B1B, 0x00010B1C, 0x00010B1D,
  0x00010B1E, 0x00010B1F, 0x00010B1F, 0x00010B20, 0x00010B21, 0x00010B22, 0x00010B22, 0x00010B23, 0x00010B24, 0x00010B25,
  0x00010D26, 0x00010D27, 0x00010D27, 0x00010D28, 0x00010D29, 0x00010D2A, 0x00010D2B, 0x00010D2C, 0x00010D2C, 0x00010D2D,
  0x00010D2E, 0x00010D2F, 0x00010D30, 0x00010F31, 0x00010F32, 0x00010F33, 0x00010F34, 0x00010F34, 0x00010F35, 0x00010F36,
  0x00010F37, 0x00010F38, 0x00010F39, 0x0001113A, 0x0001113B, 0x0001113C, 0x0001113D, 0x0001113E, 0x0001113F, 0x00011140,
  0x00011141, 0x00011342, 0x00011344, 0x00011345, 0x00011346, 0x00011347, 0x00011348, 0x00011549, 0x0001154B, 0x0001154C,
  0x0001154D, 0x0001154E, 0x00011750, 0x00011751, 0x00011753, 0x00011754, 0x00011756, 0x00011957, 0x00011959, 0x0001195B,
  0x0001195C, 0x00011B5E, 0x00011B60, 0x00011B63, 0x00011D65, 0x00011D68, 0x00011F6B, 0x0001216F, 0x00012374, 0x00000000,
  0x00000000, 0x00000000, 0x00000000, 0x00000000, 0x00000000, 0x00012489, 0x0001208F, 0x00012093, 0x00011E97, 0x00011E99,
  0x00011C9C, 0x00011C9E, 0x00011CA0, 0x00011AA2, 0x00011AA4, 0x00011AA6, 0x000118A8, 0x000118A9, 0x000118AB, 0x000118AC,
  0x000116AE, 0x000116AF, 0x000116B0, 0x000116B2, 0x000116B3, 0x000116B4, 0x000114B6, 0x000114B7, 0x000114B8, 0x000114B9,
  0x000114BA, 0x000114BB, 0x000112BC, 0x000112BE, 0x000112BF, 0x000112C0, 0x000112C1, 0x000112C2, 0x000112C3, 0x000110C4,
  0x000110C5, 0x000110C6, 0x000110C7, 0x000110C8, 0x000110C9, 0x000110CA, 0x000110CA, 0x000110CB, 0x000110CC, 0x00010ECD,
  0x00010ECE, 0x00010ECF, 0x00010ED0, 0x00010ED1, 0x00010ED2, 0x00010ED3, 0x00010ED3, 0x00010ED4, 0x00010ED5, 0x00010ED6,
  0x00010ED7, 0x00010CD8, 0x00010CD8, 0x00010CD9, 0x00010CDA, 0x00010CDB, 0x00010CDC, 0x00010CDC, 0x00010CDD, 0x00010CDE,
  0x00010CDF, 0x00010CE0, 0x00010CE0, 0x00010CE1, 0x00010CE2, 0x00010CE3, 0x00010CE4, 0x00010CE4, 0x00010AE5, 0x00010AE6,
  0x00010AE7, 0x00010AE7, 0x00010AE8, 0x00010AE9, 0x00010AEA, 0x00010AEA, 0x00010AEB, 0x00010AEC, 0x00010AED, 0x00010AED,
  0x00010AEE, 0x00010AEF, 0x00010AF0, 0x00010AF0, 0x00010AF1, 0x00010AF2, 0x00010AF3, 0x00010AF3, 0x00010AF4, 0x00010AF5,
  0x00010AF6, 0x00010AF6, 0x00010AF7, 0x00010AF8, 0x00010AF9, 0x00010AF9, 0x00010AFA, 0x00010AFB, 0x00010AFB, 0x00010AFC,
  0x00010AFD, 0x00010AFE, 0x00010AFE, 0x00010AFF, 0x00010B00, 0x00010B01, 0x00010B01, 0x00010B02, 0x00010B03, 0x00010B04,
  0x00010B04, 0x00010B05, 0x00010B06, 0x00010B06, 0x00010B07, 0x00010B08, 0x00010B09, 0x00010B09, 0x00010B0A, 0x00010B0B,
  0x00010B0C, 0x00010B0C, 0x00010B0D, 0x00010B0E, 0x00010B0F, 0x00010B0F, 0x00010B10, 0x00010B11, 0x00010B12, 0x00010B12,
  0x00010B13, 0x00010B14, 0x00010B15, 0x00010B15, 0x00010B16, 0x00010B17, 0x00010B18, 0x00010B18, 0x00010B19, 0x00010B1A,
  0x00010D1B, 0x00010D1B, 0x00010D1C, 0x00010D1D, 0x00010D1E, 0x00010D1F, 0x00010D1F, 0x00010D20, 0x00010D21, 0x00010D22,
  0x00010D23, 0x00010D23, 0x00010D24, 0x00010D25, 0x00010D26, 0x00010D27, 0x00010D27, 0x00010F28, 0x00010F29, 0x00010F2A,
  0x00010F2B, 0x00010F2C, 0x00010F2C, 0x00010F2D, 0x00010F2E, 0x00010F2F, 0x00010F30, 0x00010F31, 0x00010F32, 0x00011133,
  0x00011134, 0x00011135, 0x00011135, 0x00011136, 0x00011137, 0x00011138, 0x00011139, 0x0001113A, 0x0001113B, 0x0001133C,
  0x0001133D, 0x0001133E, 0x0001133F, 0x00011340, 0x00011341, 0x00011343, 0x00011544, 0x00011545, 0x00011546, 0x00011547,
  0x00011548, 0x00011549, 0x0001174B, 0x0001174C, 0x0001174D, 0x0001174F, 0x00011750, 0x00011751, 0x00011953, 0x00011954,
  0x00011956, 0x00011957, 0x00011B59, 0x00011B5B, 0x00011B5D, 0x00011D5F, 0x00011D61, 0x00011D63, 0x00011F66, 0x00011F68,
  0x0001216C, 0x00012170, 0x00012576, 0x00000000, 0x00000000, 0x00000000, 0x00000000, 0x00000000, 0x00000000, 0x00012686,
  0x0001228E, 0x00012293, 0x00012096, 0x00012099, 0x00011E9C, 0x00011E9E, 0x00011CA0, 0x00011CA2, 0x00011CA4, 0x00011CA6,
  0x00011AA7, 0x00011AA9, 0x00011AAA, 0x00011AAC, 0x000118AD, 0x000118AF, 0x000118B0, 0x000118B2, 0x000116B3, 0x000116B4,
  0x000116B5, 0x000116B7, 0x000116B8, 0x000116B9, 0x000114BA, 0x000114BB, 0x000114BC, 0x000114BD, 0x000114BF, 0x000114C0,
  0x000114C1, 0x000112C2, 0x000112C3, 0x000112C4, 0x000112C5, 0x000112C6, 0x000112C7, 0x000112C8, 0x000112C9, 0x000112C9,
  0x000110CA, 0x000110CB, 0x000110CC, 0x000110CD, 0x000110CE, 0x000110CF, 0x000110D0, 0x000110D1, 0x000110D2, 0x000110D2,
  0x000110D3, 0x000110D4, 0x00010ED5, 0x00010ED6, 0x00010ED7, 0x00010ED8, 0x00010ED8, 0x00010ED9, 0x00010EDA, 0x00010EDB,
  0x00010EDC, 0x00010EDC, 0x00010EDD, 0x00010EDE, 0x00010EDF, 0x00010EE0, 0x00010EE0, 0x00010CE1, 0x00010CE2, 0x00010CE3,
  0x00010CE4, 0x00010CE4, 0x00010CE5, 0x00010CE6, 0x00010CE7, 0x00010CE7, 0x00010CE8, 0x00010CE9, 0x00010CEA, 0x00010CEA,
  0x00010CEB, 0x00010CEC, 0x00010CED, 0x00010CED, 0x00010CEE, 0x00010CEF, 0x00010CF0, 0x00010CF0, 0x00010CF1, 0x00010CF2,
  0x00010CF3, 0x00010CF3, 0x00010CF4, 0x00010CF5, 0x00010CF6, 0x00010CF6, 0x00010CF7, 0x00010CF8, 0x00010CF9, 0x00010CF9,
  0x00010CFA, 0x00010CFB, 0x00010CFB, 0x00010CFC, 0x00010AFD, 0x00010AFE, 0x00010AFE, 0x00010AFF, 0x00010B00, 0x00010B01,
  0x00010B01, 0x00010B02, 0x00010D03, 0x00010D04, 0x00010D04, 0x00010D05, 0x00010D06, 0x00010D06, 0x00010D07, 0x00010D08,
  0x00010D09, 0x00010D09, 0x00010D0A, 0x00010D0B, 0x00010D0C, 0x00010D0C, 0x00010D0D, 0x00010D0E, 0x00010D0F, 0x00010D0F,
  0x00010D10, 0x00010D11, 0x00010D12, 0x00010D12, 0x00010D13, 0x00010D14, 0x00010D15, 0x00010D15, 0x00010D16, 0x00010D17,
  0x00010D18, 0x00010D18, 0x00010D19, 0x00010D1A, 0x00010D1B, 0x00010D1B, 0x00010D1C, 0x00010D1D, 0x00010D1E, 0x00010F1F,
  0x00010F1F, 0x00010F20, 0x00010F21, 0x00010F22, 0x00010F23, 0x00010F23, 0x00010F24, 0x00010F25, 0x00010F26, 0x00010F27,
  0x00010F27, 0x00010F28, 0x00010F29, 0x00010F2A, 0x0001112B, 0x0001112C, 0x0001112D, 0x0001112D, 0x0001112E, 0x0001112F,
  0x00011130, 0x00011131, 0x00011132, 0x00011133, 0x00011134, 0x00011135, 0x00011336, 0x00011336, 0x00011337, 0x00011338,
  0x00011339, 0x0001133A, 0x0001133B, 0x0001133C, 0x0001133D, 0x0001153E, 0x0001153F, 0x00011540, 0x00011542, 0x00011543,
  0x00011544, 0x00011545, 0x00011746, 0x00011747, 0x00011748, 0x0001174A, 0x0001174B, 0x0001174C, 0x0001194D, 0x0001194F,
  0x00011950, 0x00011952, 0x00011B53, 0x00011B55, 0x00011B56, 0x00011B58, 0x00011D59, 0x00011D5B, 0x00011D5D, 0x00011D5F,
  0x00011F61, 0x00011F63, 0x00012166, 0x00012169, 0x0001236C, 0x00012371, 0x00012779, 0x00000000, 0x00000000, 0x00000000,
  0x00000000, 0x00000000, 0x00000000, 0x00000000, 0x0001248D, 0x00012492, 0x00012295, 0x00012098, 0x0001209B, 0x0001209D,
  0x00011EA0, 0x00011EA2, 0x00011EA4, 0x00011CA5, 0x00011CA7, 0x00011CA9, 0x00011CAA, 0x00011AAC, 0x00011AAD, 0x00011AAF,
  0x00011AB0, 0x000118B1, 0x000118B3, 0x000118B4, 0x000118B5, 0x000118B6, 0x000118B8, 0x000116B9, 0x000116BA, 0x000116BB,
  0x000116BC, 0x000116BD, 0x000116BE, 0x000116BF, 0x000114C1, 0x000114C2, 0x000114C3, 0x000114C4, 0x000114C5, 0x000114C6,
  0x000114C7, 0x000114C8, 0x000112C8, 0x000112C9, 0x000112CA, 0x000112CB, 0x000112CC, 0x000112CD, 0x000112CE, 0x000112CF,
  0x000112D0, 0x000112D1, 0x000112D2, 0x000110D2, 0x000110D3, 0x000110D4, 0x000110D5, 0x000110D6, 0x000110D7, 0x000110D8,
  0x000110D8, 0x000110D9, 0x000110DA, 0x000110DB, 0x000110DC, 0x000110DC, 0x000110DD, 0x00010EDE, 0x00010EDF, 0x00010EE0,
  0x00010EE0, 0x00010EE1, 0x00010EE2, 0x00010EE3, 0x00010EE4, 0x00010EE4, 0x00010EE5, 0x00010EE6, 0x00010EE7, 0x00010EE7,
  0x00010EE8, 0x00010EE9, 0x00010EEA, 0x00010EEA, 0x00010EEB, 0x00010EEC, 0x00010EED, 0x00010EED, 0x00010EEE, 0x00010EEF,
  0x00010EF0, 0x00010CF0, 0x00010CF1, 0x00010CF2, 0x00010CF3, 0x00010CF3, 0x00010CF4, 0x00010CF5, 0x00010CF6, 0x00010CF6,
  0x00010CF7, 0x00010CF8, 0x00010CF9, 0x00010CF9, 0x00010CFA, 0x00010CFB, 0x00010CFB, 0x00010CFC, 0x00010CFD, 0x00010CFE,
  0x00010CFE, 0x00010CFF, 0x00010D00, 0x00010D01, 0x00010D01, 0x00010D02, 0x00010D03, 0x00010D04, 0x00010D04, 0x00010D05,
  0x00010D06, 0x00010D06, 0x00010D07, 0x00010D08, 0x00010D09, 0x00010D09, 0x00010D0A, 0x00010D0B, 0x00010D0C, 0x00010D0C,
  0x00010D0D, 0x00010D0E, 0x00010D0F, 0x00010F0F, 0x00010F10, 0x00010F11, 0x00010F12, 0x00010F12, 0x00010F13, 0x00010F14,
  0x00010F15, 0x00010F15, 0x00010F16, 0x00010F17, 0x00010F18, 0x00010F18, 0x00010F19, 0x00010F1A, 0x00010F1B, 0x00010F1B,
  0x00010F1C, 0x00010F1D, 0x00010F1E, 0x00010F1F, 0x00010F1F, 0x00010F20, 0x00010F21, 0x00011122, 0x00011123, 0x00011123,
  0x00011124, 0x00011125, 0x00011126, 0x00011127, 0x00011127, 0x00011128, 0x00011129, 0x0001112A, 0x0001112B, 0x0001112C,
  0x0001112D, 0x0001132D, 0x0001132E, 0x0001132F, 0x00011330, 0x00011331, 0x00011332, 0x00011333, 0x00011334, 0x00011335,
  0x00011336, 0x00011337, 0x00011537, 0x00011538, 0x00011539, 0x0001153A, 0x0001153B, 0x0001153C, 0x0001153D, 0x0001153E,
  0x00011740, 0x00011741, 0x00011742, 0x00011743, 0x00011744, 0x00011745, 0x00011746, 0x00011947, 0x00011949, 0x0001194A,
  0x0001194B, 0x0001194C, 0x0001194E, 0x00011B4F, 0x00011B50, 0x00011B52, 0x00011B53, 0x00011D55, 0x00011D56, 0x00011D58,
  0x00011D5A, 0x00011F5B, 0x00011F5D, 0x00011F5F, 0x00012162, 0x00012164, 0x00012167, 0x0001236A, 0x0001256D, 0x00012572,
  0x00000000, 0x00000000, 0x00000000, 0x00000000, 0x00000000, 0x00000000, 0x00000000, 0x00000000, 0x0001268B, 0x00012691,
  0x00012495, 0x00012298, 0x0001229B, 0x0001209D, 0x0001209F, 0x000120A1, 0x00011EA3, 0x00011EA5, 0x00011EA7, 0x00011EA8,
  0x00011CAA, 0x00011CAC, 0x00011CAD, 0x00011CAE, 0x00011AB0, 0x00011AB1, 0x00011AB3, 0x00011AB4, 0x00011AB5, 0x00011AB6,
  0x000118B8, 0x000118B9, 0x000118BA, 0x000118BB, 0x000118BC, 0x000118BD, 0x000116BE, 0x000116BF, 0x000116C0, 0x000116C1,
  0x000116C2, 0x000116C3, 0x000116C4, 0x000116C5, 0x000114C6, 0x000114C7, 0x000114C8, 0x000114C9, 0x000114CA, 0x000114CB,
  0x000114CC, 0x000114CD, 0x000114CE, 0x000114CF, 0x000112D0, 0x000112D1, 0x000112D1, 0x000112D2, 0x000112D3, 0x000112D4,
  0x000112D5, 0x000112D6, 0x000112D7, 0x000112D7, 0x000112D8, 0x000112D9, 0x000112DA, 0x000110DB, 0x000110DC, 0x000110DC,
  0x000110DD, 0x000110DE, 0x000110DF, 0x000110E0, 0x000110E0, 0x000110E1, 0x000110E2, 0x000110E3, 0x000110E4, 0x000110E4,
  0x000110E5, 0x000110E6, 0x000110E7, 0x000110E7, 0x000110E8, 0x000110E9, 0x000110EA, 0x00010EEA, 0x00010EEB, 0x00010EEC,
  0x00010EED, 0x00010EED, 0x00010EEE, 0x00010EEF, 0x00010EF0, 0x00010EF0, 0x00010EF1, 0x00010EF2, 0x00010EF3, 0x00010EF3,
  0x00010EF4, 0x00010EF5, 0x00010EF6, 0x00010EF6, 0x00010EF7, 0x00010EF8, 0x00010EF9, 0x00010EF9, 0x00010EFA, 0x00010EFB,
  0x00010EFB, 0x00010EFC, 0x00010EFD, 0x00010EFE, 0x00010EFE, 0x00010EFF, 0x00010F00, 0x00010F01, 0x00010F01, 0x00010F02,
  0x00010F03, 0x00010F04, 0x00010F04, 0x00010F05, 0x00010F06, 0x00010F06, 0x00010F07, 0x00010F08, 0x00010F09, 0x00010F09,
  0x00010F0A, 0x00010F0B, 0x00010F0C, 0x00010F0C, 0x00010F0D, 0x00010F0E, 0x00010F0F, 0x00010F0F, 0x00010F10, 0x00010F11,
  0x00010F12, 0x00010F12, 0x00010F13, 0x00010F14, 0x00010F15, 0x00011115, 0x00011116, 0x00011117, 0x00011118, 0x00011118,
  0x00011119, 0x0001111A, 0x0001111B, 0x0001111B, 0x0001111C, 0x0001111D, 0x0001111E, 0x0001111F, 0x0001111F, 0x00011120,
  0x00011121, 0x00011122, 0x00011123, 0x00011123, 0x00011124, 0x00011325, 0x00011326, 0x00011327, 0x00011328, 0x00011328,
  0x00011329, 0x0001132A, 0x0001132B, 0x0001132C, 0x0001132D, 0x0001132E, 0x0001132E, 0x0001132F, 0x00011530, 0x00011531,
  0x00011532, 0x00011533, 0x00011534, 0x00011535, 0x00011536, 0x00011537, 0x00011538, 0x00011539, 0x0001173A, 0x0001173B,
  0x0001173C, 0x0001173D, 0x0001173E, 0x0001173F, 0x00011740, 0x00011741, 0x00011942, 0x00011943, 0x00011944, 0x00011945,
  0x00011946, 0x00011947, 0x00011B49, 0x00011B4A, 0x00011B4B, 0x00011B4C, 0x00011B4E, 0x00011B4F, 0x00011D51, 0x00011D52,
  0x00011D53, 0x00011D55, 0x00011F57, 0x00011F58, 0x00011F5A, 0x00011F5C, 0x0001215E, 0x00012160, 0x00012162, 0x00012364,
  0x00012367, 0x0001256A, 0x0001276E, 0x00012774, 0x00000000, 0x00000000, 0x00000000, 0x00000000, 0x00000000, 0x00000000,
  0x00000000, 0x00000000, 0x00012A89, 0x00012690, 0x00012694, 0x00012497, 0x0001249A, 0x0001229C, 0x0001229F, 0x000122A1,
  0x000120A3, 0x000120A5, 0x000120A6, 0x00011EA8, 0x00011EAA, 0x00011EAB, 0x00011EAD, 0x00011CAE, 0x00011CB0, 0x00011CB1,
  0x00011CB2, 0x00011CB4, 0x00011AB5, 0x00011AB6, 0x00011AB7, 0x00011AB9, 0x00011ABA, 0x00011ABB, 0x00011ABC, 0x000118BD,
  0x000118BE, 0x000118BF, 0x000118C0, 0x000118C1, 0x000118C2, 0x000118C3, 0x000116C4, 0x000116C5, 0x000116C6, 0x000116C7,
  0x000116C8, 0x000116C9, 0x000116CA, 0x000116CB, 0x000116CC, 0x000114CD, 0x000114CE, 0x000114CF, 0x000114D0, 0x000114D1,
  0x000114D1, 0x000114D2, 0x000114D3, 0x000114D4, 0x000114D5, 0x000114D6, 0x000114D7, 0x000112D7, 0x000112D8, 0x000112D9,
  0x000112DA, 0x000112DB, 0x000112DC, 0x000112DC, 0x000112DD, 0x000112DE, 0x000112DF, 0x000112E0, 0x000112E0, 0x000112E1,
  0x000112E2, 0x000112E3, 0x000112E3, 0x000112E4, 0x000112E5, 0x000110E6, 0x000110E7, 0x000110E7, 0x000110E8, 0x000110E9,
  0x000110EA, 0x000110EA, 0x000110EB, 0x000110EC, 0x000110ED, 0x000110ED, 0x000110EE, 0x000110EF, 0x000110F0, 0x000110F0,
  0x000110F1, 0x000110F2, 0x000110F3, 0x000110F3, 0x000110F4, 0x000110F5, 0x000110F6, 0x000110F6, 0x000110F7, 0x000110F8,
  0x000110F9, 0x000110F9, 0x000110FA, 0x000110FB, 0x000110FB, 0x000110FC, 0x000110FD, 0x000110FE, 0x000110FE, 0x000110FF,
  0x00011100, 0x00011101, 0x00011101, 0x00011102, 0x00011103, 0x00011104, 0x00011104, 0x00011105, 0x00011106, 0x00011106,
  0x00011107, 0x00011108, 0x00011109, 0x00011109, 0x0001110A, 0x0001110B, 0x0001110C, 0x0001110C, 0x0001110D, 0x0001110E,
  0x0001110F, 0x0001110F, 0x00011110, 0x00011111, 0x00011112, 0x00011112, 0x00011113, 0x00011114, 0x00011115, 0x00011115,
  0x00011116, 0x00011117, 0x00011118, 0x00011118, 0x00011119, 0x0001131A, 0x0001131B, 0x0001131C, 0x0001131C, 0x0001131D,
  0x0001131E, 0x0001131F, 0x0001131F, 0x00011320, 0x00011321, 0x00011322, 0x00011323, 0x00011323, 0x00011324, 0x00011325,
  0x00011326, 0x00011327, 0x00011328, 0x00011528, 0x00011529, 0x0001152A, 0x0001152B, 0x0001152C, 0x0001152D, 0x0001152E,
  0x0001152E, 0x0001152F, 0x00011530, 0x00011531, 0x00011532, 0x00011733, 0x00011734, 0x00011735, 0x00011736, 0x00011737,
  0x00011738, 0x00011739, 0x0001173A, 0x0001173B, 0x0001193C, 0x0001193D, 0x0001193E, 0x0001193F, 0x00011940, 0x00011941,
  0x00011942, 0x00011B43, 0x00011B44, 0x00011B45, 0x00011B46, 0x00011B48, 0x00011B49, 0x00011B4A, 0x00011D4B, 0x00011D4D,
  0x00011D4E, 0x00011D4F, 0x00011D51, 0x00011F52, 0x00011F54, 0x00011F55, 0x00011F57, 0x00012159, 0x0001215A, 0x0001215C,
  0x0001235E, 0x00012360, 0x00012363, 0x00012565, 0x00012568, 0x0001276B, 0x0001276F, 0x00012B76, 0x00000000, 0x00000000,
  0x00000000, 0x00000000, 0x00000000, 0x00000000, 0x00000000, 0x00000000, 0x00000000, 0x0001288E, 0x00012893, 0x00012696,
  0x00012699, 0x0001249C, 0x0001249E, 0x000122A0, 0x000122A2, 0x000122A4, 0x000120A6, 0x000120A8, 0x000120A9, 0x000120AB,
  0x00011EAD, 0x00011EAE, 0x00011EAF, 0x00011EB1, 0x00011EB2, 0x00011CB3, 0x00011CB5, 0x00011CB6, 0x00011CB7, 0x00011CB8,
  0x00011CBA, 0x00011ABB, 0x00011ABC, 0x00011ABD, 0x00011ABE, 0x00011ABF, 0x00011AC0, 0x00011AC1, 0x000118C2, 0x000118C3,
  0x000118C4, 0x000118C5, 0x000118C6, 0x000118C7, 0x000118C8, 0x000118C9, 0x000118CA, 0x000116CB, 0x000116CC, 0x000116CD,
  0x000116CE, 0x000116CF, 0x000116D0, 0x000116D0, 0x000116D1, 0x000116D2, 0x000116D3, 0x000116D4, 0x000114D5, 0x000114D6,
  0x000114D7, 0x000114D7, 0x000114D8, 0x000114D9, 0x000114DA, 0x000114DB, 0x000114DB, 0x000114DC, 0x000114DD, 0x000114DE,
  0x000114DF, 0x000114E0, 0x000114E0, 0x000114E1, 0x000112E2, 0x000112E3, 0x000112E3, 0x000112E4, 0x000112E5, 0x000112E6,
  0x000112E7, 0x000112E7, 0x000112E8, 0x000112E9, 0x000112EA, 0x000112EA, 0x000112EB, 0x000112EC, 0x000112ED, 0x000112ED,
  0x000112EE, 0x000112EF, 0x000112F0, 0x000112F0, 0x000112F1, 0x000112F2, 0x000112F3, 0x000112F3, 0x000112F4, 0x000112F5,
  0x000112F6, 0x000112F6, 0x000112F7, 0x000112F8, 0x000112F9, 0x000112F9, 0x000112FA, 0x000112FB, 0x000112FB, 0x000112FC,
  0x000112FD, 0x000112FE, 0x000112FE, 0x000112FF, 0x00011300, 0x00011301, 0x00011301, 0x00011302, 0x00011303, 0x00011304,
  0x00011304, 0x00011305, 0x00011306, 0x00011306, 0x00011307, 0x00011308, 0x00011309, 0x00011309, 0x0001130A, 0x0001130B,
  0x0001130C, 0x0001130C, 0x0001130D, 0x0001130E, 0x0001130F, 0x0001130F, 0x00011310, 0x00011311, 0x00011312, 0x00011312,
  0x00011313, 0x00011314, 0x00011315, 0x00011315, 0x00011316, 0x00011317, 0x00011318, 0x00011318, 0x00011319, 0x0001131A,
  0x0001131B, 0x0001131C, 0x0001131C, 0x0001131D, 0x0001151E, 0x0001151F, 0x0001151F, 0x00011520, 0x00011521, 0x00011522,
  0x00011523, 0x00011524, 0x00011524, 0x00011525, 0x00011526, 0x00011527, 0x00011528, 0x00011528, 0x00011529, 0x0001152A,
  0x0001172B, 0x0001172C, 0x0001172D, 0x0001172E, 0x0001172F, 0x0001172F, 0x00011730, 0x00011731, 0x00011732, 0x00011733,
  0x00011734, 0x00011935, 0x00011936, 0x00011937, 0x00011938, 0x00011939, 0x0001193A, 0x0001193B, 0x0001193C, 0x0001193D,
  0x00011B3E, 0x00011B3F, 0x00011B40, 0x00011B41, 0x00011B42, 0x00011B43, 0x00011B44, 0x00011D45, 0x00011D47, 0x00011D48,
  0x00011D49, 0x00011D4A, 0x00011D4C, 0x00011F4D, 0x00011F4E, 0x00011F50, 0x00011F51, 0x00011F52, 0x00012154, 0x00012156,
  0x00012157, 0x00012159, 0x0001235B, 0x0001235D, 0x0001235F, 0x00012561, 0x00012563, 0x00012766, 0x00012769, 0x0001296C,
  0x00012971, 0x00000000, 0x00000000, 0x00000000, 0x00000000, 0x00000000, 0x00000000, 0x00000000, 0x00000000, 0x00000000,
  0x00000000, 0x00012C8D, 0x00012A92, 0x00012896, 0x00012699, 0x0001269B, 0x0001269E, 0x000124A0, 0x000124A2, 0x000124A4,
  0x000122A6, 0x000122A7, 0x000122A9, 0x000122AB, 0x000120AC, 0x000120AE, 0x000120AF, 0x000120B1, 0x00011EB2, 0x00011EB3,
  0x00011EB5, 0x00011EB6, 0x00011EB7, 0x00011EB8, 0x00011CB9, 0x00011CBB, 0x00011CBC, 0x00011CBD, 0x00011CBE, 0x00011CBF,
  0x00011CC0, 0x00011AC1, 0x00011AC2, 0x00011AC3, 0x00011AC4, 0x00011AC5, 0x00011AC6, 0x00011AC7, 0x00011AC8, 0x000118C9,
  0x000118CA, 0x000118CB, 0x000118CC, 0x000118CD, 0x000118CE, 0x000118CF, 0x000118D0, 0x000118D0, 0x000118D1, 0x000116D2,
  0x000116D3, 0x000116D4, 0x000116D5, 0x000116D6, 0x000116D6, 0x000116D7, 0x000116D8, 0x000116D9, 0x000116DA, 0x000116DB,
  0x000116DB, 0x000116DC, 0x000116DD, 0x000116DE, 0x000114DF, 0x000114DF, 0x000114E0, 0x000114E1, 0x000114E2, 0x000114E3,
  0x000114E3, 0x000114E4, 0x000114E5, 0x000114E6, 0x000114E7, 0x000114E7, 0x000114E8, 0x000114E9, 0x000114EA, 0x000114EA,
  0x000114EB, 0x000114EC, 0x000114ED, 0x000114ED, 0x000114EE, 0x000114EF, 0x000114F0, 0x000114F0, 0x000112F1, 0x000112F2,
  0x000112F3, 0x000112F3, 0x000112F4, 0x000112F5, 0x000112F6, 0x000112F6, 0x000112F7, 0x000112F8, 0x000112F9, 0x000112F9,
  0x000112FA, 0x000112FB, 0x000112FB, 0x000112FC, 0x000112FD, 0x000112FE, 0x000112FE, 0x000112FF, 0x00011300, 0x00011301,
  0x00011301, 0x00011302, 0x00011303, 0x00011304, 0x00011304, 0x00011305, 0x00011306, 0x00011306, 0x00011307, 0x00011308,
  0x00011309, 0x00011309, 0x0001130A, 0x0001130B, 0x0001130C, 0x0001130C, 0x0001130D, 0x0001130E, 0x0001150F, 0x0001150F,
  0x00011510, 0x00011511, 0x00011512, 0x00011512, 0x00011513, 0x00011514, 0x00011515, 0x00011515, 0x00011516, 0x00011517,
  0x00011518, 0x00011518, 0x00011519, 0x0001151A, 0x0001151B, 0x0001151C, 0x0001151C, 0x0001151D, 0x0001151E, 0x0001151F,
  0x00011520, 0x00011520, 0x00011721, 0x00011722, 0x00011723, 0x00011724, 0x00011724, 0x00011725, 0x00011726, 0x00011727,
  0x00011728, 0x00011729, 0x00011729, 0x0001172A, 0x0001172B, 0x0001172C, 0x0001172D, 0x0001192E, 0x0001192F, 0x0001192F,
  0x00011930, 0x00011931, 0x00011932, 0x00011933, 0x00011934, 0x00011935, 0x00011936, 0x00011B37, 0x00011B38, 0x00011B39,
  0x00011B3A, 0x00011B3B, 0x00011B3C, 0x00011B3D, 0x00011B3E, 0x00011D3F, 0x00011D40, 0x00011D41, 0x00011D42, 0x00011D43,
  0x00011D44, 0x00011D46, 0x00011F47, 0x00011F48, 0x00011F49, 0x00011F4A, 0x00011F4C, 0x00011F4D, 0x0001214E, 0x00012150,
  0x00012151, 0x00012153, 0x00012354, 0x00012356, 0x00012358, 0x00012359, 0x0001255B, 0x0001255D, 0x0001255F, 0x00012761,
  0x00012764, 0x00012766, 0x00012969, 0x00012B6D, 0x00012D72, 0x00000000, 0x00000000, 0x00000000, 0x00000000, 0x00000000,
  0x00000000, 0x00000000, 0x00000000, 0x00000000, 0x00000000, 0x00012E8B, 0x00012C91, 0x00012A95, 0x00012898, 0x0001289B,
  0x0001269D, 0x0001269F, 0x000126A2, 0x000124A4, 0x000124A5, 0x000124A7, 0x000124A9, 0x000122AA, 0x000122AC, 0x000122AD,
  0x000122AF, 0x000120B0, 0x000120B2, 0x000120B3, 0x000120B4, 0x000120B6, 0x000120B7, 0x00011EB8, 0x00011EB9, 0x00011EBA,
  0x00011EBC, 0x00011EBD, 0x00011EBE, 0x00011CBF, 0x00011CC0, 0x00011CC1, 0x00011CC2, 0x00011CC3, 0x00011CC4, 0x00011CC5,
  0x00011CC6, 0x00011AC7, 0x00011AC8, 0x00011AC9, 0x00011ACA, 0x00011ACB, 0x00011ACC, 0x00011ACD, 0x00011ACE, 0x00011ACF,
  0x00011ACF, 0x000118D0, 0x000118D1, 0x000118D2, 0x000118D3, 0x000118D4, 0x000118D5, 0x000118D6, 0x000118D6, 0x000118D7,
  0x000118D8, 0x000118D9, 0x000118DA, 0x000118DB, 0x000116DB, 0x000116DC, 0x000116DD, 0x000116DE, 0x000116DF, 0x000116DF,
  0x000116E0, 0x000116E1, 0x000116E2, 0x000116E3, 0x000116E3, 0x000116E4, 0x000116E5, 0x000116E6, 0x000116E7, 0x000116E7,
  0x000116E8, 0x000116E9, 0x000116EA, 0x000116EA, 0x000114EB, 0x000114EC, 0x000114ED, 0x000114ED, 0x000114EE, 0x000114EF,
  0x000114F0, 0x000114F0, 0x000114F1, 0x000114F2, 0x000114F3, 0x000114F3, 0x000114F4, 0x000114F5, 0x000114F6, 0x000114F6,
  0x000114F7, 0x000114F8, 0x000114F9, 0x000114F9, 0x000114FA, 0x000114FB, 0x000114FB, 0x000114FC, 0x000114FD, 0x000114FE,
  0x000114FE, 0x000114FF, 0x00011500, 0x00011501, 0x00011501, 0x00011502, 0x00011503, 0x00011504, 0x00011504, 0x00011505,
  0x00011506, 0x00011506, 0x00011507, 0x00011508, 0x00011509, 0x00011509, 0x0001150A, 0x0001150B, 0x0001150C, 0x0001150C,
  0x0001150D, 0x0001150E, 0x0001150F, 0x0001150F, 0x00011510, 0x00011511, 0x00011512, 0x00011512, 0x00011513, 0x00011514,
  0x00011715, 0x00011715, 0x00011716, 0x00011717, 0x00011718, 0x00011718, 0x00011719, 0x0001171A, 0x0001171B, 0x0001171C,
  0x0001171C, 0x0001171D, 0x0001171E, 0x0001171F, 0x00011720, 0x00011720, 0x00011721, 0x00011722, 0x00011723, 0x00011724,
  0x00011924, 0x00011925, 0x00011926, 0x00011927, 0x00011928, 0x00011929, 0x00011929, 0x0001192A, 0x0001192B, 0x0001192C,
  0x0001192D, 0x0001192E, 0x0001192F, 0x00011B30, 0x00011B30, 0x00011B31, 0x00011B32, 0x00011B33, 0x00011B34, 0x00011B35,
  0x00011B36, 0x00011B37, 0x00011B38, 0x00011D39, 0x00011D3A, 0x00011D3B, 0x00011D3C, 0x00011D3D, 0x00011D3E, 0x00011D3F,
  0x00011D40, 0x00011F41, 0x00011F42, 0x00011F43, 0x00011F45, 0x00011F46, 0x00011F47, 0x00012148, 0x00012149, 0x0001214B,
  0x0001214C, 0x0001214D, 0x0001214F, 0x00012350, 0x00012352, 0x00012353, 0x00012355, 0x00012556, 0x00012558, 0x0001255A,
  0x0001255B, 0x0001275D, 0x00012760, 0x00012762, 0x00012964, 0x00012967, 0x00012B6A, 0x00012D6E, 0x00012F74, 0x00000000,
  0x00000000, 0x00000000, 0x00000000, 0x00000000, 0x00000000, 0x00000000, 0x00000000, 0x00000000, 0x00000000, 0x00013087,
  0x00012E8F, 0x00012C94, 0x00012A97, 0x00012A9A, 0x0001289D, 0x0001289F, 0x000128A1, 0x000126A3, 0x000126A5, 0x000126A7,
  0x000124A8, 0x000124AA, 0x000124AC, 0x000124AD, 0x000122AF, 0x000122B0, 0x000122B1, 0x000122B3, 0x000122B4, 0x000120B5,
  0x000120B7, 0x000120B8, 0x000120B9, 0x000120BA, 0x000120BB, 0x000120BC, 0x00011EBE, 0x00011EBF, 0x00011EC0, 0x00011EC1,
  0x00011EC2, 0x00011EC3, 0x00011EC4, 0x00011CC5, 0x00011CC6, 0x00011CC7, 0x00011CC8, 0x00011CC9, 0x00011CCA, 0x00011CCB,
  0x00011CCC, 0x00011CCD, 0x00011ACE, 0x00011ACE, 0x00011ACF, 0x00011AD0, 0x00011AD1, 0x00011AD2, 0x00011AD3, 0x00011AD4,
  0x00011AD5, 0x00011AD5, 0x00011AD6, 0x00011AD7, 0x000118D8, 0x000118D9, 0x000118DA, 0x000118DB, 0x000118DB, 0x000118DC,
  0x000118DD, 0x000118DE, 0x000118DF, 0x000118DF, 0x000118E0, 0x000118E1, 0x000118E2, 0x000118E3, 0x000118E3, 0x000118E4,
  0x000118E5, 0x000118E6, 0x000116E6, 0x000116E7, 0x000116E8, 0x000116E9, 0x000116EA, 0x000116EA, 0x000116EB, 0x000116EC,
  0x000116ED, 0x000116ED, 0x000116EE, 0x000116EF, 0x000116F0, 0x000116F0, 0x000116F1, 0x000116F2, 0x000116F3, 0x000116F3,
  0x000116F4, 0x000116F5, 0x000116F6, 0x000116F6, 0x000116F7, 0x000116F8, 0x000116F9, 0x000116F9, 0x000116FA, 0x000116FB,
  0x000116FB, 0x000116FC, 0x000116FD, 0x000116FE, 0x000116FE, 0x000116FF, 0x00011700, 0x00011701, 0x00011701, 0x00011702,
  0x00011703, 0x00011704, 0x00011704, 0x00011705, 0x00011706, 0x00011706, 0x00011707, 0x00011708, 0x00011709, 0x00011709,
  0x0001170A, 0x0001170B, 0x0001170C, 0x0001170C, 0x0001170D, 0x0001170E, 0x0001170F, 0x0001170F, 0x00011710, 0x00011711,
  0x00011712, 0x00011712, 0x00011713, 0x00011714, 0x00011715, 0x00011715, 0x00011716, 0x00011717, 0x00011718, 0x00011719,
  0x00011919, 0x0001191A, 0x0001191B, 0x0001191C, 0x0001191C, 0x0001191D, 0x0001191E, 0x0001191F, 0x00011920, 0x00011920,
  0x00011921, 0x00011922, 0x00011923, 0x00011924, 0x00011924, 0x00011925, 0x00011926, 0x00011927, 0x00011B28, 0x00011B29,
  0x00011B2A, 0x00011B2A, 0x00011B2B, 0x00011B2C, 0x00011B2D, 0x00011B2E, 0x00011B2F, 0x00011B30, 0x00011B31, 0x00011B31,
  0x00011D32, 0x00011D33, 0x00011D34, 0x00011D35, 0x00011D36, 0x00011D37, 0x00011D38, 0x00011D39, 0x00011D3A, 0x00011F3B,
  0x00011F3C, 0x00011F3D, 0x00011F3E, 0x00011F3F, 0x00011F40, 0x00011F41, 0x00012143, 0x00012144, 0x00012145, 0x00012146,
  0x00012147, 0x00012148, 0x0001214A, 0x0001234B, 0x0001234C, 0x0001234E, 0x0001234F, 0x00012350, 0x00012552, 0x00012553,
  0x00012555, 0x00012557, 0x00012758, 0x0001275A, 0x0001275C, 0x0001295E, 0x00012960, 0x00012962, 0x00012B65, 0x00012B68,
  0x00012D6B, 0x00012F70, 0x00013178, 0x00000000, 0x00000000, 0x00000000, 0x00000000, 0x00000000, 0x00000000, 0x00000000,
  0x00000000, 0x00000000, 0x00000000, 0x00000000, 0x0001308E, 0x00012E93, 0x00012C96, 0x00012C99, 0x00012A9C, 0x00012A9E,
  0x000128A1, 0x000128A3, 0x000128A5, 0x000128A6, 0x000126A8, 0x000126AA, 0x000126AB, 0x000126AD, 0x000124AE, 0x000124B0,
  0x000124B1, 0x000124B3, 0x000122B4, 0x000122B5, 0x000122B6, 0x000122B8, 0x000122B9, 0x000122BA, 0x000120BB, 0x000120BC,
  0x000120BD, 0x000120BF, 0x000120C0, 0x000120C1, 0x000120C2, 0x00011EC3, 0x00011EC4, 0x00011EC5, 0x00011EC6, 0x00011EC7,
  0x00011EC8, 0x00011EC9, 0x00011ECA, 0x00011ECB, 0x00011CCC, 0x00011CCD, 0x00011CCD, 0x00011CCE, 0x00011CCF, 0x00011CD0,
  0x00011CD1, 0x00011CD2, 0x00011CD3, 0x00011CD4, 0x00011CD5, 0x00011AD5, 0x00011AD6, 0x00011AD7, 0x00011AD8, 0x00011AD9,
  0x00011ADA, 0x00011ADA, 0x00011ADB, 0x00011ADC, 0x00011ADD, 0x00011ADE, 0x00011ADF, 0x00011ADF, 0x00011AE0, 0x00011AE1,
  0x00011AE2, 0x000118E3, 0x000118E3, 0x000118E4, 0x000118E5, 0x000118E6, 0x000118E6, 0x000118E7, 0x000118E8, 0x000118E9,
  0x000118EA, 0x000118EA, 0x000118EB, 0x000118EC, 0x000118ED, 0x000118ED, 0x000118EE, 0x000118EF, 0x000118F0, 0x000118F0,
  0x000118F1, 0x000118F2, 0x000118F3, 0x000118F3, 0x000118F4, 0x000118F5, 0x000118F6, 0x000118F6, 0x000118F7, 0x000118F8,
  0x000118F9, 0x000118F9, 0x000118FA, 0x000118FB, 0x000118FB, 0x000118FC, 0x000118FD, 0x000118FE, 0x000118FE, 0x000118FF,
  0x00011900, 0x00011901, 0x00011901, 0x00011902, 0x00011903, 0x00011904, 0x00011904, 0x00011905, 0x00011906, 0x00011906,
  0x00011907, 0x00011908, 0x00011909, 0x00011909, 0x0001190A, 0x0001190B, 0x0001190C, 0x0001190C, 0x0001190D, 0x0001190E,
  0x0001190F, 0x0001190F, 0x00011910, 0x00011911, 0x00011912, 0x00011912, 0x00011913, 0x00011914, 0x00011915, 0x00011915,
  0x00011916, 0x00011917, 0x00011918, 0x00011919, 0x00011919, 0x0001191A, 0x0001191B, 0x0001191C, 0x0001191C, 0x00011B1D,
  0x00011B1E, 0x00011B1F, 0x00011B20, 0x00011B20, 0x00011B21, 0x00011B22, 0x00011B23, 0x00011B24, 0x00011B25, 0x00011B25,
  0x00011B26, 0x00011B27, 0x00011B28, 0x00011B29, 0x00011B2A, 0x00011D2A, 0x00011D2B, 0x00011D2C, 0x00011D2D, 0x00011D2E,
  0x00011D2F, 0x00011D30, 0x00011D31, 0x00011D32, 0x00011D32, 0x00011D33, 0x00011F34, 0x00011F35, 0x00011F36, 0x00011F37,
  0x00011F38, 0x00011F39, 0x00011F3A, 0x00011F3B, 0x00011F3C, 0x0001213D, 0x0001213E, 0x0001213F, 0x00012140, 0x00012142,
  0x00012143, 0x00012144, 0x00012345, 0x00012346, 0x00012347, 0x00012349, 0x0001234A, 0x0001234B, 0x0001254C, 0x0001254E,
  0x0001254F, 0x00012551, 0x00012752, 0x00012754, 0x00012755, 0x00012757, 0x00012959, 0x0001295A, 0x0001295C, 0x0001295E,
  0x00012B61, 0x00012B63, 0x00012D66, 0x00012D69, 0x00012F6C, 0x00013171, 0x00000000, 0x00000000, 0x00000000, 0x00000000,
  0x00000000, 0x00000000, 0x00000000, 0x00000000, 0x00000000, 0x00000000, 0x00000000, 0x00000000, 0x0001328B, 0x00013091,
  0x00012E95, 0x00012E99, 0x00012C9B, 0x00012C9E, 0x00012AA0, 0x00012AA2, 0x00012AA4, 0x000128A6, 0x000128A8, 0x000128A9,
  0x000128AB, 0x000126AD, 0x000126AE, 0x000126B0, 0x000126B1, 0x000124B2, 0x000124B4, 0x000124B5, 0x000124B6, 0x000124B7,
  0x000124B9, 0x000122BA, 0x000122BB, 0x000122BC, 0x000122BD, 0x000122BE, 0x000122BF, 0x000122C1, 0x000120C2, 0x000120C3,
  0x000120C4, 0x000120C5, 0x000120C6, 0x000120C7, 0x000120C8, 0x000120C9, 0x00011ECA, 0x00011ECB, 0x00011ECB, 0x00011ECC,
  0x00011ECD, 0x00011ECE, 0x00011ECF, 0x00011ED0, 0x00011ED1, 0x00011ED2, 0x00011ED3, 0x00011CD4, 0x00011CD4, 0x00011CD5,
  0x00011CD6, 0x00011CD7, 0x00011CD8, 0x00011CD9, 0x00011CDA, 0x00011CDA, 0x00011CDB, 0x00011CDC, 0x00011CDD, 0x00011CDE,
  0x00011CDE, 0x00011ADF, 0x00011AE0, 0x00011AE1, 0x00011AE2, 0x00011AE2, 0x00011AE3, 0x00011AE4, 0x00011AE5, 0x00011AE6,
  0x00011AE6, 0x00011AE7, 0x00011AE8, 0x00011AE9, 0x00011AE9, 0x00011AEA, 0x00011AEB, 0x00011AEC, 0x00011AED, 0x00011AED,
  0x00011AEE, 0x00011AEF, 0x00011AF0, 0x00011AF0, 0x00011AF1, 0x00011AF2, 0x00011AF3, 0x000118F3, 0x000118F4, 0x000118F5,
  0x000118F6, 0x000118F6, 0x000118F7, 0x000118F8, 0x000118F8, 0x000118F9, 0x000118FA, 0x000118FB, 0x000118FB, 0x000118FC,
  0x000118FD, 0x000118FE, 0x000118FE, 0x000118FF, 0x00011900, 0x00011901, 0x00011901, 0x00011902, 0x00011903, 0x00011904,
  0x00011904, 0x00011905, 0x00011906, 0x00011907, 0x00011907, 0x00011908, 0x00011909, 0x00011909, 0x0001190A, 0x0001190B,
  0x0001190C, 0x00011B0C, 0x00011B0D, 0x00011B0E, 0x00011B0F, 0x00011B0F, 0x00011B10, 0x00011B11, 0x00011B12, 0x00011B12,
  0x00011B13, 0x00011B14, 0x00011B15, 0x00011B16, 0x00011B16, 0x00011B17, 0x00011B18, 0x00011B19, 0x00011B19, 0x00011B1A,
  0x00011B1B, 0x00011B1C, 0x00011B1D, 0x00011B1D, 0x00011B1E, 0x00011B1F, 0x00011B20, 0x00011D21, 0x00011D21, 0x00011D22,
  0x00011D23, 0x00011D24, 0x00011D25, 0x00011D25, 0x00011D26, 0x00011D27, 0x00011D28, 0x00011D29, 0x00011D2A, 0x00011D2B,
  0x00011D2B, 0x00011F2C, 0x00011F2D, 0x00011F2E, 0x00011F2F, 0x00011F30, 0x00011F31, 0x00011F32, 0x00011F33, 0x00011F34,
  0x00011F34, 0x00011F35, 0x00012136, 0x00012137, 0x00012138, 0x00012139, 0x0001213A, 0x0001213B, 0x0001213C, 0x0001213D,
  0x0001233E, 0x00012340, 0x00012341, 0x00012342, 0x00012343, 0x00012344, 0x00012345, 0x00012546, 0x00012548, 0x00012549,
  0x0001254A, 0x0001254B, 0x0001254D, 0x0001274E, 0x0001274F, 0x00012751, 0x00012752, 0x00012954, 0x00012956, 0x00012957,
  0x00012959, 0x00012B5B, 0x00012B5D, 0x00012B5F, 0x00012D61, 0x00012D64, 0x00012F66, 0x00012F6A, 0x0001316E, 0x00013374,
  0x00000000, 0x00000000, 0x00000000, 0x00000000, 0x00000000, 0x00000000, 0x00000000, 0x00000000, 0x00000000, 0x00000000,
  0x00000000, 0x00000000, 0x00013687, 0x00013290, 0x00013094, 0x00013098, 0x00012E9B, 0x00012E9D, 0x00012C9F, 0x00012CA2,
  0x00012CA4, 0x00012AA6, 0x00012AA7, 0x00012AA9, 0x000128AB, 0x000128AC, 0x000128AE, 0x000128AF, 0x000128B1, 0x000126B2,
  0x000126B3, 0x000126B5, 0x000126B6, 0x000126B7, 0x000124B8, 0x000124BA, 0x000124BB, 0x000124BC, 0x000124BD, 0x000124BE,
  0x000122BF, 0x000122C0, 0x000122C1, 0x000122C2, 0x000122C3, 0x000122C5, 0x000122C6, 0x000122C7, 0x000120C8, 0x000120C8,
  0x000120C9, 0x000120CA, 0x000120CB, 0x000120CC, 0x000120CD, 0x000120CE, 0x000120CF, 0x000120D0, 0x00011ED1, 0x00011ED2,
  0x00011ED3, 0x00011ED4, 0x00011ED4, 0x00011ED5, 0x00011ED6, 0x00011ED7, 0x00011ED8, 0x00011ED9, 0x00011ED9, 0x00011EDA,
  0x00011EDB, 0x00011CDC, 0x00011CDD, 0x00011CDE, 0x00011CDE, 0x00011CDF, 0x00011CE0, 0x00011CE1, 0x00011CE2, 0x00011CE2,
  0x00011CE3, 0x00011CE4, 0x00011CE5, 0x00011CE6, 0x00011CE6, 0x00011CE7, 0x00011CE8, 0x00011CE9, 0x00011CE9, 0x00011CEA,
  0x00011CEB, 0x00011CEC, 0x00011AEC, 0x00011AED, 0x00011AEE, 0x00011AEF, 0x00011AF0, 0x00011AF0, 0x00011AF1, 0x00011AF2,
  0x00011AF3, 0x00011AF3, 0x00011AF4, 0x00011AF5, 0x00011AF6, 0x00011AF6, 0x00011AF7, 0x00011AF8, 0x00011AF8, 0x00011AF9,
  0x00011AFA, 0x00011AFB, 0x00011AFB, 0x00011AFC, 0x00011AFD, 0x00011AFE, 0x00011AFE, 0x00011AFF, 0x00011B00, 0x00011B01,
  0x00011B01, 0x00011B02, 0x00011B03, 0x00011B04, 0x00011B04, 0x00011B05, 0x00011B06, 0x00011B07, 0x00011B07, 0x00011B08,
  0x00011B09, 0x00011B09, 0x00011B0A, 0x00011B0B, 0x00011B0C, 0x00011B0C, 0x00011B0D, 0x00011B0E, 0x00011B0F, 0x00011B0F,
  0x00011B10, 0x00011B11, 0x00011B12, 0x00011B13, 0x00011D13, 0x00011D14, 0x00011D15, 0x00011D16, 0x00011D16, 0x00011D17,
  0x00011D18, 0x00011D19, 0x00011D19, 0x00011D1A, 0x00011D1B, 0x00011D1C, 0x00011D1D, 0x00011D1D, 0x00011D1E, 0x00011D1F,
  0x00011D20, 0x00011D21, 0x00011D21, 0x00011D22, 0x00011D23, 0x00011F24, 0x00011F25, 0x00011F26, 0x00011F26, 0x00011F27,
  0x00011F28, 0x00011F29, 0x00011F2A, 0x00011F2B, 0x00011F2B, 0x00011F2C, 0x00011F2D, 0x00011F2E, 0x0001212F, 0x00012130,
  0x00012131, 0x00012132, 0x00012133, 0x00012134, 0x00012135, 0x00012136, 0x00012137, 0x00012137, 0x00012338, 0x00012339,
  0x0001233A, 0x0001233C, 0x0001233D, 0x0001233E, 0x0001233F, 0x00012340, 0x00012541, 0x00012542, 0x00012543, 0x00012544,
  0x00012545, 0x00012547, 0x00012748, 0x00012749, 0x0001274A, 0x0001274C, 0x0001274D, 0x0001294E, 0x00012950, 0x00012951,
  0x00012953, 0x00012954, 0x00012B56, 0x00012B58, 0x00012B59, 0x00012D5B, 0x00012D5D, 0x00012D60, 0x00012F62, 0x00012F64,
  0x00013167, 0x0001316B, 0x0001336F, 0x00013778, 0x00000000, 0x00000000, 0x00000000, 0x00000000, 0x00000000, 0x00000000,
  0x00000000, 0x00000000, 0x00000000, 0x00000000, 0x00000000, 0x00000000, 0x00000000, 0x0001348E, 0x00013293, 0x00013097,
  0x0001309A, 0x0001309C, 0x00012E9F, 0x00012EA1, 0x00012CA3, 0x00012CA5, 0x00012CA7, 0x00012CA9, 0x00012AAA, 0x00012AAC,
  0x00012AAD, 0x00012AAF, 0x000128B0, 0x000128B2, 0x000128B3, 0x000128B4, 0x000128B6, 0x000126B7, 0x000126B8, 0x000126B9,
  0x000126BB, 0x000126BC, 0x000126BD, 0x000124BE, 0x000124BF, 0x000124C0, 0x000124C1, 0x000124C2, 0x000124C3, 0x000124C4,
  0x000122C5, 0x000122C6, 0x000122C7, 0x000122C8, 0x000122C9, 0x000122CA, 0x000122CB, 0x000122CC, 0x000122CD, 0x000122CE,
  0x000120CF, 0x000120D0, 0x000120D1, 0x000120D2, 0x000120D3, 0x000120D3, 0x000120D4, 0x000120D5, 0x000120D6, 0x000120D7,
  0x000120D8, 0x000120D9, 0x00011ED9, 0x00011EDA, 0x00011EDB, 0x00011EDC, 0x00011EDD, 0x00011EDE, 0x00011EDE, 0x00011EDF,
  0x00011EE0, 0x00011EE1, 0x00011EE2, 0x00011EE2, 0x00011EE3, 0x00011EE4, 0x00011EE5, 0x00011EE6, 0x00011EE6, 0x00011EE7,
  0x00011CE8, 0x00011CE9, 0x00011CE9, 0x00011CEA, 0x00011CEB, 0x00011CEC, 0x00011CEC, 0x00011CED, 0x00011CEE, 0x00011CEF,
  0x00011CEF, 0x00011CF0, 0x00011CF1, 0x00011CF2, 0x00011CF3, 0x00011CF3, 0x00011CF4, 0x00011CF5, 0x00011CF5, 0x00011CF6,
  0x00011CF7, 0x00011CF8, 0x00011CF8, 0x00011CF9, 0x00011CFA, 0x00011CFB, 0x00011CFB, 0x00011CFC, 0x00011CFD, 0x00011CFE,
  0x00011CFE, 0x00011CFF, 0x00011D00, 0x00011D01, 0x00011D01, 0x00011D02, 0x00011D03, 0x00011D04, 0x00011D04, 0x00011D05,
  0x00011D06, 0x00011D07, 0x00011D07, 0x00011D08, 0x00011D09, 0x00011D0A, 0x00011D0A, 0x00011D0B, 0x00011D0C, 0x00011D0C,
  0x00011D0D, 0x00011D0E, 0x00011D0F, 0x00011D10, 0x00011D10, 0x00011D11, 0x00011D12, 0x00011D13, 0x00011D13, 0x00011D14,
  0x00011D15, 0x00011D16, 0x00011D16, 0x00011D17, 0x00011F18, 0x00011F19, 0x00011F19, 0x00011F1A, 0x00011F1B, 0x00011F1C,
  0x00011F1D, 0x00011F1D, 0x00011F1E, 0x00011F1F, 0x00011F20, 0x00011F21, 0x00011F21, 0x00011F22, 0x00011F23, 0x00011F24,
  0x00011F25, 0x00011F26, 0x00012126, 0x00012127, 0x00012128, 0x00012129, 0x0001212A, 0x0001212B, 0x0001212C, 0x0001212C,
  0x0001212D, 0x0001212E, 0x0001212F, 0x00012130, 0x00012331, 0x00012332, 0x00012333, 0x00012334, 0x00012335, 0x00012336,
  0x00012337, 0x00012338, 0x00012339, 0x0001233A, 0x0001253B, 0x0001253C, 0x0001253D, 0x0001253E, 0x0001253F, 0x00012540,
  0x00012541, 0x00012742, 0x00012743, 0x00012744, 0x00012746, 0x00012747, 0x00012748, 0x00012949, 0x0001294B, 0x0001294C,
  0x0001294D, 0x0001294F, 0x00012B50, 0x00012B52, 0x00012B53, 0x00012B55, 0x00012D56, 0x00012D58, 0x00012D5A, 0x00012D5C,
  0x00012F5E, 0x00012F60, 0x00013163, 0x00013165, 0x00013168, 0x0001336C, 0x00013571, 0x00000000, 0x00000000, 0x00000000,
  0x00000000, 0x00000000, 0x00000000, 0x00000000, 0x00000000, 0x00000000, 0x00000000, 0x00000000, 0x00000000, 0x00000000,
  0x00000000, 0x0001368B, 0x00013491, 0x00013296, 0x00013299, 0x0001309C, 0x0001309E, 0x000130A0, 0x00012EA3, 0x00012EA5,
  0x00012EA6, 0x00012CA8, 0x00012CAA, 0x00012CAB, 0x00012CAD, 0x00012AAF, 0x00012AB0, 0x00012AB1, 0x00012AB3, 0x00012AB4,
  0x000128B5, 0x000128B7, 0x000128B8, 0x000128B9, 0x000128BA, 0x000128BB, 0x000126BD, 0x000126BE, 0x000126BF, 0x000126C0,
  0x000126C1, 0x000126C2, 0x000126C3, 0x000124C4, 0x000124C5, 0x000124C6, 0x000124C7, 0x000124C8, 0x000124C9, 0x000124CA,
  0x000124CB, 0x000124CC, 0x000122CD, 0x000122CE, 0x000122CF, 0x000122D0, 0x000122D1, 0x000122D2, 0x000122D2, 0x000122D3,
  0x000122D4, 0x000122D5, 0x000122D6, 0x000120D7, 0x000120D8, 0x000120D8, 0x000120D9, 0x000120DA, 0x000120DB, 0x000120DC,
  0x000120DD, 0x000120DD, 0x000120DE, 0x000120DF, 0x000120E0, 0x000120E1, 0x000120E2, 0x000120E2, 0x000120E3, 0x00011EE4,
  0x00011EE5, 0x00011EE5, 0x00011EE6, 0x00011EE7, 0x00011EE8, 0x00011EE9, 0x00011EE9, 0x00011EEA, 0x00011EEB, 0x00011EEC,
  0x00011EEC, 0x00011EED, 0x00011EEE, 0x00011EEF, 0x00011EEF, 0x00011EF0, 0x00011EF1, 0x00011EF2, 0x00011EF2, 0x00011EF3,
  0x00011EF4, 0x00011EF5, 0x00011EF5, 0x00011EF6, 0x00011EF7, 0x00011EF8, 0x00011EF8, 0x00011EF9, 0x00011EFA, 0x00011EFB,
  0x00011EFB, 0x00011EFC, 0x00011EFD, 0x00011EFE, 0x00011EFE, 0x00011EFF, 0x00011F00, 0x00011F01, 0x00011F01, 0x00011F02,
  0x00011F03, 0x00011F04, 0x00011F04, 0x00011F05, 0x00011F06, 0x00011F07, 0x00011F07, 0x00011F08, 0x00011F09, 0x00011F0A,
  0x00011F0A, 0x00011F0B, 0x00011F0C, 0x00011F0D, 0x00011F0D, 0x00011F0E, 0x00011F0F, 0x00011F10, 0x00011F10, 0x00011F11,
  0x00011F12, 0x00011F13, 0x00011F13, 0x00011F14, 0x00011F15, 0x00011F16, 0x00011F16, 0x00011F17, 0x00011F18, 0x00011F19,
  0x00011F1A, 0x00011F1A, 0x00011F1B, 0x0001211C, 0x0001211D, 0x0001211D, 0x0001211E, 0x0001211F, 0x00012120, 0x00012121,
  0x00012122, 0x00012122, 0x00012123, 0x00012124, 0x00012125, 0x00012126, 0x00012127, 0x00012127, 0x00012128, 0x00012329,
  0x0001232A, 0x0001232B, 0x0001232C, 0x0001232D, 0x0001232D, 0x0001232E, 0x0001232F, 0x00012330, 0x00012331, 0x00012332,
  0x00012533, 0x00012534, 0x00012535, 0x00012536, 0x00012537, 0x00012538, 0x00012539, 0x0001253A, 0x0001253B, 0x0001273C,
  0x0001273D, 0x0001273E, 0x0001273F, 0x00012740, 0x00012741, 0x00012742, 0x00012944, 0x00012945, 0x00012946, 0x00012947,
  0x00012948, 0x0001294A, 0x00012B4B, 0x00012B4C, 0x00012B4E, 0x00012B4F, 0x00012B50, 0x00012D52, 0x00012D54, 0x00012D55,
  0x00012D57, 0x00012F59, 0x00012F5A, 0x00012F5C, 0x0001315F, 0x00013161, 0x00013163, 0x00013366, 0x00013369, 0x0001356E,
  0x00013774, 0x00000000, 0x00000000, 0x00000000, 0x00000000, 0x00000000, 0x00000000, 0x00000000, 0x00000000, 0x00000000,
  0x00000000, 0x00000000, 0x00000000, 0x00000000, 0x00000000, 0x00000000, 0x00013690, 0x00013494, 0x00013498, 0x0001329B,
  0x0001329D, 0x000132A0, 0x000130A2, 0x000130A4, 0x000130A6, 0x00012EA8, 0x00012EA9, 0x00012EAB, 0x00012CAD, 0x00012CAE,
  0x00012CB0, 0x00012CB1, 0x00012CB2, 0x00012AB4, 0x00012AB5, 0x00012AB6, 0x00012AB8, 0x00012AB9, 0x00012ABA, 0x000128BB,
  0x000128BC, 0x000128BE, 0x000128BF, 0x000128C0, 0x000128C1, 0x000126C2, 0x000126C3, 0x000126C4, 0x000126C5, 0x000126C6,
  0x000126C7, 0x000126C8, 0x000126C9, 0x000126CA, 0x000124CB, 0x000124CC, 0x000124CD, 0x000124CE, 0x000124CF, 0x000124D0,
  0x000124D1, 0x000124D1, 0x000124D2, 0x000124D3, 0x000122D4, 0x000122D5, 0x000122D6, 0x000122D7, 0x000122D8, 0x000122D8,
  0x000122D9, 0x000122DA, 0x000122DB, 0x000122DC, 0x000122DD, 0x000122DD, 0x000122DE, 0x000122DF, 0x000122E0, 0x000120E1,
  0x000120E1, 0x000120E2, 0x000120E3, 0x000120E4, 0x000120E5, 0x000120E5, 0x000120E6, 0x000120E7, 0x000120E8, 0x000120E9,
  0x000120E9, 0x000120EA, 0x000120EB, 0x000120EC, 0x000120EC, 0x000120ED, 0x000120EE, 0x000120EF, 0x000120EF, 0x000120F0,
  0x000120F1, 0x000120F2, 0x000120F2, 0x000120F3, 0x000120F4, 0x000120F5, 0x000120F5, 0x000120F6, 0x000120F7, 0x00011EF8,
  0x00011EF8, 0x00011EF9, 0x00011EFA, 0x00011EFB, 0x00011EFB, 0x00011EFC, 0x00011EFD, 0x00011EFE, 0x00011EFE, 0x00011EFF,
  0x00011F00, 0x00011F01, 0x00011F01, 0x00011F02, 0x00011F03, 0x00011F04, 0x00011F04, 0x00011F05, 0x00011F06, 0x00011F07,
  0x00011F07, 0x00012108, 0x00012109, 0x0001210A, 0x0001210A, 0x0001210B, 0x0001210C, 0x0001210D, 0x0001210D, 0x0001210E,
  0x0001210F, 0x00012110, 0x00012110, 0x00012111, 0x00012112, 0x00012113, 0x00012113, 0x00012114, 0x00012115, 0x00012116,
  0x00012116, 0x00012117, 0x00012118, 0x00012119, 0x0001211A, 0x0001211A, 0x0001211B, 0x0001211C, 0x0001211D, 0x0001211E,
  0x0001211E, 0x0001231F, 0x00012320, 0x00012321, 0x00012322, 0x00012322, 0x00012323, 0x00012324, 0x00012325, 0x00012326,
  0x00012327, 0x00012327, 0x00012328, 0x00012329, 0x0001232A, 0x0001232B, 0x0001252C, 0x0001252D, 0x0001252E, 0x0001252E,
  0x0001252F, 0x00012530, 0x00012531, 0x00012532, 0x00012533, 0x00012534, 0x00012735, 0x00012736, 0x00012737, 0x00012738,
  0x00012739, 0x0001273A, 0x0001273B, 0x0001273C, 0x0001273D, 0x0001293E, 0x0001293F, 0x00012940, 0x00012941, 0x00012943,
  0x00012944, 0x00012B45, 0x00012B46, 0x00012B47, 0x00012B49, 0x00012B4A, 0x00012B4B, 0x00012D4D, 0x00012D4E, 0x00012D4F,
  0x00012D51, 0x00012D52, 0x00012F54, 0x00012F56, 0x00012F57, 0x00013159, 0x0001315B, 0x0001315D, 0x0001335F, 0x00013362,
  0x00013364, 0x00013567, 0x0001356B, 0x0001376F, 0x00000000, 0x00000000, 0x00000000, 0x00000000, 0x00000000, 0x00000000,
  0x00000000, 0x00000000, 0x00000000, 0x00000000, 0x00000000, 0x00000000, 0x00000000, 0x00000000, 0x00000000, 0x00000000,
  0x00013A8D, 0x00013893, 0x00013697, 0x0001349A, 0x0001349D, 0x0001329F, 0x000132A1, 0x000132A3, 0x000130A5, 0x000130A7,
  0x000130A9, 0x000130AB, 0x00012EAC, 0x00012EAE, 0x00012EAF, 0x00012EB1, 0x00012CB2, 0x00012CB3, 0x00012CB5, 0x00012CB6,
  0x00012CB7, 0x00012AB9, 0x00012ABA, 0x00012ABB, 0x00012ABC, 0x00012ABD, 0x00012ABE, 0x00012AC0, 0x000128C1, 0x000128C2,
  0x000128C3, 0x000128C4, 0x000128C5, 0x000128C6, 0x000128C7, 0x000128C8, 0x000126C9, 0x000126CA, 0x000126CB, 0x000126CC,
  0x000126CD, 0x000126CE, 0x000126CF, 0x000126D0, 0x000126D0, 0x000126D1, 0x000124D2, 0x000124D3, 0x000124D4, 0x000124D5,
  0x000124D6, 0x000124D7, 0x000124D7, 0x000124D8, 0x000124D9, 0x000124DA, 0x000124DB, 0x000124DC, 0x000124DC, 0x000124DD,
  0x000122DE, 0x000122DF, 0x000122E0, 0x000122E1, 0x000122E1, 0x000122E2, 0x000122E3, 0x000122E4, 0x000122E5, 0x000122E5,
  0x000122E6, 0x000122E7, 0x000122E8, 0x000122E8, 0x000122E9, 0x000122EA, 0x000122EB, 0x000122EC, 0x000122EC, 0x000122ED,
  0x000122EE, 0x000122EF, 0x000120EF, 0x000120F0, 0x000120F1, 0x000120F2, 0x000120F2, 0x000120F3, 0x000120F4, 0x000120F5,
  0x000120F5, 0x000120F6, 0x000120F7, 0x000120F8, 0x000120F8, 0x000120F9, 0x000120FA, 0x000120FB, 0x000120FB, 0x000120FC,
  0x000120FD, 0x000120FE, 0x000120FE, 0x000120FF, 0x00012100, 0x00012101, 0x00012101, 0x00012102, 0x00012103, 0x00012104,
  0x00012104, 0x00012105, 0x00012106, 0x00012107, 0x00012107, 0x00012108, 0x00012109, 0x0001210A, 0x0001210A, 0x0001210B,
  0x0001210C, 0x0001210D, 0x0001210D, 0x0001210E, 0x0001210F, 0x00012110, 0x00012310, 0x00012311, 0x00012312, 0x00012313,
  0x00012313, 0x00012314, 0x00012315, 0x00012316, 0x00012317, 0x00012317, 0x00012318, 0x00012319, 0x0001231A, 0x0001231A,
  0x0001231B, 0x0001231C, 0x0001231D, 0x0001231E, 0x0001231E, 0x0001231F, 0x00012320, 0x00012321, 0x00012522, 0x00012523,
  0x00012523, 0x00012524, 0x00012525, 0x00012526, 0x00012527, 0x00012528, 0x00012528, 0x00012529, 0x0001252A, 0x0001252B,
  0x0001252C, 0x0001252D, 0x0001272E, 0x0001272F, 0x0001272F, 0x00012730, 0x00012731, 0x00012732, 0x00012733, 0x00012734,
  0x00012735, 0x00012736, 0x00012937, 0x00012938, 0x00012939, 0x0001293A, 0x0001293B, 0x0001293C, 0x0001293D, 0x0001293E,
  0x00012B3F, 0x00012B41, 0x00012B42, 0x00012B43, 0x00012B44, 0x00012B45, 0x00012B46, 0x00012D48, 0x00012D49, 0x00012D4A,
  0x00012D4C, 0x00012D4D, 0x00012F4E, 0x00012F50, 0x00012F51, 0x00012F53, 0x00013154, 0x00013156, 0x00013158, 0x0001315A,
  0x0001335C, 0x0001335E, 0x00013360, 0x00013562, 0x00013565, 0x00013768, 0x0001396C, 0x00013B72, 0x00000000, 0x00000000,
  0x00000000, 0x00000000, 0x00000000, 0x00000000, 0x00000000, 0x00000000, 0x00000000, 0x00000000, 0x00000000, 0x00000000,
  0x00000000, 0x00000000, 0x00000000, 0x00000000, 0x00013C89, 0x00013A91, 0x00013895, 0x00013699, 0x0001369C, 0x0001349E,
  0x000134A1, 0x000134A3, 0x000132A5, 0x000132A7, 0x000132A8, 0x000130AA, 0x000130AC, 0x000130AD, 0x000130AF, 0x00012EB0,
  0x00012EB2, 0x00012EB3, 0x00012EB4, 0x00012EB6, 0x00012EB7, 0x00012CB8, 0x00012CBA, 0x00012CBB, 0x00012CBC, 0x00012CBD,
  0x00012CBE, 0x00012ABF, 0x00012AC0, 0x00012AC2, 0x00012AC3, 0x00012AC4, 0x00012AC5, 0x00012AC6, 0x000128C7, 0x000128C8,
  0x000128C9, 0x000128CA, 0x000128CB, 0x000128CC, 0x000128CD, 0x000128CE, 0x000128CE, 0x000128CF, 0x000126D0, 0x000126D1,
  0x000126D2, 0x000126D3, 0x000126D4, 0x000126D5, 0x000126D6, 0x000126D6, 0x000126D7, 0x000126D8, 0x000126D9, 0x000126DA,
  0x000124DB, 0x000124DC, 0x000124DC, 0x000124DD, 0x000124DE, 0x000124DF, 0x000124E0, 0x000124E1, 0x000124E1, 0x000124E2,
  0x000124E3, 0x000124E4, 0x000124E5, 0x000124E5, 0x000124E6, 0x000124E7, 0x000124E8, 0x000124E8, 0x000124E9, 0x000124EA,
  0x000122EB, 0x000122EC, 0x000122EC, 0x000122ED, 0x000122EE, 0x000122EF, 0x000122EF, 0x000122F0, 0x000122F1, 0x000122F2,
  0x000122F2, 0x000122F3, 0x000122F4, 0x000122F5, 0x000122F5, 0x000122F6, 0x000122F7, 0x000122F8, 0x000122F8, 0x000122F9,
  0x000122FA, 0x000122FB, 0x000122FB, 0x000122FC, 0x000122FD, 0x000122FE, 0x000122FE, 0x000122FF, 0x00012300, 0x00012301,
  0x00012301, 0x00012302, 0x00012303, 0x00012304, 0x00012304, 0x00012305, 0x00012306, 0x00012307, 0x00012307, 0x00012308,
  0x00012309, 0x0001230A, 0x0001230A, 0x0001230B, 0x0001230C, 0x0001230D, 0x0001230D, 0x0001230E, 0x0001230F, 0x00012310,
  0x00012310, 0x00012311, 0x00012312, 0x00012313, 0x00012313, 0x00012314, 0x00012515, 0x00012516, 0x00012517, 0x00012517,
  0x00012518, 0x00012519, 0x0001251A, 0x0001251A, 0x0001251B, 0x0001251C, 0x0001251D, 0x0001251E, 0x0001251E, 0x0001251F,
  0x00012520, 0x00012521, 0x00012522, 0x00012523, 0x00012523, 0x00012524, 0x00012725, 0x00012726, 0x00012727, 0x00012728,
  0x00012729, 0x00012729, 0x0001272A, 0x0001272B, 0x0001272C, 0x0001272D, 0x0001272E, 0x0001272F, 0x00012930, 0x00012931,
  0x00012931, 0x00012932, 0x00012933, 0x00012934, 0x00012935, 0x00012936, 0x00012937, 0x00012938, 0x00012B39, 0x00012B3A,
  0x00012B3B, 0x00012B3C, 0x00012B3D, 0x00012B3F, 0x00012B40, 0x00012D41, 0x00012D42, 0x00012D43, 0x00012D44, 0x00012D45,
  0x00012D47, 0x00012F48, 0x00012F49, 0x00012F4B, 0x00012F4C, 0x00012F4D, 0x00012F4F, 0x00013150, 0x00013152, 0x00013153,
  0x00013155, 0x00013357, 0x00013358, 0x0001335A, 0x0001355C, 0x0001355E, 0x00013561, 0x00013763, 0x00013766, 0x0001396A,
  0x00013B6E, 0x00013D76, 0x00000000, 0x00000000, 0x00000000, 0x00000000, 0x00000000, 0x00000000, 0x00000000, 0x00000000,
  0x00000000, 0x00000000, 0x00000000, 0x00000000, 0x00000000, 0x00000000, 0x00000000, 0x00000000, 0x00000000, 0x00013C8F,
  0x00013A94, 0x00013898, 0x0001389B, 0x0001369D, 0x000136A0, 0x000136A2, 0x000134A4, 0x000134A6, 0x000134A8, 0x000132AA,
  0x000132AB, 0x000132AD, 0x000132AE, 0x000130B0, 0x000130B1, 0x000130B3, 0x000130B4, 0x000130B5, 0x00012EB7, 0x00012EB8,
  0x00012EB9, 0x00012EBA, 0x00012EBC, 0x00012EBD, 0x00012CBE, 0x00012CBF, 0x00012CC0, 0x00012CC1, 0x00012CC2, 0x00012CC3,
  0x00012CC4, 0x00012AC6, 0x00012AC7, 0x00012AC8, 0x00012AC9, 0x00012ACA, 0x00012ACB, 0x00012ACB, 0x00012ACC, 0x00012ACD,
  0x000128CE, 0x000128CF, 0x000128D0, 0x000128D1, 0x000128D2, 0x000128D3, 0x000128D4, 0x000128D5, 0x000128D6, 0x000128D6,
  0x000128D7, 0x000126D8, 0x000126D9, 0x000126DA, 0x000126DB, 0x000126DB, 0x000126DC, 0x000126DD, 0x000126DE, 0x000126DF,
  0x000126E0, 0x000126E0, 0x000126E1, 0x000126E2, 0x000126E3, 0x000126E4, 0x000126E4, 0x000126E5, 0x000126E6, 0x000124E7,
  0x000124E8, 0x000124E8, 0x000124E9, 0x000124EA, 0x000124EB, 0x000124EB, 0x000124EC, 0x000124ED, 0x000124EE, 0x000124EF,
  0x000124EF, 0x000124F0, 0x000124F1, 0x000124F2, 0x000124F2, 0x000124F3, 0x000124F4, 0x000124F5, 0x000124F5, 0x000124F6,
  0x000124F7, 0x000124F8, 0x000124F8, 0x000124F9, 0x000124FA, 0x000124FB, 0x000124FB, 0x000124FC, 0x000124FD, 0x000124FE,
  0x000124FE, 0x000124FF, 0x00012500, 0x00012501, 0x00012501, 0x00012502, 0x00012503, 0x00012504, 0x00012504, 0x00012505,
  0x00012506, 0x00012507, 0x00012507, 0x00012508, 0x00012509, 0x0001250A, 0x0001250A, 0x0001250B, 0x0001250C, 0x0001250D,
  0x0001250D, 0x0001250E, 0x0001250F, 0x00012510, 0x00012510, 0x00012511, 0x00012512, 0x00012513, 0x00012514, 0x00012514,
  0x00012515, 0x00012516, 0x00012517, 0x00012517, 0x00012518, 0x00012719, 0x0001271A, 0x0001271B, 0x0001271B, 0x0001271C,
  0x0001271D, 0x0001271E, 0x0001271F, 0x0001271F, 0x00012720, 0x00012721, 0x00012722, 0x00012723, 0x00012724, 0x00012724,
  0x00012725, 0x00012726, 0x00012727, 0x00012928, 0x00012929, 0x00012929, 0x0001292A, 0x0001292B, 0x0001292C, 0x0001292D,
  0x0001292E, 0x0001292F, 0x00012930, 0x00012931, 0x00012B32, 0x00012B33, 0x00012B34, 0x00012B34, 0x00012B35, 0x00012B36,
  0x00012B37, 0x00012B38, 0x00012B39, 0x00012D3B, 0x00012D3C, 0x00012D3D, 0x00012D3E, 0x00012D3F, 0x00012D40, 0x00012D41,
  0x00012F42, 0x00012F43, 0x00012F45, 0x00012F46, 0x00012F47, 0x00012F48, 0x0001314A, 0x0001314B, 0x0001314C, 0x0001314E,
  0x0001314F, 0x00013351, 0x00013352, 0x00013354, 0x00013355, 0x00013557, 0x00013559, 0x0001355B, 0x0001375D, 0x0001375F,
  0x00013762, 0x00013964, 0x00013967, 0x00013B6B, 0x00013D70, 0x00000000, 0x00000000, 0x00000000, 0x00000000, 0x00000000,
  0x00000000, 0x00000000, 0x00000000, 0x00000000, 0x00000000, 0x00000000, 0x00000000, 0x00000000, 0x00000000, 0x00000000,
  0x00000000, 0x00000000, 0x00000000, 0x00013E8B, 0x00013C92, 0x00013A96, 0x00013A9A, 0x0001389D, 0x0001389F, 0x000136A1,
  0x000136A3, 0x000136A5, 0x000134A7, 0x000134A9, 0x000134AB, 0x000134AC, 0x000132AE, 0x000132B0, 0x000132B1, 0x000132B2,
  0x000132B4, 0x000130B5, 0x000130B6, 0x000130B8, 0x000130B9, 0x000130BA, 0x000130BB, 0x00012EBD, 0x00012EBE, 0x00012EBF,
  0x00012EC0, 0x00012EC1, 0x00012EC2, 0x00012CC3, 0x00012CC4, 0x00012CC5, 0x00012CC6, 0x00012CC7, 0x00012CC8, 0x00012CC9,
  0x00012CCA, 0x00012CCB, 0x00012ACC, 0x00012ACD, 0x00012ACE, 0x00012ACF, 0x00012AD0, 0x00012AD1, 0x00012AD2, 0x00012AD3,
  0x00012AD4, 0x00012AD5, 0x00012AD5, 0x000128D6, 0x000128D7, 0x000128D8, 0x000128D9, 0x000128DA, 0x000128DB, 0x000128DB,
  0x000128DC, 0x000128DD, 0x000128DE, 0x000128DF, 0x000128E0, 0x000128E0, 0x000128E1, 0x000128E2, 0x000126E3, 0x000126E4,
  0x000126E4, 0x000126E5, 0x000126E6, 0x000126E7, 0x000126E8, 0x000126E8, 0x000126E9, 0x000126EA, 0x000126EB, 0x000126EB,
  0x000126EC, 0x000126ED, 0x000126EE, 0x000126EF, 0x000126EF, 0x000126F0, 0x000126F1, 0x000126F2, 0x000126F2, 0x000126F3,
  0x000126F4, 0x000126F5, 0x000126F5, 0x000126F6, 0x000126F7, 0x000126F8, 0x000126F8, 0x000126F9, 0x000126FA, 0x000126FB,
  0x000126FB, 0x000126FC, 0x000126FD, 0x000126FE, 0x000126FE, 0x000126FF, 0x00012700, 0x00012701, 0x00012701, 0x00012702,
  0x00012703, 0x00012704, 0x00012704, 0x00012705, 0x00012706, 0x00012707, 0x00012707, 0x00012708, 0x00012709, 0x0001270A,
  0x0001270A, 0x0001270B, 0x0001270C, 0x0001270D, 0x0001270D, 0x0001270E, 0x0001270F, 0x00012710, 0x00012710, 0x00012711,
  0x00012712, 0x00012713, 0x00012714, 0x00012714, 0x00012715, 0x00012716, 0x00012717, 0x00012717, 0x00012718, 0x00012719,
  0x0001271A, 0x0001271B, 0x0001271B, 0x0001271C, 0x0001291D, 0x0001291E, 0x0001291F, 0x0001291F, 0x00012920, 0x00012921,
  0x00012922, 0x00012923, 0x00012924, 0x00012924, 0x00012925, 0x00012926, 0x00012927, 0x00012928, 0x00012929, 0x00012B2A,
  0x00012B2A, 0x00012B2B, 0x00012B2C, 0x00012B2D, 0x00012B2E, 0x00012B2F, 0x00012B30, 0x00012B31, 0x00012B32, 0x00012B33,
  0x00012D34, 0x00012D35, 0x00012D36, 0x00012D37, 0x00012D38, 0x00012D39, 0x00012D3A, 0x00012D3B, 0x00012D3C, 0x00012F3D,
  0x00012F3E, 0x00012F3F, 0x00012F40, 0x00012F41, 0x00012F42, 0x00013144, 0x00013145, 0x00013146, 0x00013147, 0x00013149,
  0x0001314A, 0x0001334B, 0x0001334D, 0x0001334E, 0x0001334F, 0x00013351, 0x00013553, 0x00013554, 0x00013556, 0x00013558,
  0x0001375A, 0x0001375C, 0x0001375E, 0x00013960, 0x00013962, 0x00013B65, 0x00013B69, 0x00013D6D, 0x00013F74, 0x00000000,
  0x00000000, 0x00000000, 0x00000000, 0x00000000, 0x00000000, 0x00000000, 0x00000000, 0x00000000, 0x00000000, 0x00000000,
  0x00000000, 0x00000000, 0x00000000, 0x00000000, 0x00000000, 0x00000000, 0x00000000, 0x00000000, 0x00013E90, 0x00013C95,
  0x00013C98, 0x00013A9C, 0x00013A9E, 0x000138A1, 0x000138A3, 0x000138A5, 0x000136A7, 0x000136A9, 0x000136AA, 0x000136AC,
  0x000134AE, 0x000134AF, 0x000134B1, 0x000134B2, 0x000132B3, 0x000132B5, 0x000132B6, 0x000132B7, 0x000132B9, 0x000132BA,
  0x000130BB, 0x000130BC, 0x000130BD, 0x000130BF, 0x000130C0, 0x000130C1, 0x00012EC2, 0x00012EC3, 0x00012EC4, 0x00012EC5,
  0x00012EC6, 0x00012EC7, 0x00012EC8, 0x00012EC9, 0x00012CCA, 0x00012CCB, 0x00012CCC, 0x00012CCD, 0x00012CCE, 0x00012CCF,
  0x00012CD0, 0x00012CD1, 0x00012CD2, 0x00012CD3, 0x00012CD3, 0x00012AD4, 0x00012AD5, 0x00012AD6, 0x00012AD7, 0x00012AD8,
  0x00012AD9, 0x00012ADA, 0x00012ADA, 0x00012ADB, 0x00012ADC, 0x00012ADD, 0x00012ADE, 0x00012ADF, 0x00012ADF, 0x000128E0,
  0x000128E1, 0x000128E2, 0x000128E3, 0x000128E4, 0x000128E4, 0x000128E5, 0x000128E6, 0x000128E7, 0x000128E7, 0x000128E8,
  0x000128E9, 0x000128EA, 0x000128EB, 0x000128EB, 0x000128EC, 0x000128ED, 0x000128EE, 0x000128EE, 0x000128EF, 0x000128F0,
  0x000128F1, 0x000128F2, 0x000128F2, 0x000128F3, 0x000128F4, 0x000128F5, 0x000126F5, 0x000126F6, 0x000126F7, 0x000126F8,
  0x000126F8, 0x000126F9, 0x000126FA, 0x000126FB, 0x000126FB, 0x000126FC, 0x000126FD, 0x000126FE, 0x000126FE, 0x000126FF,
  0x00012700, 0x00012701, 0x00012701, 0x00012702, 0x00012703, 0x00012704, 0x00012704, 0x00012705, 0x00012706, 0x00012707,
  0x00012707, 0x00012708, 0x00012709, 0x0001270A, 0x0001290A, 0x0001290B, 0x0001290C, 0x0001290D, 0x0001290D, 0x0001290E,
  0x0001290F, 0x00012910, 0x00012911, 0x00012911, 0x00012912, 0x00012913, 0x00012914, 0x00012914, 0x00012915, 0x00012916,
  0x00012917, 0x00012918, 0x00012918, 0x00012919, 0x0001291A, 0x0001291B, 0x0001291B, 0x0001291C, 0x0001291D, 0x0001291E,
  0x0001291F, 0x00012B20, 0x00012B20, 0x00012B21, 0x00012B22, 0x00012B23, 0x00012B24, 0x00012B25, 0x00012B25, 0x00012B26,
  0x00012B27, 0x00012B28, 0x00012B29, 0x00012B2A, 0x00012B2B, 0x00012D2C, 0x00012D2C, 0x00012D2D, 0x00012D2E, 0x00012D2F,
  0x00012D30, 0x00012D31, 0x00012D32, 0x00012D33, 0x00012D34, 0x00012D35, 0x00012F36, 0x00012F37, 0x00012F38, 0x00012F39,
  0x00012F3A, 0x00012F3B, 0x00012F3C, 0x00012F3D, 0x0001313E, 0x0001313F, 0x00013140, 0x00013142, 0x00013143, 0x00013144,
  0x00013345, 0x00013346, 0x00013348, 0x00013349, 0x0001334A, 0x0001334C, 0x0001354D, 0x0001354E, 0x00013550, 0x00013551,
  0x00013753, 0x00013755, 0x00013756, 0x00013758, 0x0001395A, 0x0001395C, 0x0001395E, 0x00013B61, 0x00013B63, 0x00013D67,
  0x00013D6A, 0x00013F6F, 0x00000000, 0x00000000, 0x00000000, 0x00000000, 0x00000000, 0x00000000, 0x00000000, 0x00000000,
  0x00000000, 0x00000000, 0x00000000, 0x00000000, 0x00000000, 0x00000000, 0x00000000, 0x00000000, 0x00000000, 0x00000000,
  0x00000000, 0x00000000, 0x0001428D, 0x00014093, 0x00013E97, 0x00013C9A, 0x00013C9D, 0x00013AA0, 0x00013AA2, 0x00013AA4,
  0x000138A6, 0x000138A8, 0x000138AA, 0x000136AB, 0x000136AD, 0x000136AF, 0x000136B0, 0x000136B2, 0x000134B3, 0x000134B4,
  0x000134B6, 0x000134B7, 0x000134B8, 0x000132BA, 0x000132BB, 0x000132BC, 0x000132BD, 0x000132BE, 0x000132BF, 0x000130C1,
  0x000130C2, 0x000130C3, 0x000130C4, 0x000130C5, 0x000130C6, 0x000130C7, 0x000130C8, 0x00012EC9, 0x00012ECA, 0x00012ECB,
  0x00012ECC, 0x00012ECD, 0x00012ECE, 0x00012ECF, 0x00012ED0, 0x00012ED1, 0x00012CD2, 0x00012CD2, 0x00012CD3, 0x00012CD4,
  0x00012CD5, 0x00012CD6, 0x00012CD7, 0x00012CD8, 0x00012CD9, 0x00012CD9, 0x00012CDA, 0x00012CDB, 0x00012CDC, 0x00012CDD,
  0x00012ADE, 0x00012ADF, 0x00012ADF, 0x00012AE0, 0x00012AE1, 0x00012AE2, 0x00012AE3, 0x00012AE3, 0x00012AE4, 0x00012AE5,
  0x00012AE6, 0x00012AE7, 0x00012AE7, 0x00012AE8, 0x00012AE9, 0x00012AEA, 0x00012AEB, 0x00012AEB, 0x00012AEC, 0x00012AED,
  0x00012AEE, 0x000128EE, 0x000128EF, 0x000128F0, 0x000128F1, 0x000128F2, 0x000128F2, 0x000128F3, 0x000128F4, 0x000128F5,
  0x000128F5, 0x000128F6, 0x000128F7, 0x000128F8, 0x000128F8, 0x000128F9, 0x000128FA, 0x000128FB, 0x000128FB, 0x000128FC,
  0x000128FD, 0x000128FE, 0x000128FE, 0x000128FF, 0x00012900, 0x00012901, 0x00012901, 0x00012902, 0x00012903, 0x00012904,
  0x00012904, 0x00012905, 0x00012906, 0x00012907, 0x00012907, 0x00012908, 0x00012909, 0x0001290A, 0x0001290A, 0x0001290B,
  0x0001290C, 0x0001290D, 0x0001290D, 0x0001290E, 0x0001290F, 0x00012910, 0x00012911, 0x00012B11, 0x00012B12, 0x00012B13,
  0x00012B14, 0x00012B14, 0x00012B15, 0x00012B16, 0x00012B17, 0x00012B18, 0x00012B18, 0x00012B19, 0x00012B1A, 0x00012B1B,
  0x00012B1C, 0x00012B1C, 0x00012B1D, 0x00012B1E, 0x00012B1F, 0x00012B20, 0x00012B20, 0x00012B21, 0x00012D22, 0x00012D23,
  0x00012D24, 0x00012D25, 0x00012D26, 0x00012D26, 0x00012D27, 0x00012D28, 0x00012D29, 0x00012D2A, 0x00012D2B, 0x00012D2C,
  0x00012D2D, 0x00012D2D, 0x00012F2E, 0x00012F2F, 0x00012F30, 0x00012F31, 0x00012F32, 0x00012F33, 0x00012F34, 0x00012F35,
  0x00012F36, 0x00013137, 0x00013138, 0x00013139, 0x0001313A, 0x0001313B, 0x0001313C, 0x0001313D, 0x0001313E, 0x00013340,
  0x00013341, 0x00013342, 0x00013343, 0x00013344, 0x00013345, 0x00013547, 0x00013548, 0x00013549, 0x0001354B, 0x0001354C,
  0x0001374D, 0x0001374F, 0x00013750, 0x00013752, 0x00013754, 0x00013955, 0x00013957, 0x00013959, 0x00013B5B, 0x00013B5D,
  0x00013B5F, 0x00013D62, 0x00013D65, 0x00013F68, 0x0001416C, 0x00014372, 0x00000000, 0x00000000, 0x00000000, 0x00000000,
  0x00000000, 0x00000000, 0x00000000, 0x00000000, 0x00000000, 0x00000000, 0x00000000, 0x00000000, 0x00000000, 0x00000000,
  0x00000000, 0x00000000, 0x00000000, 0x00000000, 0x00000000, 0x00000000, 0x00000000, 0x00014291, 0x00014096, 0x00013E99,
  0x00013E9C, 0x00013C9F, 0x00013CA1, 0x00013CA3, 0x00013AA5, 0x00013AA7, 0x00013AA9, 0x000138AB, 0x000138AD, 0x000138AE,
  0x000138B0, 0x000136B1, 0x000136B3, 0x000136B4, 0x000136B5, 0x000136B7, 0x000134B8, 0x000134B9, 0x000134BA, 0x000134BC,
  0x000134BD, 0x000134BE, 0x000132BF, 0x000132C0, 0x000132C1, 0x000132C3, 0x000132C4, 0x000132C5, 0x000132C6, 0x000130C7,
  0x000130C8, 0x000130C9, 0x000130CA, 0x000130CB, 0x000130CC, 0x000130CD, 0x000130CE, 0x000130CF, 0x000130D0, 0x00012ED0,
  0x00012ED1, 0x00012ED2, 0x00012ED3, 0x00012ED4, 0x00012ED5, 0x00012ED6, 0x00012ED7, 0x00012ED8, 0x00012ED9, 0x00012ED9,
  0x00012EDA, 0x00012CDB, 0x00012CDC, 0x00012CDD, 0x00012CDE, 0x00012CDE, 0x00012CDF, 0x00012CE0, 0x00012CE1, 0x00012CE2,
  0x00012CE3, 0x00012CE3, 0x00012CE4, 0x00012CE5, 0x00012CE6, 0x00012CE7, 0x00012CE7, 0x00012CE8, 0x00012CE9, 0x00012CEA,
  0x00012AEB, 0x00012AEB, 0x00012AEC, 0x00012AED, 0x00012AEE, 0x00012AEE, 0x00012AEF, 0x00012AF0, 0x00012AF1, 0x00012AF1,
  0x00012AF2, 0x00012AF3, 0x00012AF4, 0x00012AF5, 0x00012AF5, 0x00012AF6, 0x00012AF7, 0x00012AF8, 0x00012AF8, 0x00012AF9,
  0x00012AFA, 0x00012AFB, 0x00012AFB, 0x00012AFC, 0x00012AFD, 0x00012AFE, 0x00012AFE, 0x00012AFF, 0x00012B00, 0x00012B01,
  0x00012B01, 0x00012B02, 0x00012B03, 0x00012B04, 0x00012B04, 0x00012B05, 0x00012B06, 0x00012B07, 0x00012B07, 0x00012B08,
  0x00012B09, 0x00012B0A, 0x00012B0A, 0x00012B0B, 0x00012B0C, 0x00012B0D, 0x00012B0E, 0x00012B0E, 0x00012B0F, 0x00012B10,
  0x00012B11, 0x00012B11, 0x00012B12, 0x00012B13, 0x00012B14, 0x00012B14, 0x00012D15, 0x00012D16, 0x00012D17, 0x00012D18,
  0x00012D18, 0x00012D19, 0x00012D1A, 0x00012D1B, 0x00012D1C, 0x00012D1C, 0x00012D1D, 0x00012D1E, 0x00012D1F, 0x00012D20,
  0x00012D21, 0x00012D21, 0x00012D22, 0x00012D23, 0x00012D24, 0x00012F25, 0x00012F26, 0x00012F26, 0x00012F27, 0x00012F28,
  0x00012F29, 0x00012F2A, 0x00012F2B, 0x00012F2C, 0x00012F2D, 0x00012F2E, 0x00012F2F, 0x0001312F, 0x00013130, 0x00013131,
  0x00013132, 0x00013133, 0x00013134, 0x00013135, 0x00013136, 0x00013137, 0x00013138, 0x00013339, 0x0001333A, 0x0001333B,
  0x0001333C, 0x0001333E, 0x0001333F, 0x00013340, 0x00013541, 0x00013542, 0x00013543, 0x00013545, 0x00013546, 0x00013547,
  0x00013748, 0x0001374A, 0x0001374B, 0x0001374C, 0x0001374E, 0x0001394F, 0x00013951, 0x00013952, 0x00013954, 0x00013B56,
  0x00013B58, 0x00013B5A, 0x00013D5C, 0x00013D5E, 0x00013D60, 0x00013F63, 0x00013F66, 0x00014169, 0x0001436E, 0x00000000,
  0x00000000, 0x00000000, 0x00000000, 0x00000000, 0x00000000, 0x00000000, 0x00000000, 0x00000000, 0x00000000, 0x00000000,
  0x00000000, 0x00000000, 0x00000000, 0x00000000, 0x00000000, 0x00000000, 0x00000000, 0x00000000, 0x00000000, 0x00000000,
  0x00000000, 0x0001448E, 0x00014294, 0x00014098, 0x0001409B, 0x00013E9E, 0x00013EA0, 0x00013EA3, 0x00013CA5, 0x00013CA7,
  0x00013CA9, 0x00013AAA, 0x00013AAC, 0x00013AAE, 0x000138AF, 0x000138B1, 0x000138B2, 0x000138B4, 0x000138B5, 0x000136B6,
  0x000136B8, 0x000136B9, 0x000136BA, 0x000136BB, 0x000136BD, 0x000134BE, 0x000134BF, 0x000134C0, 0x000134C1, 0x000134C2,
  0x000134C3, 0x000134C4, 0x000132C5, 0x000132C7, 0x000132C8, 0x000132C9, 0x000132CA, 0x000132CB, 0x000132CC, 0x000132CD,
  0x000132CD, 0x000130CE, 0x000130CF, 0x000130D0, 0x000130D1, 0x000130D2, 0x000130D3, 0x000130D4, 0x000130D5, 0x000130D6,
  0x000130D7, 0x000130D8, 0x00012ED8, 0x00012ED9, 0x00012EDA, 0x00012EDB, 0x00012EDC, 0x00012EDD, 0x00012EDE, 0x00012EDE,
  0x00012EDF, 0x00012EE0, 0x00012EE1, 0x00012EE2, 0x00012EE2, 0x00012EE3, 0x00012EE4, 0x00012EE5, 0x00012EE6, 0x00012CE6,
  0x00012CE7, 0x00012CE8, 0x00012CE9, 0x00012CEA, 0x00012CEA, 0x00012CEB, 0x00012CEC, 0x00012CED, 0x00012CEE, 0x00012CEE,
  0x00012CEF, 0x00012CF0, 0x00012CF1, 0x00012CF1, 0x00012CF2, 0x00012CF3, 0x00012CF4, 0x00012CF5, 0x00012CF5, 0x00012CF6,
  0x00012CF7, 0x00012CF8, 0x00012CF8, 0x00012CF9, 0x00012CFA, 0x00012CFB, 0x00012CFB, 0x00012CFC, 0x00012CFD, 0x00012CFE,
  0x00012CFE, 0x00012CFF, 0x00012D00, 0x00012D01, 0x00012D01, 0x00012D02, 0x00012D03, 0x00012D04, 0x00012D04, 0x00012D05,
  0x00012D06, 0x00012D07, 0x00012D07, 0x00012D08, 0x00012D09, 0x00012D0A, 0x00012D0A, 0x00012D0B, 0x00012D0C, 0x00012D0D,
  0x00012D0E, 0x00012D0E, 0x00012D0F, 0x00012D10, 0x00012D11, 0x00012D11, 0x00012D12, 0x00012D13, 0x00012D14, 0x00012D15,
  0x00012D15, 0x00012D16, 0x00012D17, 0x00012D18, 0x00012D19, 0x00012F19, 0x00012F1A, 0x00012F1B, 0x00012F1C, 0x00012F1D,
  0x00012F1D, 0x00012F1E, 0x00012F1F, 0x00012F20, 0x00012F21, 0x00012F21, 0x00012F22, 0x00012F23, 0x00012F24, 0x00012F25,
  0x00012F26, 0x00012F27, 0x00013127, 0x00013128, 0x00013129, 0x0001312A, 0x0001312B, 0x0001312C, 0x0001312D, 0x0001312E,
  0x0001312F, 0x00013130, 0x00013131, 0x00013332, 0x00013332, 0x00013333, 0x00013334, 0x00013335, 0x00013336, 0x00013337,
  0x00013338, 0x0001333A, 0x0001353B, 0x0001353C, 0x0001353D, 0x0001353E, 0x0001353F, 0x00013540, 0x00013541, 0x00013742,
  0x00013744, 0x00013745, 0x00013746, 0x00013747, 0x00013749, 0x0001394A, 0x0001394B, 0x0001394D, 0x0001394E, 0x00013950,
  0x00013B51, 0x00013B53, 0x00013B55, 0x00013D56, 0x00013D58, 0x00013D5A, 0x00013F5C, 0x00013F5F, 0x00013F61, 0x00014164,
  0x00014167, 0x0001436B, 0x00014571, 0x00000000, 0x00000000, 0x00000000, 0x00000000, 0x00000000, 0x00000000, 0x00000000,
  0x00000000, 0x00000000, 0x00000000, 0x00000000, 0x00000000, 0x00000000, 0x00000000, 0x00000000, 0x00000000, 0x00000000,
  0x00000000, 0x00000000, 0x00000000, 0x00000000, 0x00000000, 0x00000000, 0x00014491, 0x00014296, 0x0001429A, 0x0001409D,
  0x0001409F, 0x00013EA2, 0x00013EA4, 0x00013EA6, 0x00013CA8, 0x00013CAA, 0x00013CAB, 0x00013CAD, 0x00013AAF, 0x00013AB0,
  0x00013AB2, 0x00013AB3, 0x00013AB5, 0x000138B6, 0x000138B7, 0x000138B9, 0x000138BA, 0x000138BB, 0x000136BC, 0x000136BD,
  0x000136BF, 0x000136C0, 0x000136C1, 0x000136C2, 0x000136C3, 0x000134C4, 0x000134C5, 0x000134C6, 0x000134C7, 0x000134C8,
  0x000134C9, 0x000134CA, 0x000134CB, 0x000132CC, 0x000132CD, 0x000132CE, 0x000132CF, 0x000132D0, 0x000132D1, 0x000132D2,
  0x000132D3, 0x000132D4, 0x000132D5, 0x000132D6, 0x000130D6, 0x000130D7, 0x000130D8, 0x000130D9, 0x000130DA, 0x000130DB,
  0x000130DC, 0x000130DD, 0x000130DD, 0x000130DE, 0x000130DF, 0x000130E0, 0x000130E1, 0x000130E2, 0x000130E2, 0x00012EE3,
  0x00012EE4, 0x00012EE5, 0x00012EE6, 0x00012EE6, 0x00012EE7, 0x00012EE8, 0x00012EE9, 0x00012EEA, 0x00012EEA, 0x00012EEB,
  0x00012EEC, 0x00012EED, 0x00012EEE, 0x00012EEE, 0x00012EEF, 0x00012EF0, 0x00012EF1, 0x00012EF1, 0x00012EF2, 0x00012EF3,
  0x00012EF4, 0x00012EF4, 0x00012EF5, 0x00012EF6, 0x00012EF7, 0x00012EF8, 0x00012EF8, 0x00012EF9, 0x00012EFA, 0x00012EFB,
  0x00012EFB, 0x00012EFC, 0x00012EFD, 0x00012EFE, 0x00012EFE, 0x00012EFF, 0x00012F00, 0x00012F01, 0x00012F01, 0x00012F02,
  0x00012F03, 0x00012F04, 0x00012F04, 0x00012F05, 0x00012F06, 0x00012F07, 0x00012F07, 0x00012F08, 0x00012F09, 0x00012F0A,
  0x00012F0B, 0x00012F0B, 0x00012F0C, 0x00012F0D, 0x00012F0E, 0x00012F0E, 0x00012F0F, 0x00012F10, 0x00012F11, 0x00012F11,
  0x00012F12, 0x00012F13, 0x00012F14, 0x00012F15, 0x00012F15, 0x00012F16, 0x00012F17, 0x00012F18, 0x00012F19, 0x00012F19,
  0x00012F1A, 0x00012F1B, 0x00012F1C, 0x0001311D, 0x0001311D, 0x0001311E, 0x0001311F, 0x00013120, 0x00013121, 0x00013122,
  0x00013122, 0x00013123, 0x00013124, 0x00013125, 0x00013126, 0x00013127, 0x00013128, 0x00013129, 0x00013329, 0x0001332A,
  0x0001332B, 0x0001332C, 0x0001332D, 0x0001332E, 0x0001332F, 0x00013330, 0x00013331, 0x00013332, 0x00013333, 0x00013534,
  0x00013535, 0x00013536, 0x00013537, 0x00013538, 0x00013539, 0x0001353A, 0x0001353B, 0x0001373C, 0x0001373D, 0x0001373E,
  0x0001373F, 0x00013740, 0x00013742, 0x00013743, 0x00013944, 0x00013945, 0x00013946, 0x00013948, 0x00013949, 0x00013B4A,
  0x00013B4C, 0x00013B4D, 0x00013B4F, 0x00013B50, 0x00013D52, 0x00013D54, 0x00013D55, 0x00013D57, 0x00013F59, 0x00013F5B,
  0x00013F5D, 0x00014160, 0x00014162, 0x00014365, 0x00014369, 0x0001456E, 0x00000000, 0x00000000, 0x00000000, 0x00000000,
  0x00000000, 0x00000000, 0x00000000, 0x00000000, 0x00000000, 0x00000000, 0x00000000, 0x00000000, 0x00000000, 0x00000000,
  0x00000000, 0x00000000, 0x00000000, 0x00000000, 0x00000000, 0x00000000, 0x00000000, 0x00000000, 0x00000000, 0x00000000,
  0x0001488E, 0x00014694, 0x00014498, 0x0001429B, 0x0001429E, 0x000140A1, 0x000140A3, 0x000140A5, 0x00013EA7, 0x00013EA9,
  0x00013EAB, 0x00013EAD, 0x00013CAE, 0x00013CB0, 0x00013CB1, 0x00013CB3, 0x00013AB4, 0x00013AB5, 0x00013AB7, 0x00013AB8,
  0x00013AB9, 0x000138BB, 0x000138BC, 0x000138BD, 0x000138BE, 0x000138BF, 0x000138C1, 0x000138C2, 0x000136C3, 0x000136C4,
  0x000136C5, 0x000136C6, 0x000136C7, 0x000136C8, 0x000136C9, 0x000136CA, 0x000134CB, 0x000134CC, 0x000134CD, 0x000134CE,
  0x000134CF, 0x000134D0, 0x000134D1, 0x000134D2, 0x000134D3, 0x000134D4, 0x000132D5, 0x000132D5, 0x000132D6, 0x000132D7,
  0x000132D8, 0x000132D9, 0x000132DA, 0x000132DB, 0x000132DC, 0x000132DC, 0x000132DD, 0x000132DE, 0x000132DF, 0x000132E0,
  0x000130E1, 0x000130E1, 0x000130E2, 0x000130E3, 0x000130E4, 0x000130E5, 0x000130E6, 0x000130E6, 0x000130E7, 0x000130E8,
  0x000130E9, 0x000130EA, 0x000130EA, 0x000130EB, 0x000130EC, 0x000130ED, 0x000130ED, 0x000130EE, 0x000130EF, 0x000130F0,
  0x000130F1, 0x000130F1, 0x000130F2, 0x000130F3, 0x000130F4, 0x000130F4, 0x000130F5, 0x00012EF6, 0x00012EF7, 0x00012EF8,
  0x00012EF8, 0x00012EF9, 0x00012EFA, 0x00012EFB, 0x00012EFB, 0x00012EFC, 0x00012EFD, 0x00012EFE, 0x00012EFE, 0x00012EFF,
  0x00012F00, 0x00012F01, 0x00012F01, 0x00012F02, 0x00012F03, 0x00012F04, 0x00012F04, 0x00012F05, 0x00012F06, 0x00012F07,
  0x00012F07, 0x00012F08, 0x00012F09, 0x0001310A, 0x0001310B, 0x0001310B, 0x0001310C, 0x0001310D, 0x0001310E, 0x0001310E,
  0x0001310F, 0x00013110, 0x00013111, 0x00013112, 0x00013112, 0x00013113, 0x00013114, 0x00013115, 0x00013115, 0x00013116,
  0x00013117, 0x00013118, 0x00013119, 0x00013119, 0x0001311A, 0x0001311B, 0x0001311C, 0x0001311D, 0x0001311E, 0x0001311E,
  0x0001331F, 0x00013320, 0x00013321, 0x00013322, 0x00013323, 0x00013323, 0x00013324, 0x00013325, 0x00013326, 0x00013327,
  0x00013328, 0x00013329, 0x0001332A, 0x0001332A, 0x0001352B, 0x0001352C, 0x0001352D, 0x0001352E, 0x0001352F, 0x00013530,
  0x00013531, 0x00013532, 0x00013533, 0x00013534, 0x00013735, 0x00013736, 0x00013737, 0x00013738, 0x00013739, 0x0001373A,
  0x0001373B, 0x0001373C, 0x0001393D, 0x0001393E, 0x00013940, 0x00013941, 0x00013942, 0x00013943, 0x00013944, 0x00013B46,
  0x00013B47, 0x00013B48, 0x00013B4A, 0x00013B4B, 0x00013D4C, 0x00013D4E, 0x00013D4F, 0x00013D51, 0x00013F52, 0x00013F54,
  0x00013F56, 0x00013F58, 0x0001415A, 0x0001415C, 0x0001415E, 0x00014361, 0x00014364, 0x00014567, 0x0001476B, 0x00014971,
  0x00000000, 0x00000000, 0x00000000, 0x00000000, 0x00000000, 0x00000000, 0x00000000, 0x00000000, 0x00000000, 0x00000000,
  0x00000000, 0x00000000, 0x00000000, 0x00000000, 0x00000000, 0x00000000, 0x00000000, 0x00000000, 0x00000000, 0x00000000,
  0x00000000, 0x00000000, 0x00000000, 0x00000000, 0x00000000, 0x00014892, 0x00014697, 0x0001449A, 0x0001449D, 0x000142A0,
  0x000142A2, 0x000142A4, 0x000140A6, 0x000140A8, 0x000140AA, 0x00013EAC, 0x00013EAE, 0x00013EAF, 0x00013EB1, 0x00013EB2,
  0x00013CB4, 0x00013CB5, 0x00013CB6, 0x00013CB8, 0x00013CB9, 0x00013ABA, 0x00013ABC, 0x00013ABD, 0x00013ABE, 0x00013ABF,
  0x00013AC0, 0x000138C1, 0x000138C3, 0x000138C4, 0x000138C5, 0x000138C6, 0x000138C7, 0x000138C8, 0x000136C9, 0x000136CA,
  0x000136CB, 0x000136CC, 0x000136CD, 0x000136CE, 0x000136CF, 0x000136D0, 0x000136D1, 0x000136D2, 0x000134D3, 0x000134D3,
  0x000134D4, 0x000134D5, 0x000134D6, 0x000134D7, 0x000134D8, 0x000134D9, 0x000134DA, 0x000134DB, 0x000134DB, 0x000134DC,
  0x000134DD, 0x000132DE, 0x000132DF, 0x000132E0, 0x000132E1, 0x000132E1, 0x000132E2, 0x000132E3, 0x000132E4, 0x000132E5,
  0x000132E5, 0x000132E6, 0x000132E7, 0x000132E8, 0x000132E9, 0x000132E9, 0x000132EA, 0x000132EB, 0x000132EC, 0x000132ED,
  0x000132ED, 0x000132EE, 0x000132EF, 0x000130F0, 0x000130F1, 0x000130F1, 0x000130F2, 0x000130F3, 0x000130F4, 0x000130F4,
  0x000130F5, 0x000130F6, 0x000130F7, 0x000130F7, 0x000130F8, 0x000130F9, 0x000130FA, 0x000130FB, 0x000130FB, 0x000130FC,
  0x000130FD, 0x000130FE, 0x000130FE, 0x000130FF, 0x00013100, 0x00013101, 0x00013101, 0x00013102, 0x00013103, 0x00013104,
  0x00013104, 0x00013105, 0x00013106, 0x00013107, 0x00013108, 0x00013108, 0x00013109, 0x0001310A, 0x0001310B, 0x0001310B,
  0x0001310C, 0x0001310D, 0x0001310E, 0x0001310E, 0x0001310F, 0x00013310, 0x00013311, 0x00013312, 0x00013312, 0x00013313,
  0x00013314, 0x00013315, 0x00013316, 0x00013316, 0x00013317, 0x00013318, 0x00013319, 0x0001331A, 0x0001331A, 0x0001331B,
  0x0001331C, 0x0001331D, 0x0001331E, 0x0001331E, 0x0001331F, 0x00013320, 0x00013321, 0x00013522, 0x00013523, 0x00013524,
  0x00013524, 0x00013525, 0x00013526, 0x00013527, 0x00013528, 0x00013529, 0x0001352A, 0x0001352B, 0x0001352C, 0x0001352C,
  0x0001372D, 0x0001372E, 0x0001372F, 0x00013730, 0x00013731, 0x00013732, 0x00013733, 0x00013734, 0x00013735, 0x00013736,
  0x00013937, 0x00013938, 0x00013939, 0x0001393A, 0x0001393B, 0x0001393C, 0x0001393E, 0x00013B3F, 0x00013B40, 0x00013B41,
  0x00013B42, 0x00013B43, 0x00013B45, 0x00013D46, 0x00013D47, 0x00013D49, 0x00013D4A, 0x00013D4B, 0x00013F4D, 0x00013F4E,
  0x00013F50, 0x00013F51, 0x00013F53, 0x00014155, 0x00014157, 0x00014159, 0x0001435B, 0x0001435D, 0x0001435F, 0x00014562,
  0x00014565, 0x00014768, 0x0001496D, 0x00000000, 0x00000000, 0x00000000, 0x00000000, 0x00000000, 0x00000000, 0x00000000,
  0x00000000, 0x00000000, 0x00000000, 0x00000000, 0x00000000, 0x00000000, 0x00000000, 0x00000000, 0x00000000, 0x00000000,
  0x00000000, 0x00000000, 0x00000000, 0x00000000, 0x00000000, 0x00000000, 0x00000000, 0x00000000, 0x00000000, 0x00014A8E,
  0x00014894, 0x00014899, 0x0001469C, 0x0001449F, 0x000144A1, 0x000144A3, 0x000142A6, 0x000142A8, 0x000142A9, 0x000140AB,
  0x000140AD, 0x000140AF, 0x000140B0, 0x00013EB2, 0x00013EB3, 0x00013EB5, 0x00013EB6, 0x00013EB7, 0x00013CB9, 0x00013CBA,
  0x00013CBB, 0x00013CBC, 0x00013CBE, 0x00013CBF, 0x00013AC0, 0x00013AC1, 0x00013AC2, 0x00013AC3, 0x00013AC4, 0x00013AC6,
  0x00013AC7, 0x000138C8, 0x000138C9, 0x000138CA, 0x000138CB, 0x000138CC, 0x000138CD, 0x000138CE, 0x000138CF, 0x000138D0,
  0x000136D1, 0x000136D1, 0x000136D2, 0x000136D3, 0x000136D4, 0x000136D5, 0x000136D6, 0x000136D7, 0x000136D8, 0x000136D9,
  0x000136DA, 0x000136DA, 0x000136DB, 0x000134DC, 0x000134DD, 0x000134DE, 0x000134DF, 0x000134E0, 0x000134E0, 0x000134E1,
  0x000134E2, 0x000134E3, 0x000134E4, 0x000134E5, 0x000134E5, 0x000134E6, 0x000134E7, 0x000134E8, 0x000134E9, 0x000134E9,
  0x000134EA, 0x000134EB, 0x000132EC, 0x000132ED, 0x000132ED, 0x000132EE, 0x000132EF, 0x000132F0, 0x000132F0, 0x000132F1,
  0x000132F2, 0x000132F3, 0x000132F4, 0x000132F4, 0x000132F5, 0x000132F6, 0x000132F7, 0x000132F7, 0x000132F8, 0x000132F9,
  0x000132FA, 0x000132FB, 0x000132FB, 0x000132FC, 0x000132FD, 0x000132FE, 0x000132FE, 0x000132FF, 0x00013300, 0x00013301,
  0x00013301, 0x00013302, 0x00013303, 0x00013304, 0x00013304, 0x00013305, 0x00013306, 0x00013307, 0x00013308, 0x00013308,
  0x00013309, 0x0001330A, 0x0001330B, 0x0001330B, 0x0001330C, 0x0001330D, 0x0001330E, 0x0001330F, 0x0001330F, 0x00013310,
  0x00013311, 0x00013312, 0x00013312, 0x00013313, 0x00013514, 0x00013515, 0x00013516, 0x00013516, 0x00013517, 0x00013518,
  0x00013519, 0x0001351A, 0x0001351A, 0x0001351B, 0x0001351C, 0x0001351D, 0x0001351E, 0x0001351F, 0x0001351F, 0x00013520,
  0x00013521, 0x00013522, 0x00013523, 0x00013724, 0x00013725, 0x00013725, 0x00013726, 0x00013727, 0x00013728, 0x00013729,
  0x0001372A, 0x0001372B, 0x0001372C, 0x0001372D, 0x0001372E, 0x0001372E, 0x0001392F, 0x00013930, 0x00013931, 0x00013932,
  0x00013933, 0x00013934, 0x00013935, 0x00013936, 0x00013937, 0x00013B38, 0x00013B39, 0x00013B3B, 0x00013B3C, 0x00013B3D,
  0x00013B3E, 0x00013B3F, 0x00013D40, 0x00013D41, 0x00013D43, 0x00013D44, 0x00013D45, 0x00013D46, 0x00013F48, 0x00013F49,
  0x00013F4A, 0x00013F4C, 0x00013F4D, 0x0001414F, 0x00014150, 0x00014152, 0x00014154, 0x00014356, 0x00014357, 0x00014359,
  0x0001455C, 0x0001455E, 0x00014560, 0x00014763, 0x00014966, 0x0001496B, 0x00014B71, 0x00000000, 0x00000000, 0x00000000,
  0x00000000, 0x00000000, 0x00000000, 0x00000000, 0x00000000, 0x00000000, 0x00000000, 0x00000000, 0x00000000, 0x00000000,
  0x00000000, 0x00000000, 0x00000000, 0x00000000, 0x00000000, 0x00000000, 0x00000000, 0x00000000, 0x00000000, 0x00000000,
  0x00000000, 0x00000000, 0x00000000, 0x00000000, 0x00014C92, 0x00014A97, 0x0001489A, 0x0001489D, 0x000146A0, 0x000146A2,
  0x000144A5, 0x000144A7, 0x000144A9, 0x000142AB, 0x000142AC, 0x000142AE, 0x000142B0, 0x000140B1, 0x000140B3, 0x000140B4,
  0x000140B5, 0x000140B7, 0x00013EB8, 0x00013EB9, 0x00013EBB, 0x00013EBC, 0x00013EBD, 0x00013CBE, 0x00013CC0, 0x00013CC1,
  0x00013CC2, 0x00013CC3, 0x00013CC4, 0x00013CC5, 0x00013AC6, 0x00013AC7, 0x00013AC8, 0x00013AC9, 0x00013ACA, 0x00013ACB,
  0x00013ACC, 0x00013ACD, 0x00013ACE, 0x000138CF, 0x000138D0, 0x000138D1, 0x000138D2, 0x000138D3, 0x000138D4, 0x000138D5,
  0x000138D6, 0x000138D7, 0x000138D8, 0x000138D9, 0x000136D9, 0x000136DA, 0x000136DB, 0x000136DC, 0x000136DD, 0x000136DE,
  0x000136DF, 0x000136DF, 0x000136E0, 0x000136E1, 0x000136E2, 0x000136E3, 0x000136E4, 0x000136E4, 0x000136E5, 0x000136E6,
  0x000136E7, 0x000136E8, 0x000134E9, 0x000134E9, 0x000134EA, 0x000134EB, 0x000134EC, 0x000134EC, 0x000134ED, 0x000134EE,
  0x000134EF, 0x000134F0, 0x000134F0, 0x000134F1, 0x000134F2, 0x000134F3, 0x000134F4, 0x000134F4, 0x000134F5, 0x000134F6,
  0x000134F7, 0x000134F7, 0x000134F8, 0x000134F9, 0x000134FA, 0x000134FB, 0x000134FB, 0x000134FC, 0x000134FD, 0x000134FE,
  0x000134FE, 0x000134FF, 0x00013500, 0x00013501, 0x00013501, 0x00013502, 0x00013503, 0x00013504, 0x00013504, 0x00013505,
  0x00013506, 0x00013507, 0x00013508, 0x00013508, 0x00013509, 0x0001350A, 0x0001350B, 0x0001350B, 0x0001350C, 0x0001350D,
  0x0001350E, 0x0001350F, 0x0001350F, 0x00013510, 0x00013511, 0x00013512, 0x00013513, 0x00013513, 0x00013514, 0x00013515,
  0x00013516, 0x00013516, 0x00013717, 0x00013718, 0x00013719, 0x0001371A, 0x0001371B, 0x0001371B, 0x0001371C, 0x0001371D,
  0x0001371E, 0x0001371F, 0x00013720, 0x00013720, 0x00013721, 0x00013722, 0x00013723, 0x00013724, 0x00013725, 0x00013726,
  0x00013926, 0x00013927, 0x00013928, 0x00013929, 0x0001392A, 0x0001392B, 0x0001392C, 0x0001392D, 0x0001392E, 0x0001392F,
  0x00013930, 0x00013B31, 0x00013B32, 0x00013B33, 0x00013B34, 0x00013B35, 0x00013B36, 0x00013B37, 0x00013B38, 0x00013B39,
  0x00013D3A, 0x00013D3B, 0x00013D3C, 0x00013D3D, 0x00013D3E, 0x00013D3F, 0x00013D41, 0x00013F42, 0x00013F43, 0x00013F44,
  0x00013F46, 0x00013F47, 0x00014148, 0x0001414A, 0x0001414B, 0x0001414C, 0x0001414E, 0x0001434F, 0x00014351, 0x00014353,
  0x00014354, 0x00014556, 0x00014558, 0x0001455A, 0x0001475D, 0x0001475F, 0x00014962, 0x00014965, 0x00014B68, 0x00014D6D,
  0x00000000, 0x00000000, 0x00000000, 0x00000000, 0x00000000, 0x00000000, 0x00000000, 0x00000000, 0x00000000, 0x00000000,
  0x00000000, 0x00000000, 0x00000000, 0x00000000, 0x00000000, 0x00000000, 0x00000000, 0x00000000, 0x00000000, 0x00000000,
  0x00000000, 0x00000000, 0x00000000, 0x00000000, 0x00000000, 0x00000000, 0x00000000, 0x00000000, 0x00014E8E, 0x00014C94,
  0x00014A99, 0x00014A9C, 0x0001489F, 0x000148A1, 0x000146A4, 0x000146A6, 0x000146A8, 0x000144AA, 0x000144AC, 0x000144AD,
  0x000144AF, 0x000142B1, 0x000142B2, 0x000142B4, 0x000142B5, 0x000140B6, 0x000140B8, 0x000140B9, 0x000140BA, 0x000140BC,
  0x000140BD, 0x00013EBE, 0x00013EBF, 0x00013EC0, 0x00013EC2, 0x00013EC3, 0x00013EC4, 0x00013CC5, 0x00013CC6, 0x00013CC7,
  0x00013CC8, 0x00013CC9, 0x00013CCA, 0x00013CCB, 0x00013CCC, 0x00013CCD, 0x00013ACE, 0x00013ACF, 0x00013AD0, 0x00013AD1,
  0x00013AD2, 0x00013AD3, 0x00013AD4, 0x00013AD5, 0x00013AD6, 0x00013AD7, 0x000138D7, 0x000138D8, 0x000138D9, 0x000138DA,
  0x000138DB, 0x000138DC, 0x000138DD, 0x000138DE, 0x000138DE, 0x000138DF, 0x000138E0, 0x000138E1, 0x000138E2, 0x000138E3,
  0x000138E4, 0x000138E4, 0x000136E5, 0x000136E6, 0x000136E7, 0x000136E8, 0x000136E8, 0x000136E9, 0x000136EA, 0x000136EB,
  0x000136EC, 0x000136EC, 0x000136ED, 0x000136EE, 0x000136EF, 0x000136F0, 0x000136F0, 0x000136F1, 0x000136F2, 0x000136F3,
  0x000136F4, 0x000136F4, 0x000136F5, 0x000136F6, 0x000136F7, 0x000136F7, 0x000136F8, 0x000136F9, 0x000136FA, 0x000136FA,
  0x000136FB, 0x000136FC, 0x000136FD, 0x000136FE, 0x000136FE, 0x000136FF, 0x00013700, 0x00013701, 0x00013701, 0x00013702,
  0x00013703, 0x00013704, 0x00013705, 0x00013705, 0x00013706, 0x00013707, 0x00013708, 0x00013708, 0x00013709, 0x0001370A,
  0x0001370B, 0x0001370B, 0x0001370C, 0x0001370D, 0x0001370E, 0x0001370F, 0x0001370F, 0x00013710, 0x00013711, 0x00013712,
  0x00013713, 0x00013713, 0x00013714, 0x00013715, 0x00013716, 0x00013717, 0x00013717, 0x00013718, 0x00013719, 0x0001371A,
  0x0001391B, 0x0001391B, 0x0001391C, 0x0001391D, 0x0001391E, 0x0001391F, 0x00013920, 0x00013921, 0x00013921, 0x00013922,
  0x00013923, 0x00013924, 0x00013925, 0x00013926, 0x00013927, 0x00013928, 0x00013B28, 0x00013B29, 0x00013B2A, 0x00013B2B,
  0x00013B2C, 0x00013B2D, 0x00013B2E, 0x00013B2F, 0x00013B30, 0x00013B31, 0x00013D32, 0x00013D33, 0x00013D34, 0x00013D35,
  0x00013D36, 0x00013D37, 0x00013D38, 0x00013D39, 0x00013D3A, 0x00013F3B, 0x00013F3C, 0x00013F3D, 0x00013F3F, 0x00013F40,
  0x00013F41, 0x00014142, 0x00014143, 0x00014145, 0x00014146, 0x00014147, 0x00014149, 0x0001434A, 0x0001434B, 0x0001434D,
  0x0001434E, 0x00014550, 0x00014552, 0x00014553, 0x00014555, 0x00014757, 0x00014759, 0x0001475B, 0x0001495E, 0x00014960,
  0x00014B63, 0x00014B66, 0x00014D6B, 0x00014F71, 0x00000000, 0x00000000, 0x00000000, 0x00000000, 0x00000000, 0x00000000,
  0x00000000, 0x00000000, 0x00000000, 0x00000000, 0x00000000, 0x00000000, 0x00000000, 0x00000000, 0x00000000, 0x00000000,
  0x00000000, 0x00000000, 0x00000000, 0x00000000, 0x00000000, 0x00000000, 0x00000000, 0x00000000, 0x00000000, 0x00000000,
  0x00000000, 0x00000000, 0x00000000, 0x00014E92, 0x00014C97, 0x00014C9A, 0x00014A9E, 0x00014AA0, 0x000148A3, 0x000148A5,
  0x000148A7, 0x000146A9, 0x000146AB, 0x000146AD, 0x000144AE, 0x000144B0, 0x000144B1, 0x000144B3, 0x000144B4, 0x000142B6,
  0x000142B7, 0x000142B9, 0x000142BA, 0x000142BB, 0x000140BC, 0x000140BE, 0x000140BF, 0x000140C0, 0x000140C1, 0x000140C2,
  0x00013EC3, 0x00013EC5, 0x00013EC6, 0x00013EC7, 0x00013EC8, 0x00013EC9, 0x00013ECA, 0x00013ECB, 0x00013CCC, 0x00013CCD,
  0x00013CCE, 0x00013CCF, 0x00013CD0, 0x00013CD1, 0x00013CD2, 0x00013CD3, 0x00013CD4, 0x00013CD5, 0x00013CD6, 0x00013AD6,
  0x00013AD7, 0x00013AD8, 0x00013AD9, 0x00013ADA, 0x00013ADB, 0x00013ADC, 0x00013ADD, 0x00013ADD, 0x00013ADE, 0x00013ADF,
  0x00013AE0, 0x00013AE1, 0x00013AE2, 0x000138E3, 0x000138E3, 0x000138E4, 0x000138E5, 0x000138E6, 0x000138E7, 0x000138E8,
  0x000138E8, 0x000138E9, 0x000138EA, 0x000138EB, 0x000138EC, 0x000138EC, 0x000138ED, 0x000138EE, 0x000138EF, 0x000138F0,
  0x000138F0, 0x000138F1, 0x000138F2, 0x000138F3, 0x000138F3, 0x000138F4, 0x000138F5, 0x000138F6, 0x000138F7, 0x000138F7,
  0x000138F8, 0x000138F9, 0x000138FA, 0x000138FA, 0x000138FB, 0x000138FC, 0x000138FD, 0x000138FE, 0x000138FE, 0x000138FF,
  0x00013900, 0x00013901, 0x00013901, 0x00013902, 0x00013903, 0x00013904, 0x00013905, 0x00013905, 0x00013906, 0x00013907,
  0x00013908, 0x00013908, 0x00013909, 0x0001390A, 0x0001390B, 0x0001390C, 0x0001390C, 0x0001390D, 0x0001390E, 0x0001390F,
  0x0001390F, 0x00013910, 0x00013911, 0x00013912, 0x00013913, 0x00013913, 0x00013914, 0x00013915, 0x00013916, 0x00013917,
  0x00013917, 0x00013918, 0x00013919, 0x0001391A, 0x0001391B, 0x0001391C, 0x0001391C, 0x00013B1D, 0x00013B1E, 0x00013B1F,
  0x00013B20, 0x00013B21, 0x00013B22, 0x00013B22, 0x00013B23, 0x00013B24, 0x00013B25, 0x00013B26, 0x00013B27, 0x00013B28,
  0x00013B29, 0x00013D29, 0x00013D2A, 0x00013D2B, 0x00013D2C, 0x00013D2D, 0x00013D2E, 0x00013D2F, 0x00013D30, 0x00013D31,
  0x00013D32, 0x00013D33, 0x00013F34, 0x00013F35, 0x00013F36, 0x00013F37, 0x00013F38, 0x00013F39, 0x00013F3A, 0x00013F3C,
  0x0001413D, 0x0001413E, 0x0001413F, 0x00014140, 0x00014141, 0x00014143, 0x00014344, 0x00014345, 0x00014346, 0x00014348,
  0x00014349, 0x0001454B, 0x0001454C, 0x0001454E, 0x0001454F, 0x00014551, 0x00014752, 0x00014754, 0x00014756, 0x00014958,
  0x0001495A, 0x0001495C, 0x00014B5F, 0x00014B61, 0x00014D65, 0x00014D68, 0x00014F6D, 0x00000000, 0x00000000, 0x00000000,
  0x00000000, 0x00000000, 0x00000000, 0x00000000, 0x00000000, 0x00000000, 0x00000000, 0x00000000, 0x00000000, 0x00000000,
  0x00000000, 0x00000000, 0x00000000, 0x00000000, 0x00000000, 0x00000000, 0x00000000, 0x00000000, 0x00000000, 0x00000000,
  0x00000000, 0x00000000, 0x00000000, 0x00000000, 0x00000000, 0x00000000, 0x00000000, 0x0001528D, 0x00015094, 0x00014E99,
  0x00014C9C, 0x00014C9F, 0x00014AA2, 0x00014AA4, 0x00014AA6, 0x000148A8, 0x000148AA, 0x000148AC, 0x000146AE, 0x000146AF,
  0x000146B1, 0x000146B2, 0x000144B4, 0x000144B5, 0x000144B7, 0x000144B8, 0x000144B9, 0x000142BB, 0x000142BC, 0x000142BD,
  0x000142BE, 0x000142C0, 0x000142C1, 0x000142C2, 0x000140C3, 0x000140C4, 0x000140C5, 0x000140C6, 0x000140C8, 0x000140C9,
  0x000140CA, 0x00013ECB, 0x00013ECC, 0x00013ECD, 0x00013ECE, 0x00013ECF, 0x00013ED0, 0x00013ED1, 0x00013ED2, 0x00013ED3,
  0x00013ED3, 0x00013CD4, 0x00013CD5, 0x00013CD6, 0x00013CD7, 0x00013CD8, 0x00013CD9, 0x00013CDA, 0x00013CDB, 0x00013CDC,
  0x00013CDC, 0x00013CDD, 0x00013CDE, 0x00013CDF, 0x00013CE0, 0x00013AE1, 0x00013AE2, 0x00013AE2, 0x00013AE3, 0x00013AE4,
  0x00013AE5, 0x00013AE6, 0x00013AE7, 0x00013AE7, 0x00013AE8, 0x00013AE9, 0x00013AEA, 0x00013AEB, 0x00013AEB, 0x00013AEC,
  0x00013AED, 0x00013AEE, 0x00013AEF, 0x00013AEF, 0x00013AF0, 0x00013AF1, 0x00013AF2, 0x00013AF3, 0x00013AF3, 0x00013AF4,
  0x000138F5, 0x000138F6, 0x000138F7, 0x000138F7, 0x000138F8, 0x000138F9, 0x000138FA, 0x000138FA, 0x000138FB, 0x000138FC,
  0x000138FD, 0x000138FE, 0x000138FE, 0x000138FF, 0x00013900, 0x00013901, 0x00013901, 0x00013902, 0x00013903, 0x00013904,
  0x00013905, 0x00013905, 0x00013906, 0x00013907, 0x00013908, 0x00013908, 0x00013909, 0x0001390A, 0x00013B0B, 0x00013B0C,
  0x00013B0C, 0x00013B0D, 0x00013B0E, 0x00013B0F, 0x00013B10, 0x00013B10, 0x00013B11, 0x00013B12, 0x00013B13, 0x00013B14,
  0x00013B14, 0x00013B15, 0x00013B16, 0x00013B17, 0x00013B18, 0x00013B18, 0x00013B19, 0x00013B1A, 0x00013B1B, 0x00013B1C,
  0x00013B1D, 0x00013B1D, 0x00013B1E, 0x00013D1F, 0x00013D20, 0x00013D21, 0x00013D22, 0x00013D23, 0x00013D23, 0x00013D24,
  0x00013D25, 0x00013D26, 0x00013D27, 0x00013D28, 0x00013D29, 0x00013D2A, 0x00013D2B, 0x00013F2C, 0x00013F2C, 0x00013F2D,
  0x00013F2E, 0x00013F2F, 0x00013F30, 0x00013F31, 0x00013F32, 0x00013F33, 0x00013F34, 0x00014135, 0x00014136, 0x00014137,
  0x00014139, 0x0001413A, 0x0001413B, 0x0001413C, 0x0001433D, 0x0001433E, 0x0001433F, 0x00014341, 0x00014342, 0x00014343,
  0x00014344, 0x00014546, 0x00014547, 0x00014548, 0x0001454A, 0x0001454B, 0x0001474D, 0x0001474E, 0x00014750, 0x00014751,
  0x00014953, 0x00014955, 0x00014957, 0x00014B59, 0x00014B5B, 0x00014B5D, 0x00014D60, 0x00014D63, 0x00014F66, 0x0001516B,
  0x00015372, 0x00000000, 0x00000000, 0x00000000, 0x00000000, 0x00000000, 0x00000000, 0x00000000, 0x00000000, 0x00000000,
  0x00000000, 0x00000000, 0x00000000, 0x00000000, 0x00000000, 0x00000000, 0x00000000, 0x00000000, 0x00000000, 0x00000000,
  0x00000000, 0x00000000, 0x00000000, 0x00000000, 0x00000000, 0x00000000, 0x00000000, 0x00000000, 0x00000000, 0x00000000,
  0x00000000, 0x00000000, 0x00015291, 0x00015096, 0x00014E9A, 0x00014E9E, 0x00014CA0, 0x00014CA3, 0x00014CA5, 0x00014AA7,
  0x00014AA9, 0x00014AAB, 0x000148AD, 0x000148AF, 0x000148B0, 0x000148B2, 0x000146B3, 0x000146B5, 0x000146B6, 0x000146B8,
  0x000146B9, 0x000144BA, 0x000144BC, 0x000144BD, 0x000144BE, 0x000144BF, 0x000144C0, 0x000142C2, 0x000142C3, 0x000142C4,
  0x000142C5, 0x000142C6, 0x000142C7, 0x000142C8, 0x000140C9, 0x000140CA, 0x000140CB, 0x000140CC, 0x000140CD, 0x000140CE,
  0x000140CF, 0x000140D0, 0x000140D1, 0x000140D2, 0x00013ED3, 0x00013ED4, 0x00013ED5, 0x00013ED6, 0x00013ED7, 0x00013ED8,
  0x00013ED9, 0x00013EDA, 0x00013EDB, 0x00013EDB, 0x00013EDC, 0x00013EDD, 0x00013CDE, 0x00013CDF, 0x00013CE0, 0x00013CE1,
  0x00013CE1, 0x00013CE2, 0x00013CE3, 0x00013CE4, 0x00013CE5, 0x00013CE6, 0x00013CE6, 0x00013CE7, 0x00013CE8, 0x00013CE9,
  0x00013CEA, 0x00013CEB, 0x00013CEB, 0x00013CEC, 0x00013CED, 0x00013CEE, 0x00013CEF, 0x00013CEF, 0x00013AF0, 0x00013AF1,
  0x00013AF2, 0x00013AF3, 0x00013AF3, 0x00013AF4, 0x00013AF5, 0x00013AF6, 0x00013AF7, 0x00013AF7, 0x00013AF8, 0x00013AF9,
  0x00013AFA, 0x00013AFA, 0x00013AFB, 0x00013AFC, 0x00013AFD, 0x00013AFE, 0x00013AFE, 0x00013AFF, 0x00013B00, 0x00013B01,
  0x00013B01, 0x00013B02, 0x00013B03, 0x00013B04, 0x00013B05, 0x00013B05, 0x00013B06, 0x00013B07, 0x00013B08, 0x00013B08,
  0x00013B09, 0x00013B0A, 0x00013B0B, 0x00013B0C, 0x00013B0C, 0x00013B0D, 0x00013B0E, 0x00013B0F, 0x00013D10, 0x00013D10,
  0x00013D11, 0x00013D12, 0x00013D13, 0x00013D14, 0x00013D14, 0x00013D15, 0x00013D16, 0x00013D17, 0x00013D18, 0x00013D19,
  0x00013D19, 0x00013D1A, 0x00013D1B, 0x00013D1C, 0x00013D1D, 0x00013D1E, 0x00013D1E, 0x00013D1F, 0x00013D20, 0x00013D21,
  0x00013F22, 0x00013F23, 0x00013F24, 0x00013F24, 0x00013F25, 0x00013F26, 0x00013F27, 0x00013F28, 0x00013F29, 0x00013F2A,
  0x00013F2B, 0x00013F2C, 0x0001412D, 0x0001412E, 0x0001412F, 0x00014130, 0x00014131, 0x00014132, 0x00014133, 0x00014134,
  0x00014135, 0x00014136, 0x00014337, 0x00014338, 0x00014339, 0x0001433A, 0x0001433B, 0x0001433C, 0x0001433D, 0x0001453F,
  0x00014540, 0x00014541, 0x00014542, 0x00014543, 0x00014545, 0x00014746, 0x00014747, 0x00014749, 0x0001474A, 0x0001474C,
  0x0001494D, 0x0001494F, 0x00014950, 0x00014952, 0x00014B54, 0x00014B56, 0x00014B58, 0x00014D5A, 0x00014D5C, 0x00014D5F,
  0x00014F61, 0x00014F65, 0x00015169, 0x0001536E, 0x00000000, 0x00000000, 0x00000000, 0x00000000, 0x00000000, 0x00000000,
  0x00000000, 0x00000000, 0x00000000, 0x00000000, 0x00000000, 0x00000000, 0x00000000, 0x00000000, 0x00000000, 0x00000000,
  0x00000000, 0x00000000, 0x00000000, 0x00000000, 0x00000000, 0x00000000, 0x00000000, 0x00000000, 0x00000000, 0x00000000,
  0x00000000, 0x00000000, 0x00000000, 0x00000000, 0x00000000, 0x00000000, 0x00015689, 0x00015494, 0x00015298, 0x0001509C,
  0x0001509F, 0x00014EA2, 0x00014EA4, 0x00014CA6, 0x00014CA8, 0x00014CAA, 0x00014AAC, 0x00014AAE, 0x00014AB0, 0x00014AB1,
  0x000148B3, 0x000148B4, 0x000148B6, 0x000148B7, 0x000148B8, 0x000146BA, 0x000146BB, 0x000146BC, 0x000146BE, 0x000146BF,
  0x000144C0, 0x000144C1, 0x000144C2, 0x000144C4, 0x000144C5, 0x000144C6, 0x000144C7, 0x000142C8, 0x000142C9, 0x000142CA,
  0x000142CB, 0x000142CC, 0x000142CD, 0x000142CE, 0x000142CF, 0x000142D0, 0x000140D1, 0x000140D2, 0x000140D3, 0x000140D4,
  0x000140D5, 0x000140D6, 0x000140D7, 0x000140D8, 0x000140D9, 0x000140D9, 0x000140DA, 0x000140DB, 0x00013EDC, 0x00013EDD,
  0x00013EDE, 0x00013EDF, 0x00013EE0, 0x00013EE0, 0x00013EE1, 0x00013EE2, 0x00013EE3, 0x00013EE4, 0x00013EE5, 0x00013EE6,
  0x00013EE6, 0x00013EE7, 0x00013EE8, 0x00013EE9, 0x00013EEA, 0x00013EEA, 0x00013EEB, 0x00013CEC, 0x00013CED, 0x00013CEE,
  0x00013CEF, 0x00013CEF, 0x00013CF0, 0x00013CF1, 0x00013CF2, 0x00013CF3, 0x00013CF3, 0x00013CF4, 0x00013CF5, 0x00013CF6,
  0x00013CF6, 0x00013CF7, 0x00013CF8, 0x00013CF9, 0x00013CFA, 0x00013CFA, 0x00013CFB, 0x00013CFC, 0x00013CFD, 0x00013CFE,
  0x00013CFE, 0x00013CFF, 0x00013D00, 0x00013D01, 0x00013D01, 0x00013D02, 0x00013D03, 0x00013D04, 0x00013D05, 0x00013D05,
  0x00013D06, 0x00013D07, 0x00013D08, 0x00013D09, 0x00013D09, 0x00013D0A, 0x00013D0B, 0x00013D0C, 0x00013D0C, 0x00013D0D,
  0x00013D0E, 0x00013D0F, 0x00013D10, 0x00013D10, 0x00013D11, 0x00013D12, 0x00013D13, 0x00013F14, 0x00013F15, 0x00013F15,
  0x00013F16, 0x00013F17, 0x00013F18, 0x00013F19, 0x00013F19, 0x00013F1A, 0x00013F1B, 0x00013F1C, 0x00013F1D, 0x00013F1E,
  0x00013F1F, 0x00013F1F, 0x00013F20, 0x00013F21, 0x00013F22, 0x00013F23, 0x00014124, 0x00014125, 0x00014126, 0x00014126,
  0x00014127, 0x00014128, 0x00014129, 0x0001412A, 0x0001412B, 0x0001412C, 0x0001412D, 0x0001412E, 0x0001432F, 0x00014330,
  0x00014331, 0x00014332, 0x00014333, 0x00014334, 0x00014335, 0x00014336, 0x00014337, 0x00014538, 0x00014539, 0x0001453A,
  0x0001453B, 0x0001453D, 0x0001453E, 0x0001453F, 0x00014740, 0x00014741, 0x00014743, 0x00014744, 0x00014745, 0x00014947,
  0x00014948, 0x00014949, 0x0001494B, 0x0001494C, 0x00014B4E, 0x00014B4F, 0x00014B51, 0x00014B53, 0x00014D55, 0x00014D57,
  0x00014D59, 0x00014F5B, 0x00014F5D, 0x00015160, 0x00015163, 0x00015367, 0x0001556B, 0x00015776, 0x00000000, 0x00000000,
  0x00000000, 0x00000000, 0x00000000, 0x00000000, 0x00000000, 0x00000000, 0x00000000, 0x00000000, 0x00000000, 0x00000000,
  0x00000000, 0x00000000, 0x00000000, 0x00000000, 0x00000000, 0x00000000, 0x00000000, 0x00000000, 0x00000000, 0x00000000,
  0x00000000, 0x00000000, 0x00000000, 0x00000000, 0x00000000, 0x00000000, 0x00000000, 0x00000000, 0x00000000, 0x00000000,
  0x00000000, 0x0001568F, 0x00015496, 0x0001529A, 0x0001529D, 0x000150A0, 0x000150A3, 0x00014EA5, 0x00014EA7, 0x00014EA9,
  0x00014CAB, 0x00014CAD, 0x00014CAF, 0x00014CB0, 0x00014AB2, 0x00014AB4, 0x00014AB5, 0x00014AB7, 0x000148B8, 0x000148B9,
  0x000148BB, 0x000148BC, 0x000148BD, 0x000148BE, 0x000146C0, 0x000146C1, 0x000146C2, 0x000146C3, 0x000146C4, 0x000146C5,
  0x000146C7, 0x000144C8, 0x000144C9, 0x000144CA, 0x000144CB, 0x000144CC, 0x000144CD, 0x000144CE, 0x000144CF, 0x000142D0,
  0x000142D1, 0x000142D2, 0x000142D3, 0x000142D4, 0x000142D5, 0x000142D6, 0x000142D7, 0x000142D7, 0x000142D8, 0x000142D9,
  0x000142DA, 0x000140DB, 0x000140DC, 0x000140DD, 0x000140DE, 0x000140DF, 0x000140DF, 0x000140E0, 0x000140E1, 0x000140E2,
  0x000140E3, 0x000140E4, 0x000140E5, 0x000140E5, 0x000140E6, 0x000140E7, 0x000140E8, 0x000140E9, 0x00013EEA, 0x00013EEA,
  0x00013EEB, 0x00013EEC, 0x00013EED, 0x00013EEE, 0x00013EEE, 0x00013EEF, 0x00013EF0, 0x00013EF1, 0x00013EF2, 0x00013EF2,
  0x00013EF3, 0x00013EF4, 0x00013EF5, 0x00013EF6, 0x00013EF6, 0x00013EF7, 0x00013EF8, 0x00013EF9, 0x00013EFA, 0x00013EFA,
  0x00013EFB, 0x00013EFC, 0x00013EFD, 0x00013EFE, 0x00013EFE, 0x00013EFF, 0x00013F00, 0x00013F01, 0x00013F01, 0x00013F02,
  0x00013F03, 0x00013F04, 0x00013F05, 0x00013F05, 0x00013F06, 0x00013F07, 0x00013F08, 0x00013F09, 0x00013F09, 0x00013F0A,
  0x00013F0B, 0x00013F0C, 0x00013F0D, 0x00013F0D, 0x00013F0E, 0x00013F0F, 0x00013F10, 0x00013F11, 0x00013F11, 0x00013F12,
  0x00013F13, 0x00013F14, 0x00013F15, 0x00013F15, 0x00014116, 0x00014117, 0x00014118, 0x00014119, 0x0001411A, 0x0001411A,
  0x0001411B, 0x0001411C, 0x0001411D, 0x0001411E, 0x0001411F, 0x00014120, 0x00014120, 0x00014121, 0x00014122, 0x00014123,
  0x00014124, 0x00014325, 0x00014326, 0x00014327, 0x00014328, 0x00014328, 0x00014329, 0x0001432A, 0x0001432B, 0x0001432C,
  0x0001432D, 0x0001432E, 0x0001432F, 0x00014530, 0x00014531, 0x00014532, 0x00014533, 0x00014534, 0x00014535, 0x00014536,
  0x00014537, 0x00014738, 0x0001473A, 0x0001473B, 0x0001473C, 0x0001473D, 0x0001473E, 0x0001473F, 0x00014941, 0x00014942,
  0x00014943, 0x00014944, 0x00014946, 0x00014947, 0x00014B48, 0x00014B4A, 0x00014B4B, 0x00014B4D, 0x00014D4F, 0x00014D50,
  0x00014D52, 0x00014D54, 0x00014F56, 0x00014F58, 0x00014F5A, 0x0001515C, 0x0001515F, 0x00015362, 0x00015365, 0x00015569,
  0x00015770, 0x00000000, 0x00000000, 0x00000000, 0x00000000, 0x00000000, 0x00000000, 0x00000000, 0x00000000, 0x00000000,
  0x00000000, 0x00000000, 0x00000000, 0x00000000, 0x00000000, 0x00000000, 0x00000000, 0x00000000, 0x00000000, 0x00000000,
  0x00000000, 0x00000000, 0x00000000, 0x00000000, 0x00000000, 0x00000000, 0x00000000, 0x00000000, 0x00000000, 0x00000000,
  0x00000000, 0x00000000, 0x00000000, 0x00000000, 0x00000000, 0x00000000, 0x00015693, 0x00015698, 0x0001549C, 0x0001529F,
  0x000152A1, 0x000150A4, 0x000150A6, 0x000150A8, 0x00014EAA, 0x00014EAC, 0x00014EAE, 0x00014EB0, 0x00014CB1, 0x00014CB3,
  0x00014CB4, 0x00014CB6, 0x00014AB7, 0x00014AB9, 0x00014ABA, 0x00014ABB, 0x00014ABD, 0x000148BE, 0x000148BF, 0x000148C0,
  0x000148C2, 0x000148C3, 0x000148C4, 0x000148C5, 0x000146C6, 0x000146C7, 0x000146C8, 0x000146C9, 0x000146CB, 0x000146CC,
  0x000146CD, 0x000146CE, 0x000144CF, 0x000144D0, 0x000144D1, 0x000144D2, 0x000144D3, 0x000144D4, 0x000144D4, 0x000144D5,
  0x000144D6, 0x000144D7, 0x000144D8, 0x000142D9, 0x000142DA, 0x000142DB, 0x000142DC, 0x000142DD, 0x000142DE, 0x000142DE,
  0x000142DF, 0x000142E0, 0x000142E1, 0x000142E2, 0x000142E3, 0x000142E4, 0x000142E4, 0x000142E5, 0x000142E6, 0x000140E7,
  0x000140E8, 0x000140E9, 0x000140E9, 0x000140EA, 0x000140EB, 0x000140EC, 0x000140ED, 0x000140EE, 0x000140EE, 0x000140EF,
  0x000140F0, 0x000140F1, 0x000140F2, 0x000140F2, 0x000140F3, 0x000140F4, 0x000140F5, 0x000140F6, 0x000140F6, 0x000140F7,
  0x000140F8, 0x000140F9, 0x000140FA, 0x000140FA, 0x000140FB, 0x000140FC, 0x000140FD, 0x000140FE, 0x000140FE, 0x000140FF,
  0x00014100, 0x00014101, 0x00014101, 0x00014102, 0x00014103, 0x00014104, 0x00014105, 0x00014105, 0x00014106, 0x00014107,
  0x00014108, 0x00014109, 0x00014109, 0x0001410A, 0x0001410B, 0x0001410C, 0x0001410D, 0x0001410D, 0x0001410E, 0x0001410F,
  0x00014110, 0x00014111, 0x00014111, 0x00014112, 0x00014113, 0x00014114, 0x00014115, 0x00014116, 0x00014116, 0x00014117,
  0x00014118, 0x00014319, 0x0001431A, 0x0001431B, 0x0001431B, 0x0001431C, 0x0001431D, 0x0001431E, 0x0001431F, 0x00014320,
  0x00014321, 0x00014321, 0x00014322, 0x00014323, 0x00014324, 0x00014325, 0x00014326, 0x00014527, 0x00014528, 0x00014529,
  0x0001452A, 0x0001452B, 0x0001452B, 0x0001452C, 0x0001452D, 0x0001452E, 0x0001452F, 0x00014530, 0x00014731, 0x00014732,
  0x00014733, 0x00014734, 0x00014736, 0x00014737, 0x00014738, 0x00014739, 0x0001493A, 0x0001493B, 0x0001493C, 0x0001493D,
  0x0001493F, 0x00014940, 0x00014941, 0x00014B42, 0x00014B44, 0x00014B45, 0x00014B46, 0x00014B48, 0x00014D49, 0x00014D4B,
  0x00014D4C, 0x00014D4E, 0x00014F4F, 0x00014F51, 0x00014F53, 0x00014F55, 0x00015157, 0x00015159, 0x0001515B, 0x0001535E,
  0x00015360, 0x00015563, 0x00015767, 0x0001576C, 0x00000000, 0x00000000, 0x00000000, 0x00000000, 0x00000000, 0x00000000,
  0x00000000, 0x00000000, 0x00000000, 0x00000000, 0x00000000, 0x00000000, 0x00000000, 0x00000000, 0x00000000, 0x00000000,
  0x00000000, 0x00000000, 0x00000000, 0x00000000, 0x00000000, 0x00000000, 0x00000000, 0x00000000, 0x00000000, 0x00000000,
  0x00000000, 0x00000000, 0x00000000, 0x00000000, 0x00000000, 0x00000000, 0x00000000, 0x00000000, 0x00000000, 0x00000000,
  0x00015A8C, 0x00015895, 0x00015699, 0x0001569D, 0x000154A0, 0x000154A3, 0x000152A5, 0x000152A7, 0x000150A9, 0x000150AB,
  0x000150AD, 0x000150AF, 0x00014EB1, 0x00014EB2, 0x00014EB4, 0x00014EB5, 0x00014CB7, 0x00014CB8, 0x00014CBA, 0x00014CBB,
  0x00014CBC, 0x00014ABD, 0x00014ABF, 0x00014AC0, 0x00014AC1, 0x00014AC2, 0x00014AC4, 0x00014AC5, 0x000148C6, 0x000148C7,
  0x000148C8, 0x000148C9, 0x000148CA, 0x000148CB, 0x000148CC, 0x000146CD, 0x000146CE, 0x000146CF, 0x000146D0, 0x000146D1,
  0x000146D2, 0x000146D3, 0x000146D4, 0x000146D5, 0x000146D6, 0x000146D7, 0x000144D8, 0x000144D9, 0x000144DA, 0x000144DB,
  0x000144DC, 0x000144DD, 0x000144DD, 0x000144DE, 0x000144DF, 0x000144E0, 0x000144E1, 0x000144E2, 0x000144E3, 0x000144E3,
  0x000144E4, 0x000142E5, 0x000142E6, 0x000142E7, 0x000142E8, 0x000142E9, 0x000142E9, 0x000142EA, 0x000142EB, 0x000142EC,
  0x000142ED, 0x000142ED, 0x000142EE, 0x000142EF, 0x000142F0, 0x000142F1, 0x000142F2, 0x000142F2, 0x000142F3, 0x000142F4,
  0x000142F5, 0x000142F6, 0x000142F6, 0x000142F7, 0x000142F8, 0x000142F9, 0x000142FA, 0x000142FA, 0x000142FB, 0x000142FC,
  0x000142FD, 0x000142FE, 0x000142FE, 0x000142FF, 0x00014300, 0x00014301, 0x00014301, 0x00014302, 0x00014303, 0x00014304,
  0x00014305, 0x00014305, 0x00014306, 0x00014307, 0x00014308, 0x00014309, 0x00014309, 0x0001430A, 0x0001430B, 0x0001430C,
  0x0001430D, 0x0001430D, 0x0001430E, 0x0001430F, 0x00014310, 0x00014311, 0x00014312, 0x00014312, 0x00014313, 0x00014314,
  0x00014315, 0x00014316, 0x00014316, 0x00014317, 0x00014318, 0x00014319, 0x0001431A, 0x0001451B, 0x0001451C, 0x0001451C,
  0x0001451D, 0x0001451E, 0x0001451F, 0x00014520, 0x00014521, 0x00014522, 0x00014522, 0x00014523, 0x00014524, 0x00014525,
  0x00014526, 0x00014527, 0x00014728, 0x00014729, 0x0001472A, 0x0001472B, 0x0001472C, 0x0001472D, 0x0001472E, 0x0001472F,
  0x00014730, 0x00014731, 0x00014732, 0x00014933, 0x00014934, 0x00014935, 0x00014936, 0x00014937, 0x00014938, 0x00014939,
  0x00014B3A, 0x00014B3B, 0x00014B3D, 0x00014B3E, 0x00014B3F, 0x00014B40, 0x00014B42, 0x00014D43, 0x00014D44, 0x00014D45,
  0x00014D47, 0x00014D48, 0x00014F4A, 0x00014F4B, 0x00014F4D, 0x00014F4E, 0x00015150, 0x00015152, 0x00015154, 0x00015156,
  0x00015358, 0x0001535A, 0x0001555C, 0x0001555F, 0x00015762, 0x00015766, 0x0001596A, 0x00015B73, 0x00000000, 0x00000000,
  0x00000000, 0x00000000, 0x00000000, 0x00000000, 0x00000000, 0x00000000, 0x00000000, 0x00000000, 0x00000000, 0x00000000,
  0x00000000, 0x00000000, 0x00000000, 0x00000000, 0x00000000, 0x00000000, 0x00000000, 0x00000000, 0x00000000, 0x00000000,
  0x00000000, 0x00000000, 0x00000000, 0x00000000, 0x00000000, 0x00000000, 0x00000000, 0x00000000, 0x00000000, 0x00000000,
  0x00000000, 0x00000000, 0x00000000, 0x00000000, 0x00000000, 0x00015C91, 0x00015897, 0x0001589B, 0x0001569E, 0x000156A1,
  0x000154A4, 0x000154A6, 0x000154A8, 0x000152AA, 0x000152AC, 0x000152AE, 0x000150B0, 0x000150B1, 0x000150B3, 0x000150B5,
  0x00014EB6, 0x00014EB8, 0x00014EB9, 0x00014EBA, 0x00014EBC, 0x00014CBD, 0x00014CBE, 0x00014CBF, 0x00014CC1, 0x00014CC2,
  0x00014CC3, 0x00014AC4, 0x00014AC5, 0x00014AC7, 0x00014AC8, 0x00014AC9, 0x00014ACA, 0x00014ACB, 0x00014ACC, 0x000148CD,
  0x000148CE, 0x000148CF, 0x000148D0, 0x000148D1, 0x000148D2, 0x000148D3, 0x000148D4, 0x000148D5, 0x000148D6, 0x000146D7,
  0x000146D8, 0x000146D9, 0x000146DA, 0x000146DB, 0x000146DB, 0x000146DC, 0x000146DD, 0x000146DE, 0x000146DF, 0x000146E0,
  0x000146E1, 0x000146E2, 0x000144E2, 0x000144E3, 0x000144E4, 0x000144E5, 0x000144E6, 0x000144E7, 0x000144E8, 0x000144E8,
  0x000144E9, 0x000144EA, 0x000144EB, 0x000144EC, 0x000144ED, 0x000144ED, 0x000144EE, 0x000144EF, 0x000144F0, 0x000144F1,
  0x000144F1, 0x000144F2, 0x000144F3, 0x000144F4, 0x000144F5, 0x000144F6, 0x000144F6, 0x000144F7, 0x000144F8, 0x000144F9,
  0x000144FA, 0x000144FA, 0x000144FB, 0x000144FC, 0x000144FD, 0x000144FE, 0x000144FE, 0x000144FF, 0x00014500, 0x00014501,
  0x00014501, 0x00014502, 0x00014503, 0x00014504, 0x00014505, 0x00014505, 0x00014506, 0x00014507, 0x00014508, 0x00014509,
  0x00014509, 0x0001450A, 0x0001450B, 0x0001450C, 0x0001450D, 0x0001450E, 0x0001450E, 0x0001450F, 0x00014510, 0x00014511,
  0x00014512, 0x00014512, 0x00014513, 0x00014514, 0x00014515, 0x00014516, 0x00014517, 0x00014517, 0x00014518, 0x00014519,
  0x0001451A, 0x0001451B, 0x0001451C, 0x0001451D, 0x0001471D, 0x0001471E, 0x0001471F, 0x00014720, 0x00014721, 0x00014722,
  0x00014723, 0x00014724, 0x00014724, 0x00014725, 0x00014726, 0x00014727, 0x00014728, 0x00014929, 0x0001492A, 0x0001492B,
  0x0001492C, 0x0001492D, 0x0001492E, 0x0001492F, 0x00014930, 0x00014931, 0x00014932, 0x00014B33, 0x00014B34, 0x00014B35,
  0x00014B36, 0x00014B37, 0x00014B38, 0x00014B3A, 0x00014B3B, 0x00014D3C, 0x00014D3D, 0x00014D3E, 0x00014D40, 0x00014D41,
  0x00014D42, 0x00014F43, 0x00014F45, 0x00014F46, 0x00014F47, 0x00014F49, 0x0001514A, 0x0001514C, 0x0001514E, 0x0001514F,
  0x00015351, 0x00015353, 0x00015355, 0x00015557, 0x00015559, 0x0001555B, 0x0001575E, 0x00015761, 0x00015964, 0x00015968,
  0x00015D6E, 0x00000000, 0x00000000, 0x00000000, 0x00000000, 0x00000000, 0x00000000, 0x00000000, 0x00000000, 0x00000000,
  0x00000000, 0x00000000, 0x00000000, 0x00000000, 0x00000000, 0x00000000, 0x00000000, 0x00000000, 0x00000000, 0x00000000,
  0x00000000, 0x00000000, 0x00000000, 0x00000000, 0x00000000, 0x00000000, 0x00000000, 0x00000000, 0x00000000, 0x00000000,
  0x00000000, 0x00000000, 0x00000000, 0x00000000, 0x00000000, 0x00000000, 0x00000000, 0x00000000, 0x00000000, 0x00000000,
  0x00015C93, 0x00015A99, 0x0001589C, 0x000158A0, 0x000156A2, 0x000156A5, 0x000156A7, 0x000154A9, 0x000154AB, 0x000154AD,
  0x000152AF, 0x000152B1, 0x000152B2, 0x000152B4, 0x000150B5, 0x000150B7, 0x000150B8, 0x000150BA, 0x000150BB, 0x00014EBC,
  0x00014EBE, 0x00014EBF, 0x00014EC0, 0x00014EC1, 0x00014EC3, 0x00014CC4, 0x00014CC5, 0x00014CC6, 0x00014CC7, 0x00014CC8,
  0x00014CC9, 0x00014CCB, 0x00014ACC, 0x00014ACD, 0x00014ACE, 0x00014ACF, 0x00014AD0, 0x00014AD1, 0x00014AD2, 0x00014AD3,
  0x00014AD4, 0x00014AD5, 0x000148D6, 0x000148D7, 0x000148D8, 0x000148D8, 0x000148D9, 0x000148DA, 0x000148DB, 0x000148DC,
  0x000148DD, 0x000148DE, 0x000148DF, 0x000148E0, 0x000148E1, 0x000146E1, 0x000146E2, 0x000146E3, 0x000146E4, 0x000146E5,
  0x000146E6, 0x000146E7, 0x000146E7, 0x000146E8, 0x000146E9, 0x000146EA, 0x000146EB, 0x000146EC, 0x000146EC, 0x000146ED,
  0x000146EE, 0x000146EF, 0x000146F0, 0x000146F1, 0x000146F1, 0x000146F2, 0x000146F3, 0x000146F4, 0x000146F5, 0x000146F5,
  0x000144F6, 0x000144F7, 0x000144F8, 0x000144F9, 0x000144F9, 0x000144FA, 0x000144FB, 0x000144FC, 0x000144FD, 0x000144FE,
  0x000144FE, 0x000144FF, 0x00014500, 0x00014501, 0x00014501, 0x00014502, 0x00014503, 0x00014504, 0x00014505, 0x00014506,
  0x00014506, 0x00014507, 0x00014508, 0x00014509, 0x0001470A, 0x0001470A, 0x0001470B, 0x0001470C, 0x0001470D, 0x0001470E,
  0x0001470E, 0x0001470F, 0x00014710, 0x00014711, 0x00014712, 0x00014713, 0x00014713, 0x00014714, 0x00014715, 0x00014716,
  0x00014717, 0x00014718, 0x00014718, 0x00014719, 0x0001471A, 0x0001471B, 0x0001471C, 0x0001471D, 0x0001471E, 0x0001491E,
  0x0001491F, 0x00014920, 0x00014921, 0x00014922, 0x00014923, 0x00014924, 0x00014925, 0x00014926, 0x00014927, 0x00014927,
  0x00014928, 0x00014929, 0x00014B2A, 0x00014B2B, 0x00014B2C, 0x00014B2D, 0x00014B2E, 0x00014B2F, 0x00014B30, 0x00014B31,
  0x00014B32, 0x00014B33, 0x00014D34, 0x00014D36, 0x00014D37, 0x00014D38, 0x00014D39, 0x00014D3A, 0x00014D3B, 0x00014F3C,
  0x00014F3E, 0x00014F3F, 0x00014F40, 0x00014F41, 0x00014F43, 0x00015144, 0x00015145, 0x00015147, 0x00015148, 0x0001514A,
  0x0001534B, 0x0001534D, 0x0001534E, 0x00015350, 0x00015552, 0x00015554, 0x00015556, 0x00015758, 0x0001575A, 0x0001575D,
  0x0001595F, 0x00015963, 0x00015B66, 0x00015D6C, 0x00000000, 0x00000000, 0x00000000, 0x00000000, 0x00000000, 0x00000000,
  0x00000000, 0x00000000, 0x00000000, 0x00000000, 0x00000000, 0x00000000, 0x00000000, 0x00000000, 0x00000000, 0x00000000,
  0x00000000, 0x00000000, 0x00000000, 0x00000000, 0x00000000, 0x00000000, 0x00000000, 0x00000000, 0x00000000, 0x00000000,
  0x00000000, 0x00000000, 0x00000000, 0x00000000, 0x00000000, 0x00000000, 0x00000000, 0x00000000, 0x00000000, 0x00000000,
  0x00000000, 0x00000000, 0x00000000, 0x00000000, 0x0001608C, 0x00015E95, 0x00015C9A, 0x00015A9E, 0x00015AA1, 0x000158A3,
  0x000158A6, 0x000156A8, 0x000156AA, 0x000156AC, 0x000154AE, 0x000154B0, 0x000154B1, 0x000154B3, 0x000152B5, 0x000152B6,
  0x000152B8, 0x000152B9, 0x000152BA, 0x000150BC, 0x000150BD, 0x000150BE, 0x000150C0, 0x000150C1, 0x00014EC2, 0x00014EC3,
  0x00014EC5, 0x00014EC6, 0x00014EC7, 0x00014EC8, 0x00014EC9, 0x00014ECA, 0x00014CCB, 0x00014CCC, 0x00014CCD, 0x00014CCE,
  0x00014CCF, 0x00014CD0, 0x00014CD1, 0x00014CD2, 0x00014CD3, 0x00014AD4, 0x00014AD5, 0x00014AD6, 0x00014AD7, 0x00014AD8,
  0x00014AD9, 0x00014ADA, 0x00014ADB, 0x00014ADC, 0x00014ADD, 0x00014ADE, 0x00014ADF, 0x000148E0, 0x000148E0, 0x000148E1,
  0x000148E2, 0x000148E3, 0x000148E4, 0x000148E5, 0x000148E6, 0x000148E6, 0x000148E7, 0x000148E8, 0x000148E9, 0x000148EA,
  0x000148EB, 0x000148EC, 0x000148EC, 0x000148ED, 0x000148EE, 0x000148EF, 0x000148F0, 0x000148F1, 0x000148F1, 0x000146F2,
  0x000146F3, 0x000146F4, 0x000146F5, 0x000146F5, 0x000146F6, 0x000146F7, 0x000146F8, 0x000146F9, 0x000146F9, 0x000146FA,
  0x000146FB, 0x000146FC, 0x000146FD, 0x000146FD, 0x000146FE, 0x000146FF, 0x00014700, 0x00014701, 0x00014702, 0x00014702,
  0x00014703, 0x00014704, 0x00014705, 0x00014706, 0x00014706, 0x00014707, 0x00014708, 0x00014709, 0x0001470A, 0x0001470A,
  0x0001470B, 0x0001470C, 0x0001470D, 0x0001490E, 0x0001490E, 0x0001490F, 0x00014910, 0x00014911, 0x00014912, 0x00014913,
  0x00014913, 0x00014914, 0x00014915, 0x00014916, 0x00014917, 0x00014918, 0x00014919, 0x00014919, 0x0001491A, 0x0001491B,
  0x0001491C, 0x0001491D, 0x0001491E, 0x0001491F, 0x0001491F, 0x00014B20, 0x00014B21, 0x00014B22, 0x00014B23, 0x00014B24,
  0x00014B25, 0x00014B26, 0x00014B27, 0x00014B28, 0x00014B29, 0x00014B2A, 0x00014B2B, 0x00014D2C, 0x00014D2D, 0x00014D2E,
  0x00014D2F, 0x00014D30, 0x00014D31, 0x00014D32, 0x00014D33, 0x00014D34, 0x00014F35, 0x00014F36, 0x00014F37, 0x00014F38,
  0x00014F39, 0x00014F3A, 0x00014F3C, 0x00014F3D, 0x0001513E, 0x0001513F, 0x00015141, 0x00015142, 0x00015143, 0x00015345,
  0x00015346, 0x00015347, 0x00015349, 0x0001534A, 0x0001554C, 0x0001554E, 0x0001554F, 0x00015551, 0x00015753, 0x00015755,
  0x00015757, 0x00015959, 0x0001595C, 0x00015B5E, 0x00015B61, 0x00015D65, 0x00015F6A, 0x00016173, 0x00000000, 0x00000000,
  0x00000000, 0x00000000, 0x00000000, 0x00000000, 0x00000000, 0x00000000, 0x00000000, 0x00000000, 0x00000000, 0x00000000,
  0x00000000, 0x00000000, 0x00000000, 0x00000000, 0x00000000, 0x00000000, 0x00000000, 0x00000000, 0x00000000, 0x00000000,
  0x00000000, 0x00000000, 0x00000000, 0x00000000, 0x00000000, 0x00000000, 0x00000000, 0x00000000, 0x00000000, 0x00000000,
  0x00000000, 0x00000000, 0x00000000, 0x00000000, 0x00000000, 0x00000000, 0x00000000, 0x00000000, 0x00000000, 0x00016091,
  0x00015E97, 0x00015C9B, 0x00015C9F, 0x00015AA2, 0x00015AA4, 0x000158A7, 0x000158A9, 0x000158AB, 0x000156AD, 0x000156AF,
  0x000156B1, 0x000156B2, 0x000154B4, 0x000154B5, 0x000154B7, 0x000154B8, 0x000154BA, 0x000152BB, 0x000152BD, 0x000152BE,
  0x000152BF, 0x000152C0, 0x000150C2, 0x000150C3, 0x000150C4, 0x000150C5, 0x000150C6, 0x000150C8, 0x000150C9, 0x00014ECA,
  0x00014ECB, 0x00014ECC, 0x00014ECD, 0x00014ECE, 0x00014ECF, 0x00014ED0, 0x00014ED1, 0x00014ED2, 0x00014CD3, 0x00014CD4,
  0x00014CD5, 0x00014CD6, 0x00014CD7, 0x00014CD8, 0x00014CD9, 0x00014CDA, 0x00014CDB, 0x00014CDC, 0x00014CDD, 0x00014CDE,
  0x00014ADE, 0x00014ADF, 0x00014AE0, 0x00014AE1, 0x00014AE2, 0x00014AE3, 0x00014AE4, 0x00014AE5, 0x00014AE5, 0x00014AE6,
  0x00014AE7, 0x00014AE8, 0x00014AE9, 0x00014AEA, 0x00014AEB, 0x00014AEB, 0x00014AEC, 0x00014AED, 0x00014AEE, 0x00014AEF,
  0x000148F0, 0x000148F0, 0x000148F1, 0x000148F2, 0x000148F3, 0x000148F4, 0x000148F5, 0x000148F5, 0x000148F6, 0x000148F7,
  0x000148F8, 0x000148F9, 0x000148F9, 0x000148FA, 0x000148FB, 0x000148FC, 0x000148FD, 0x000148FD, 0x000148FE, 0x000148FF,
  0x00014900, 0x00014901, 0x00014902, 0x00014902, 0x00014903, 0x00014904, 0x00014905, 0x00014906, 0x00014906, 0x00014907,
  0x00014908, 0x00014909, 0x0001490A, 0x0001490A, 0x0001490B, 0x0001490C, 0x0001490D, 0x0001490E, 0x0001490F, 0x0001490F,
  0x00014B10, 0x00014B11, 0x00014B12, 0x00014B13, 0x00014B14, 0x00014B14, 0x00014B15, 0x00014B16, 0x00014B17, 0x00014B18,
  0x00014B19, 0x00014B1A, 0x00014B1A, 0x00014B1B, 0x00014B1C, 0x00014B1D, 0x00014B1E, 0x00014B1F, 0x00014B20, 0x00014B21,
  0x00014D21, 0x00014D22, 0x00014D23, 0x00014D24, 0x00014D25, 0x00014D26, 0x00014D27, 0x00014D28, 0x00014D29, 0x00014D2A,
  0x00014D2B, 0x00014D2C, 0x00014F2D, 0x00014F2E, 0x00014F2F, 0x00014F30, 0x00014F31, 0x00014F32, 0x00014F33, 0x00014F34,
  0x00014F35, 0x00015136, 0x00015137, 0x00015139, 0x0001513A, 0x0001513B, 0x0001513C, 0x0001513D, 0x0001533F, 0x00015340,
  0x00015341, 0x00015342, 0x00015344, 0x00015545, 0x00015547, 0x00015548, 0x0001554A, 0x0001554B, 0x0001574D, 0x0001574E,
  0x00015750, 0x00015752, 0x00015954, 0x00015956, 0x00015958, 0x00015B5B, 0x00015B5D, 0x00015D60, 0x00015D64, 0x00015F68,
  0x0001616E, 0x00000000, 0x00000000, 0x00000000, 0x00000000, 0x00000000, 0x00000000, 0x00000000, 0x00000000, 0x00000000,
  0x00000000, 0x00000000, 0x00000000, 0x00000000, 0x00000000, 0x00000000, 0x00000000, 0x00000000, 0x00000000, 0x00000000,
  0x00000000, 0x00000000, 0x00000000, 0x00000000, 0x00000000, 0x00000000, 0x00000000, 0x00000000, 0x00000000, 0x00000000,
  0x00000000, 0x00000000, 0x00000000, 0x00000000, 0x00000000, 0x00000000, 0x00000000, 0x00000000, 0x00000000, 0x00000000,
  0x00000000, 0x00000000, 0x00000000, 0x00000000, 0x00016293, 0x00016099, 0x00015E9D, 0x00015EA0, 0x00015CA3, 0x00015CA5,
  0x00015AA8, 0x00015AAA, 0x00015AAC, 0x000158AE, 0x000158B0, 0x000158B1, 0x000156B3, 0x000156B5, 0x000156B6, 0x000156B8,
  0x000156B9, 0x000154BB, 0x000154BC, 0x000154BD, 0x000154BF, 0x000154C0, 0x000152C1, 0x000152C2, 0x000152C4, 0x000152C5,
  0x000152C6, 0x000152C7, 0x000152C8, 0x000150C9, 0x000150CB, 0x000150CC, 0x000150CD, 0x000150CE, 0x000150CF, 0x000150D0,
  0x000150D1, 0x00014ED2, 0x00014ED3, 0x00014ED4, 0x00014ED5, 0x00014ED6, 0x00014ED7, 0x00014ED8, 0x00014ED9, 0x00014EDA,
  0x00014EDB, 0x00014EDB, 0x00014EDC, 0x00014CDD, 0x00014CDE, 0x00014CDF, 0x00014CE0, 0x00014CE1, 0x00014CE2, 0x00014CE3,
  0x00014CE4, 0x00014CE4, 0x00014CE5, 0x00014CE6, 0x00014CE7, 0x00014CE8, 0x00014CE9, 0x00014CEA, 0x00014CEA, 0x00014CEB,
  0x00014CEC, 0x00014AED, 0x00014AEE, 0x00014AEF, 0x00014AF0, 0x00014AF0, 0x00014AF1, 0x00014AF2, 0x00014AF3, 0x00014AF4,
  0x00014AF4, 0x00014AF5, 0x00014AF6, 0x00014AF7, 0x00014AF8, 0x00014AF9, 0x00014AF9, 0x00014AFA, 0x00014AFB, 0x00014AFC,
  0x00014AFD, 0x00014AFD, 0x00014AFE, 0x00014AFF, 0x00014B00, 0x00014B01, 0x00014B02, 0x00014B02, 0x00014B03, 0x00014B04,
  0x00014B05, 0x00014B06, 0x00014B06, 0x00014B07, 0x00014B08, 0x00014B09, 0x00014B0A, 0x00014B0B, 0x00014B0B, 0x00014B0C,
  0x00014B0D, 0x00014B0E, 0x00014B0F, 0x00014B0F, 0x00014B10, 0x00014B11, 0x00014B12, 0x00014D13, 0x00014D14, 0x00014D15,
  0x00014D15, 0x00014D16, 0x00014D17, 0x00014D18, 0x00014D19, 0x00014D1A, 0x00014D1B, 0x00014D1B, 0x00014D1C, 0x00014D1D,
  0x00014D1E, 0x00014D1F, 0x00014D20, 0x00014D21, 0x00014D22, 0x00014F23, 0x00014F24, 0x00014F24, 0x00014F25, 0x00014F26,
  0x00014F27, 0x00014F28, 0x00014F29, 0x00014F2A, 0x00014F2B, 0x00014F2C, 0x00014F2D, 0x0001512E, 0x0001512F, 0x00015130,
  0x00015131, 0x00015132, 0x00015133, 0x00015134, 0x00015136, 0x00015337, 0x00015338, 0x00015339, 0x0001533A, 0x0001533B,
  0x0001533D, 0x0001533E, 0x0001553F, 0x00015540, 0x00015542, 0x00015543, 0x00015544, 0x00015746, 0x00015747, 0x00015749,
  0x0001574A, 0x0001574C, 0x0001594E, 0x0001594F, 0x00015951, 0x00015B53, 0x00015B55, 0x00015B57, 0x00015D5A, 0x00015D5C,
  0x00015F5F, 0x00015F62, 0x00016166, 0x0001636C, 0x00000000, 0x00000000, 0x00000000, 0x00000000, 0x00000000, 0x00000000,
  0x00000000, 0x00000000, 0x00000000, 0x00000000, 0x00000000, 0x00000000, 0x00000000, 0x00000000, 0x00000000, 0x00000000,
  0x00000000, 0x00000000, 0x00000000, 0x00000000, 0x00000000, 0x00000000, 0x00000000, 0x00000000, 0x00000000, 0x00000000,
  0x00000000, 0x00000000, 0x00000000, 0x00000000, 0x00000000, 0x00000000, 0x00000000, 0x00000000, 0x00000000, 0x00000000,
  0x00000000, 0x00000000, 0x00000000, 0x00000000, 0x00000000, 0x00000000, 0x00000000, 0x00000000, 0x00000000, 0x00016295,
  0x0001609A, 0x0001609E, 0x00015EA1, 0x00015EA4, 0x00015CA6, 0x00015CA9, 0x00015CAB, 0x00015AAD, 0x00015AAF, 0x00015AB0,
  0x000158B2, 0x000158B4, 0x000158B5, 0x000158B7, 0x000158B8, 0x000156BA, 0x000156BB, 0x000156BD, 0x000156BE, 0x000156BF,
  0x000154C1, 0x000154C2, 0x000154C3, 0x000154C4, 0x000154C6, 0x000154C7, 0x000154C8, 0x000152C9, 0x000152CA, 0x000152CB,
  0x000152CC, 0x000152CD, 0x000152CE, 0x000152CF, 0x000152D0, 0x000150D2, 0x000150D3, 0x000150D4, 0x000150D5, 0x000150D6,
  0x000150D6, 0x000150D7, 0x000150D8, 0x000150D9, 0x000150DA, 0x000150DB, 0x00014EDC, 0x00014EDD, 0x00014EDE, 0x00014EDF,
  0x00014EE0, 0x00014EE1, 0x00014EE2, 0x00014EE3, 0x00014EE3, 0x00014EE4, 0x00014EE5, 0x00014EE6, 0x00014EE7, 0x00014EE8,
  0x00014EE9, 0x00014EEA, 0x00014EEA, 0x00014CEB, 0x00014CEC, 0x00014CED, 0x00014CEE, 0x00014CEF, 0x00014CEF, 0x00014CF0,
  0x00014CF1, 0x00014CF2, 0x00014CF3, 0x00014CF4, 0x00014CF4, 0x00014CF5, 0x00014CF6, 0x00014CF7, 0x00014CF8, 0x00014CF9,
  0x00014CF9, 0x00014CFA, 0x00014CFB, 0x00014CFC, 0x00014CFD, 0x00014CFD, 0x00014CFE, 0x00014CFF, 0x00014D00, 0x00014D01,
  0x00014D02, 0x00014D02, 0x00014D03, 0x00014D04, 0x00014D05, 0x00014D06, 0x00014D06, 0x00014D07, 0x00014D08, 0x00014D09,
  0x00014D0A, 0x00014D0B, 0x00014D0B, 0x00014D0C, 0x00014D0D, 0x00014D0E, 0x00014D0F, 0x00014D10, 0x00014D10, 0x00014D11,
  0x00014D12, 0x00014D13, 0x00014D14, 0x00014F15, 0x00014F15, 0x00014F16, 0x00014F17, 0x00014F18, 0x00014F19, 0x00014F1A,
  0x00014F1B, 0x00014F1C, 0x00014F1C, 0x00014F1D, 0x00014F1E, 0x00014F1F, 0x00014F20, 0x00014F21, 0x00014F22, 0x00014F23,
  0x00015124, 0x00015125, 0x00015126, 0x00015127, 0x00015128, 0x00015129, 0x00015129, 0x0001512A, 0x0001512B, 0x0001512C,
  0x0001512D, 0x0001532F, 0x00015330, 0x00015331, 0x00015332, 0x00015333, 0x00015334, 0x00015335, 0x00015336, 0x00015537,
  0x00015538, 0x00015539, 0x0001553B, 0x0001553C, 0x0001553D, 0x0001553E, 0x00015740, 0x00015741, 0x00015742, 0x00015744,
  0x00015745, 0x00015947, 0x00015948, 0x0001594A, 0x0001594B, 0x0001594D, 0x00015B4F, 0x00015B50, 0x00015B52, 0x00015D54,
  0x00015D56, 0x00015D59, 0x00015F5B, 0x00015F5E, 0x00016161, 0x00016165, 0x0001636A, 0x00000000, 0x00000000, 0x00000000,
  0x00000000, 0x00000000, 0x00000000, 0x00000000, 0x00000000, 0x00000000, 0x00000000, 0x00000000, 0x00000000, 0x00000000,
  0x00000000, 0x00000000, 0x00000000, 0x00000000, 0x00000000, 0x00000000, 0x00000000, 0x00000000, 0x00000000, 0x00000000,
  0x00000000, 0x00000000, 0x00000000, 0x00000000, 0x00000000, 0x00000000, 0x00000000, 0x00000000, 0x00000000, 0x00000000,
  0x00000000, 0x00000000, 0x00000000, 0x00000000, 0x00000000, 0x00000000, 0x00000000, 0x00000000, 0x00000000, 0x00000000,
  0x00000000, 0x00000000, 0x00000000, 0x0001668E, 0x00016497, 0x0001629B, 0x0001629F, 0x000160A2, 0x000160A5, 0x00015EA7,
  0x00015EA9, 0x00015CAC, 0x00015CAE, 0x00015CAF, 0x00015CB1, 0x00015AB3, 0x00015AB5, 0x00015AB6, 0x00015AB8, 0x000158B9,
  0x000158BB, 0x000158BC, 0x000158BD, 0x000158BF, 0x000156C0, 0x000156C1, 0x000156C3, 0x000156C4, 0x000156C5, 0x000156C6,
  0x000154C7, 0x000154C9, 0x000154CA, 0x000154CB, 0x000154CC, 0x000154CD, 0x000154CE, 0x000154CF, 0x000152D0, 0x000152D1,
  0x000152D2, 0x000152D3, 0x000152D4, 0x000152D5, 0x000152D6, 0x000152D7, 0x000152D8, 0x000152D9, 0x000152DA, 0x000150DB,
  0x000150DC, 0x000150DD, 0x000150DE, 0x000150DF, 0x000150E0, 0x000150E1, 0x000150E1, 0x000150E2, 0x000150E3, 0x000150E4,
  0x000150E5, 0x000150E6, 0x000150E7, 0x000150E8, 0x000150E9, 0x00014EE9, 0x00014EEA, 0x00014EEB, 0x00014EEC, 0x00014EED,
  0x00014EEE, 0x00014EEE, 0x00014EEF, 0x00014EF0, 0x00014EF1, 0x00014EF2, 0x00014EF3, 0x00014EF4, 0x00014EF4, 0x00014EF5,
  0x00014EF6, 0x00014EF7, 0x00014EF8, 0x00014EF9, 0x00014EF9, 0x00014EFA, 0x00014EFB, 0x00014EFC, 0x00014EFD, 0x00014EFD,
  0x00014EFE, 0x00014EFF, 0x00014F00, 0x00014F01, 0x00014F02, 0x00014F02, 0x00014F03, 0x00014F04, 0x00014F05, 0x00014F06,
  0x00014F06, 0x00014F07, 0x00014F08, 0x00014F09, 0x00014F0A, 0x00014F0B, 0x00014F0B, 0x00014F0C, 0x00014F0D, 0x00014F0E,
  0x00014F0F, 0x00014F10, 0x00014F11, 0x00014F11, 0x00014F12, 0x00014F13, 0x00014F14, 0x00014F15, 0x00014F16, 0x00015116,
  0x00015117, 0x00015118, 0x00015119, 0x0001511A, 0x0001511B, 0x0001511C, 0x0001511D, 0x0001511E, 0x0001511E, 0x0001511F,
  0x00015120, 0x00015121, 0x00015122, 0x00015123, 0x00015124, 0x00015325, 0x00015326, 0x00015327, 0x00015328, 0x00015329,
  0x0001532A, 0x0001532B, 0x0001532C, 0x0001532D, 0x0001532E, 0x0001532F, 0x00015530, 0x00015531, 0x00015532, 0x00015533,
  0x00015534, 0x00015535, 0x00015536, 0x00015538, 0x00015739, 0x0001573A, 0x0001573B, 0x0001573C, 0x0001573E, 0x0001573F,
  0x00015940, 0x00015942, 0x00015943, 0x00015944, 0x00015946, 0x00015B47, 0x00015B49, 0x00015B4A, 0x00015B4C, 0x00015D4E,
  0x00015D50, 0x00015D51, 0x00015D53, 0x00015F56, 0x00015F58, 0x0001615A, 0x0001615D, 0x00016360, 0x00016364, 0x00016568,
  0x00016771, 0x00000000, 0x00000000, 0x00000000, 0x00000000, 0x00000000, 0x00000000, 0x00000000, 0x00000000, 0x00000000,
  0x00000000, 0x00000000, 0x00000000, 0x00000000, 0x00000000, 0x00000000, 0x00000000, 0x00000000, 0x00000000, 0x00000000,
  0x00000000, 0x00000000, 0x00000000, 0x00000000, 0x00000000, 0x00000000, 0x00000000, 0x00000000, 0x00000000, 0x00000000,
  0x00000000, 0x00000000, 0x00000000, 0x00000000, 0x00000000, 0x00000000, 0x00000000, 0x00000000, 0x00000000, 0x00000000,
  0x00000000, 0x00000000, 0x00000000, 0x00000000, 0x00000000, 0x00000000, 0x00000000, 0x00000000, 0x00016891, 0x00016698,
  0x0001649D, 0x000162A0, 0x000162A3, 0x000160A6, 0x000160A8, 0x000160AA, 0x00015EAC, 0x00015EAE, 0x00015EB0, 0x00015CB2,
  0x00015CB4, 0x00015CB5, 0x00015CB7, 0x00015AB8, 0x00015ABA, 0x00015ABB, 0x00015ABD, 0x00015ABE, 0x000158BF, 0x000158C1,
  0x000158C2, 0x000158C3, 0x000158C5, 0x000158C6, 0x000156C7, 0x000156C8, 0x000156C9, 0x000156CA, 0x000156CB, 0x000156CD,
  0x000156CE, 0x000156CF, 0x000154D0, 0x000154D1, 0x000154D2, 0x000154D3, 0x000154D4, 0x000154D5, 0x000154D6, 0x000154D7,
  0x000154D8, 0x000154D9, 0x000152DA, 0x000152DB, 0x000152DC, 0x000152DD, 0x000152DE, 0x000152DE, 0x000152DF, 0x000152E0,
  0x000152E1, 0x000152E2, 0x000152E3, 0x000152E4, 0x000152E5, 0x000152E6, 0x000152E7, 0x000152E7, 0x000150E8, 0x000150E9,
  0x000150EA, 0x000150EB, 0x000150EC, 0x000150ED, 0x000150EE, 0x000150EE, 0x000150EF, 0x000150F0, 0x000150F1, 0x000150F2,
  0x000150F3, 0x000150F3, 0x000150F4, 0x000150F5, 0x000150F6, 0x000150F7, 0x000150F8, 0x000150F8, 0x000150F9, 0x000150FA,
  0x000150FB, 0x000150FC, 0x000150FD, 0x000150FD, 0x000150FE, 0x000150FF, 0x00015100, 0x00015101, 0x00015102, 0x00015102,
  0x00015103, 0x00015104, 0x00015105, 0x00015106, 0x00015107, 0x00015107, 0x00015108, 0x00015109, 0x0001510A, 0x0001510B,
  0x0001510C, 0x0001510C, 0x0001510D, 0x0001510E, 0x0001510F, 0x00015110, 0x00015111, 0x00015111, 0x00015112, 0x00015113,
  0x00015114, 0x00015115, 0x00015116, 0x00015117, 0x00015318, 0x00015318, 0x00015319, 0x0001531A, 0x0001531B, 0x0001531C,
  0x0001531D, 0x0001531E, 0x0001531F, 0x00015320, 0x00015321, 0x00015321, 0x00015322, 0x00015323, 0x00015324, 0x00015325,
  0x00015526, 0x00015527, 0x00015528, 0x00015529, 0x0001552A, 0x0001552B, 0x0001552C, 0x0001552D, 0x0001552E, 0x0001552F,
  0x00015730, 0x00015731, 0x00015732, 0x00015734, 0x00015735, 0x00015736, 0x00015737, 0x00015738, 0x00015939, 0x0001593A,
  0x0001593C, 0x0001593D, 0x0001593E, 0x00015940, 0x00015B41, 0x00015B42, 0x00015B44, 0x00015B45, 0x00015B47, 0x00015D48,
  0x00015D4A, 0x00015D4B, 0x00015D4D, 0x00015F4F, 0x00015F51, 0x00015F53, 0x00016155, 0x00016157, 0x00016159, 0x0001635C,
  0x0001635F, 0x00016562, 0x00016767, 0x0001696E, 0x00000000, 0x00000000, 0x00000000, 0x00000000, 0x00000000, 0x00000000,
  0x00000000, 0x00000000, 0x00000000, 0x00000000, 0x00000000, 0x00000000, 0x00000000, 0x00000000, 0x00000000, 0x00000000,
  0x00000000, 0x00000000, 0x00000000, 0x00000000, 0x00000000, 0x00000000, 0x00000000, 0x00000000, 0x00000000, 0x00000000,
  0x00000000, 0x00000000, 0x00000000, 0x00000000, 0x00000000, 0x00000000, 0x00000000, 0x00000000, 0x00000000, 0x00000000,
  0x00000000, 0x00000000, 0x00000000, 0x00000000, 0x00000000, 0x00000000, 0x00000000, 0x00000000, 0x00000000, 0x00000000,
  0x00000000, 0x00000000, 0x00000000, 0x00016893, 0x00016699, 0x0001669E, 0x000164A1, 0x000164A4, 0x000162A7, 0x000162A9,
  0x000160AB, 0x000160AD, 0x000160AF, 0x000160B1, 0x00015EB3, 0x00015EB4, 0x00015EB6, 0x00015CB8, 0x00015CB9, 0x00015CBB,
  0x00015CBC, 0x00015CBD, 0x00015ABF, 0x00015AC0, 0x00015AC1, 0x00015AC3, 0x00015AC4, 0x00015AC5, 0x000158C6, 0x000158C8,
  0x000158C9, 0x000158CA, 0x000158CB, 0x000158CC, 0x000158CD, 0x000158CE, 0x000156CF, 0x000156D0, 0x000156D2, 0x000156D3,
  0x000156D4, 0x000156D5, 0x000156D6, 0x000156D7, 0x000156D8, 0x000156D9, 0x000154DA, 0x000154DA, 0x000154DB, 0x000154DC,
  0x000154DD, 0x000154DE, 0x000154DF, 0x000154E0, 0x000154E1, 0x000154E2, 0x000154E3, 0x000154E4, 0x000154E5, 0x000154E6,
  0x000154E6, 0x000152E7, 0x000152E8, 0x000152E9, 0x000152EA, 0x000152EB, 0x000152EC, 0x000152ED, 0x000152ED, 0x000152EE,
  0x000152EF, 0x000152F0, 0x000152F1, 0x000152F2, 0x000152F3, 0x000152F3, 0x000152F4, 0x000152F5, 0x000152F6, 0x000152F7,
  0x000152F8, 0x000152F8, 0x000152F9, 0x000152FA, 0x000152FB, 0x000152FC, 0x000152FD, 0x000152FD, 0x000152FE, 0x000152FF,
  0x00015300, 0x00015301, 0x00015302, 0x00015302, 0x00015303, 0x00015304, 0x00015305, 0x00015306, 0x00015307, 0x00015307,
  0x00015308, 0x00015309, 0x0001530A, 0x0001530B, 0x0001530C, 0x0001530C, 0x0001530D, 0x0001530E, 0x0001530F, 0x00015310,
  0x00015311, 0x00015312, 0x00015312, 0x00015313, 0x00015314, 0x00015315, 0x00015316, 0x00015317, 0x00015318, 0x00015519,
  0x00015519, 0x0001551A, 0x0001551B, 0x0001551C, 0x0001551D, 0x0001551E, 0x0001551F, 0x00015520, 0x00015521, 0x00015522,
  0x00015523, 0x00015524, 0x00015525, 0x00015525, 0x00015726, 0x00015727, 0x00015728, 0x00015729, 0x0001572A, 0x0001572B,
  0x0001572C, 0x0001572D, 0x0001572F, 0x00015730, 0x00015931, 0x00015932, 0x00015933, 0x00015934, 0x00015935, 0x00015936,
  0x00015937, 0x00015939, 0x00015B3A, 0x00015B3B, 0x00015B3C, 0x00015B3E, 0x00015B3F, 0x00015B40, 0x00015D42, 0x00015D43,
  0x00015D44, 0x00015D46, 0x00015D47, 0x00015F49, 0x00015F4B, 0x00015F4C, 0x0001614E, 0x00016150, 0x00016152, 0x00016154,
  0x00016356, 0x00016358, 0x0001655B, 0x0001655E, 0x00016761, 0x00016766, 0x0001696C, 0x00000000, 0x00000000, 0x00000000,
  0x00000000, 0x00000000, 0x00000000, 0x00000000, 0x00000000, 0x00000000, 0x00000000, 0x00000000, 0x00000000, 0x00000000,
  0x00000000, 0x00000000, 0x00000000, 0x00000000, 0x00000000, 0x00000000, 0x00000000, 0x00000000, 0x00000000, 0x00000000,
  0x00000000, 0x00000000, 0x00000000, 0x00000000, 0x00000000, 0x00000000, 0x00000000, 0x00000000, 0x00000000, 0x00000000,
  0x00000000, 0x00000000, 0x00000000, 0x00000000, 0x00000000, 0x00000000, 0x00000000, 0x00000000, 0x00000000, 0x00000000,
  0x00000000, 0x00000000, 0x00000000, 0x00000000, 0x00000000, 0x00000000, 0x00000000, 0x00000000, 0x00016A95, 0x0001689B,
  0x0001669F, 0x000166A2, 0x000164A5, 0x000164A7, 0x000164AA, 0x000162AC, 0x000162AE, 0x000162B0, 0x000160B2, 0x000160B3,
  0x000160B5, 0x000160B7, 0x00015EB8, 0x00015EBA, 0x00015EBB, 0x00015EBD, 0x00015EBE, 0x00015CBF, 0x00015CC1, 0x00015CC2,
  0x00015CC3, 0x00015CC5, 0x00015CC6, 0x00015AC7, 0x00015AC8, 0x00015AC9, 0x00015ACB, 0x00015ACC, 0x00015ACD, 0x00015ACE,
  0x000158CF, 0x000158D0, 0x000158D1, 0x000158D2, 0x000158D3, 0x000158D4, 0x000158D5, 0x000158D6, 0x000158D7, 0x000158D8,
  0x000156D9, 0x000156DA, 0x000156DB, 0x000156DC, 0x000156DD, 0x000156DE, 0x000156DF, 0x000156E0, 0x000156E1, 0x000156E2,
  0x000156E3, 0x000156E4, 0x000156E4, 0x000156E5, 0x000154E6, 0x000154E7, 0x000154E8, 0x000154E9, 0x000154EA, 0x000154EB,
  0x000154EC, 0x000154EC, 0x000154ED, 0x000154EE, 0x000154EF, 0x000154F0, 0x000154F1, 0x000154F2, 0x000154F2, 0x000154F3,
  0x000154F4, 0x000154F5, 0x000154F6, 0x000154F7, 0x000154F8, 0x000154F8, 0x000154F9, 0x000154FA, 0x000154FB, 0x000154FC,
  0x000154FD, 0x000154FD, 0x000154FE, 0x000154FF, 0x00015500, 0x00015501, 0x00015502, 0x00015502, 0x00015503, 0x00015504,
  0x00015505, 0x00015506, 0x00015507, 0x00015507, 0x00015508, 0x00015509, 0x0001550A, 0x0001550B, 0x0001550C, 0x0001550D,
  0x0001550D, 0x0001550E, 0x0001550F, 0x00015510, 0x00015511, 0x00015512, 0x00015513, 0x00015513, 0x00015514, 0x00015515,
  0x00015516, 0x00015517, 0x00015518, 0x00015519, 0x0001571A, 0x0001571B, 0x0001571B, 0x0001571C, 0x0001571D, 0x0001571E,
  0x0001571F, 0x00015720, 0x00015721, 0x00015722, 0x00015723, 0x00015724, 0x00015725, 0x00015726, 0x00015927, 0x00015928,
  0x00015929, 0x0001592A, 0x0001592B, 0x0001592C, 0x0001592D, 0x0001592E, 0x0001592F, 0x00015930, 0x00015B31, 0x00015B32,
  0x00015B33, 0x00015B34, 0x00015B36, 0x00015B37, 0x00015B38, 0x00015D39, 0x00015D3A, 0x00015D3C, 0x00015D3D, 0x00015D3E,
  0x00015D40, 0x00015F41, 0x00015F42, 0x00015F44, 0x00015F45, 0x00015F47, 0x00016148, 0x0001614A, 0x0001614C, 0x0001614D,
  0x0001634F, 0x00016351, 0x00016353, 0x00016555, 0x00016558, 0x0001655A, 0x0001675D, 0x00016760, 0x00016964, 0x00016B6A,
  0x00000000, 0x00000000, 0x00000000, 0x00000000, 0x00000000, 0x00000000, 0x00000000, 0x00000000, 0x00000000, 0x00000000,
  0x00000000, 0x00000000, 0x00000000, 0x00000000, 0x00000000, 0x00000000, 0x00000000, 0x00000000, 0x00000000, 0x00000000,
  0x00000000, 0x00000000, 0x00000000, 0x00000000, 0x00000000, 0x00000000, 0x00000000, 0x00000000, 0x00000000, 0x00000000,
  0x00000000, 0x00000000, 0x00000000, 0x00000000, 0x00000000, 0x00000000, 0x00000000, 0x00000000, 0x00000000, 0x00000000,
  0x00000000, 0x00000000, 0x00000000, 0x00000000, 0x00000000, 0x00000000, 0x00000000, 0x00000000, 0x00000000, 0x00000000,
  0x00000000, 0x00000000, 0x00000000, 0x00016C97, 0x00016A9C, 0x000168A0, 0x000168A3, 0x000166A6, 0x000166A8, 0x000164AA,
  0x000164AD, 0x000164AF, 0x000162B1, 0x000162B2, 0x000162B4, 0x000162B6, 0x000160B7, 0x000160B9, 0x000160BA, 0x000160BC,
  0x000160BD, 0x00015EBF, 0x00015EC0, 0x00015EC1, 0x00015EC3, 0x00015EC4, 0x00015EC5, 0x00015CC7, 0x00015CC8, 0x00015CC9,
  0x00015CCA, 0x00015CCB, 0x00015CCC, 0x00015CCD, 0x00015ACF, 0x00015AD0, 0x00015AD1, 0x00015AD2, 0x00015AD3, 0x00015AD4,
  0x00015AD5, 0x00015AD6, 0x00015AD7, 0x000158D8, 0x000158D9, 0x000158DA, 0x000158DB, 0x000158DC, 0x000158DD, 0x000158DE,
  0x000158DF, 0x000158E0, 0x000158E1, 0x000158E2, 0x000158E2, 0x000158E3, 0x000158E4, 0x000156E5, 0x000156E6, 0x000156E7,
  0x000156E8, 0x000156E9, 0x000156EA, 0x000156EB, 0x000156EB, 0x000156EC, 0x000156ED, 0x000156EE, 0x000156EF, 0x000156F0,
  0x000156F1, 0x000156F1, 0x000156F2, 0x000156F3, 0x000156F4, 0x000156F5, 0x000156F6, 0x000156F7, 0x000156F7, 0x000156F8,
  0x000156F9, 0x000156FA, 0x000156FB, 0x000156FC, 0x000156FD, 0x000156FD, 0x000156FE, 0x000156FF, 0x00015700, 0x00015701,
  0x00015702, 0x00015702, 0x00015703, 0x00015704, 0x00015705, 0x00015706, 0x00015707, 0x00015708, 0x00015708, 0x00015709,
  0x0001570A, 0x0001570B, 0x0001570C, 0x0001570D, 0x0001570E, 0x0001570E, 0x0001570F, 0x00015710, 0x00015711, 0x00015712,
  0x00015713, 0x00015714, 0x00015714, 0x00015715, 0x00015716, 0x00015717, 0x00015718, 0x00015719, 0x0001571A, 0x0001591B,
  0x0001591C, 0x0001591D, 0x0001591D, 0x0001591E, 0x0001591F, 0x00015920, 0x00015921, 0x00015922, 0x00015923, 0x00015924,
  0x00015925, 0x00015926, 0x00015927, 0x00015B28, 0x00015B29, 0x00015B2A, 0x00015B2B, 0x00015B2C, 0x00015B2D, 0x00015B2E,
  0x00015B2F, 0x00015B30, 0x00015D32, 0x00015D33, 0x00015D34, 0x00015D35, 0x00015D36, 0x00015D37, 0x00015D38, 0x00015F3A,
  0x00015F3B, 0x00015F3C, 0x00015F3E, 0x00015F3F, 0x00015F40, 0x00016142, 0x00016143, 0x00016145, 0x00016146, 0x00016148,
  0x00016349, 0x0001634B, 0x0001634D, 0x0001634E, 0x00016550, 0x00016552, 0x00016555, 0x00016757, 0x00016759, 0x0001695C,
  0x0001695F, 0x00016B63, 0x00016D68, 0x00000000, 0x00000000, 0x00000000, 0x00000000, 0x00000000, 0x00000000, 0x00000000,
  0x00000000, 0x00000000, 0x00000000, 0x00000000, 0x00000000, 0x00000000, 0x00000000, 0x00000000, 0x00000000, 0x00000000,
  0x00000000, 0x00000000, 0x00000000, 0x00000000, 0x00000000, 0x00000000, 0x00000000, 0x00000000, 0x00000000, 0x00000000,
  0x00000000, 0x00000000, 0x00000000, 0x00000000, 0x00000000, 0x00000000, 0x00000000, 0x00000000, 0x00000000, 0x00000000,
  0x00000000, 0x00000000, 0x00000000, 0x00000000, 0x00000000, 0x00000000, 0x00000000, 0x00000000, 0x00000000, 0x00000000,
  0x00000000, 0x00000000, 0x00000000, 0x00000000, 0x00000000, 0x00000000, 0x00000000, 0x0001728D, 0x00016E98, 0x00016C9D,
  0x00016AA0, 0x00016AA4, 0x000168A6, 0x000168A9, 0x000166AB, 0x000166AD, 0x000166AF, 0x000164B1, 0x000164B3, 0x000164B5,
  0x000164B6, 0x000162B8, 0x000162BA, 0x000162BB, 0x000162BD, 0x000160BE, 0x000160BF, 0x000160C1, 0x000160C2, 0x000160C3,
  0x000160C5, 0x00015EC6, 0x00015EC7, 0x00015EC8, 0x00015ECA, 0x00015ECB, 0x00015ECC, 0x00015ECD, 0x00015CCE, 0x00015CCF,
  0x00015CD0, 0x00015CD1, 0x00015CD2, 0x00015CD4, 0x00015CD5, 0x00015CD6, 0x00015CD7, 0x00015AD8, 0x00015AD9, 0x00015ADA,
  0x00015ADB, 0x00015ADC, 0x00015ADD, 0x00015ADD, 0x00015ADE, 0x00015ADF, 0x00015AE0, 0x00015AE1, 0x00015AE2, 0x00015AE3,
  0x00015AE4, 0x000158E5, 0x000158E6, 0x000158E7, 0x000158E8, 0x000158E9, 0x000158E9, 0x000158EA, 0x000158EB, 0x000158EC,
  0x000158ED, 0x000158EE, 0x000158EF, 0x000158F0, 0x000158F1, 0x000158F1, 0x000158F2, 0x000158F3, 0x000158F4, 0x000158F5,
  0x000158F6, 0x000158F7, 0x000158F7, 0x000158F8, 0x000158F9, 0x000158FA, 0x000158FB, 0x000158FC, 0x000158FD, 0x000158FD,
  0x000158FE, 0x000158FF, 0x00015900, 0x00015901, 0x00015902, 0x00015902, 0x00015903, 0x00015904, 0x00015905, 0x00015906,
  0x00015907, 0x00015908, 0x00015908, 0x00015909, 0x0001590A, 0x0001590B, 0x0001590C, 0x0001590D, 0x0001590E, 0x0001590E,
  0x0001590F, 0x00015910, 0x00015911, 0x00015912, 0x00015913, 0x00015914, 0x00015915, 0x00015916, 0x00015916, 0x00015917,
  0x00015918, 0x00015919, 0x0001591A, 0x00015B1B, 0x00015B1C, 0x00015B1D, 0x00015B1E, 0x00015B1F, 0x00015B20, 0x00015B21,
  0x00015B22, 0x00015B22, 0x00015B23, 0x00015B24, 0x00015B25, 0x00015B26, 0x00015B27, 0x00015D28, 0x00015D29, 0x00015D2A,
  0x00015D2B, 0x00015D2D, 0x00015D2E, 0x00015D2F, 0x00015D30, 0x00015D31, 0x00015F32, 0x00015F33, 0x00015F34, 0x00015F35,
  0x00015F37, 0x00015F38, 0x00015F39, 0x0001613A, 0x0001613C, 0x0001613D, 0x0001613E, 0x00016140, 0x00016141, 0x00016342,
  0x00016344, 0x00016345, 0x00016347, 0x00016549, 0x0001654A, 0x0001654C, 0x0001654E, 0x00016750, 0x00016752, 0x00016754,
  0x00016956, 0x00016959, 0x00016B5B, 0x00016B5F, 0x00016D62, 0x00016F67, 0x00017372, 0x00000000, 0x00000000, 0x00000000,
  0x00000000, 0x00000000, 0x00000000, 0x00000000, 0x00000000, 0x00000000, 0x00000000, 0x00000000, 0x00000000, 0x00000000,
  0x00000000, 0x00000000, 0x00000000, 0x00000000, 0x00000000, 0x00000000, 0x00000000, 0x00000000, 0x00000000, 0x00000000,
  0x00000000, 0x00000000, 0x00000000, 0x00000000, 0x00000000, 0x00000000, 0x00000000, 0x00000000, 0x00000000, 0x00000000,
  0x00000000, 0x00000000, 0x00000000, 0x00000000, 0x00000000, 0x00000000, 0x00000000, 0x00000000, 0x00000000, 0x00000000,
  0x00000000, 0x00000000, 0x00000000, 0x00000000, 0x00000000, 0x00000000, 0x00000000, 0x00000000, 0x00000000, 0x00000000,
  0x00000000, 0x00000000, 0x00017290, 0x00016E99, 0x00016E9D, 0x00016CA1, 0x00016AA4, 0x00016AA7, 0x00016AA9, 0x000168AC,
  0x000168AE, 0x000168B0, 0x000166B2, 0x000166B4, 0x000166B5, 0x000164B7, 0x000164B9, 0x000164BA, 0x000164BC, 0x000164BD,
  0x000162BF, 0x000162C0, 0x000162C1, 0x000162C3, 0x000162C4, 0x000160C5, 0x000160C7, 0x000160C8, 0x000160C9, 0x000160CA,
  0x000160CB, 0x000160CD, 0x00015ECE, 0x00015ECF, 0x00015ED0, 0x00015ED1, 0x00015ED2, 0x00015ED3, 0x00015ED4, 0x00015ED5,
  0x00015ED6, 0x00015CD7, 0x00015CD8, 0x00015CD9, 0x00015CDA, 0x00015CDB, 0x00015CDC, 0x00015CDD, 0x00015CDE, 0x00015CDF,
  0x00015CE0, 0x00015CE1, 0x00015CE2, 0x00015CE3, 0x00015AE4, 0x00015AE5, 0x00015AE6, 0x00015AE7, 0x00015AE8, 0x00015AE8,
  0x00015AE9, 0x00015AEA, 0x00015AEB, 0x00015AEC, 0x00015AED, 0x00015AEE, 0x00015AEF, 0x00015AF0, 0x00015AF0, 0x00015AF1,
  0x00015AF2, 0x00015AF3, 0x00015AF4, 0x00015AF5, 0x00015AF6, 0x00015AF6, 0x00015AF7, 0x00015AF8, 0x00015AF9, 0x00015AFA,
  0x00015AFB, 0x00015AFC, 0x00015AFD, 0x00015AFD, 0x00015AFE, 0x00015AFF, 0x00015B00, 0x00015B01, 0x00015B02, 0x00015B02,
  0x00015B03, 0x00015B04, 0x00015B05, 0x00015B06, 0x00015B07, 0x00015B08, 0x00015B09, 0x00015B09, 0x00015B0A, 0x00015B0B,
  0x00015B0C, 0x00015B0D, 0x00015B0E, 0x00015B0F, 0x00015B0F, 0x00015B10, 0x00015B11, 0x00015B12, 0x00015B13, 0x00015B14,
  0x00015B15, 0x00015B16, 0x00015B17, 0x00015B17, 0x00015B18, 0x00015B19, 0x00015B1A, 0x00015B1B, 0x00015D1C, 0x00015D1D,
  0x00015D1E, 0x00015D1F, 0x00015D20, 0x00015D21, 0x00015D22, 0x00015D23, 0x00015D24, 0x00015D25, 0x00015D26, 0x00015D27,
  0x00015D28, 0x00015F29, 0x00015F2A, 0x00015F2B, 0x00015F2C, 0x00015F2D, 0x00015F2E, 0x00015F2F, 0x00015F30, 0x00015F31,
  0x00016132, 0x00016134, 0x00016135, 0x00016136, 0x00016137, 0x00016138, 0x0001613A, 0x0001633B, 0x0001633C, 0x0001633E,
  0x0001633F, 0x00016340, 0x00016542, 0x00016543, 0x00016545, 0x00016546, 0x00016548, 0x0001674A, 0x0001674B, 0x0001674D,
  0x0001694F, 0x00016951, 0x00016953, 0x00016B56, 0x00016B58, 0x00016B5B, 0x00016D5E, 0x00016F62, 0x00016F66, 0x0001736F,
  0x00000000, 0x00000000, 0x00000000, 0x00000000, 0x00000000, 0x00000000, 0x00000000, 0x00000000, 0x00000000, 0x00000000,
  0x00000000, 0x00000000, 0x00000000, 0x00000000, 0x00000000, 0x00000000, 0x00000000, 0x00000000, 0x00000000, 0x00000000,
  0x00000000, 0x00000000, 0x00000000, 0x00000000, 0x00000000, 0x00000000, 0x00000000, 0x00000000, 0x00000000, 0x00000000,
  0x00000000, 0x00000000, 0x00000000, 0x00000000, 0x00000000, 0x00000000, 0x00000000, 0x00000000, 0x00000000, 0x00000000,
  0x00000000, 0x00000000, 0x00000000, 0x00000000, 0x00000000, 0x00000000, 0x00000000, 0x00000000, 0x00000000, 0x00000000,
  0x00000000, 0x00000000, 0x00000000, 0x00000000, 0x00000000, 0x00000000, 0x00000000, 0x00017492, 0x0001709A, 0x00016E9E,
  0x00016EA2, 0x00016CA5, 0x00016CA8, 0x00016AAA, 0x00016AAC, 0x00016AAF, 0x000168B1, 0x000168B2, 0x000168B4, 0x000168B6,
  0x000166B8, 0x000166B9, 0x000166BB, 0x000166BC, 0x000164BE, 0x000164BF, 0x000164C1, 0x000164C2, 0x000164C3, 0x000164C5,
  0x000162C6, 0x000162C7, 0x000162C8, 0x000162CA, 0x000162CB, 0x000162CC, 0x000162CD, 0x000160CE, 0x000160CF, 0x000160D1,
  0x000160D2, 0x000160D3, 0x000160D4, 0x000160D5, 0x000160D6, 0x000160D7, 0x00015ED8, 0x00015ED9, 0x00015EDA, 0x00015EDB,
  0x00015EDC, 0x00015EDD, 0x00015EDE, 0x00015EDF, 0x00015EE0, 0x00015EE1, 0x00015EE2, 0x00015EE3, 0x00015CE4, 0x00015CE5,
  0x00015CE5, 0x00015CE6, 0x00015CE7, 0x00015CE8, 0x00015CE9, 0x00015CEA, 0x00015CEB, 0x00015CEC, 0x00015CED, 0x00015CEE,
  0x00015CEF, 0x00015CEF, 0x00015CF0, 0x00015CF1, 0x00015CF2, 0x00015CF3, 0x00015CF4, 0x00015CF5, 0x00015CF6, 0x00015CF6,
  0x00015CF7, 0x00015CF8, 0x00015CF9, 0x00015CFA, 0x00015CFB, 0x00015CFC, 0x00015CFC, 0x00015CFD, 0x00015CFE, 0x00015CFF,
  0x00015D00, 0x00015D01, 0x00015D02, 0x00015D03, 0x00015D03, 0x00015D04, 0x00015D05, 0x00015D06, 0x00015D07, 0x00015D08,
  0x00015D09, 0x00015D09, 0x00015D0A, 0x00015D0B, 0x00015D0C, 0x00015D0D, 0x00015D0E, 0x00015D0F, 0x00015D10, 0x00015D10,
  0x00015D11, 0x00015D12, 0x00015D13, 0x00015D14, 0x00015D15, 0x00015D16, 0x00015D17, 0x00015D18, 0x00015D19, 0x00015D1A,
  0x00015D1A, 0x00015D1B, 0x00015F1C, 0x00015F1D, 0x00015F1E, 0x00015F1F, 0x00015F20, 0x00015F21, 0x00015F22, 0x00015F23,
  0x00015F24, 0x00015F25, 0x00015F26, 0x00015F27, 0x00016128, 0x00016129, 0x0001612A, 0x0001612B, 0x0001612C, 0x0001612D,
  0x0001612E, 0x00016130, 0x00016131, 0x00016332, 0x00016333, 0x00016334, 0x00016335, 0x00016337, 0x00016338, 0x00016339,
  0x0001653A, 0x0001653C, 0x0001653D, 0x0001653E, 0x00016540, 0x00016541, 0x00016743, 0x00016744, 0x00016746, 0x00016747,
  0x00016949, 0x0001694B, 0x0001694D, 0x0001694E, 0x00016B50, 0x00016B53, 0x00016B55, 0x00016D57, 0x00016D5A, 0x00016F5D,
  0x00016F61, 0x00017165, 0x0001756D, 0x00000000, 0x00000000, 0x00000000, 0x00000000, 0x00000000, 0x00000000, 0x00000000,
  0x00000000, 0x00000000, 0x00000000, 0x00000000, 0x00000000, 0x00000000, 0x00000000, 0x00000000, 0x00000000, 0x00000000,
  0x00000000, 0x00000000, 0x00000000, 0x00000000, 0x00000000, 0x00000000, 0x00000000, 0x00000000, 0x00000000, 0x00000000,
  0x00000000, 0x00000000, 0x00000000, 0x00000000, 0x00000000, 0x00000000, 0x00000000, 0x00000000, 0x00000000, 0x00000000,
  0x00000000, 0x00000000, 0x00000000, 0x00000000, 0x00000000, 0x00000000, 0x00000000, 0x00000000, 0x00000000, 0x00000000,
  0x00000000, 0x00000000, 0x00000000, 0x00000000, 0x00000000, 0x00000000, 0x00000000, 0x00000000, 0x00000000, 0x00000000,
  0x00000000, 0x00000000, 0x00017493, 0x0001729A, 0x0001709F, 0x000170A2, 0x00016EA6, 0x00016EA8, 0x00016CAB, 0x00016CAD,
  0x00016CAF, 0x00016AB1, 0x00016AB3, 0x00016AB5, 0x00016AB7, 0x000168B8, 0x000168BA, 0x000168BB, 0x000168BD, 0x000166BE,
  0x000166C0, 0x000166C1, 0x000166C3, 0x000166C4, 0x000164C5, 0x000164C7, 0x000164C8, 0x000164C9, 0x000164CA, 0x000164CB,
  0x000164CD, 0x000162CE, 0x000162CF, 0x000162D0, 0x000162D1, 0x000162D2, 0x000162D3, 0x000162D4, 0x000162D5, 0x000162D7,
  0x000160D8, 0x000160D9, 0x000160DA, 0x000160DB, 0x000160DC, 0x000160DD, 0x000160DE, 0x000160DF, 0x000160E0, 0x000160E1,
  0x000160E1, 0x000160E2, 0x000160E3, 0x00015EE4, 0x00015EE5, 0x00015EE6, 0x00015EE7, 0x00015EE8, 0x00015EE9, 0x00015EEA,
  0x00015EEB, 0x00015EEC, 0x00015EED, 0x00015EED, 0x00015EEE, 0x00015EEF, 0x00015EF0, 0x00015EF1, 0x00015EF2, 0x00015EF3,
  0x00015EF4, 0x00015EF5, 0x00015EF5, 0x00015EF6, 0x00015EF7, 0x00015EF8, 0x00015EF9, 0x00015EFA, 0x00015EFB, 0x00015EFC,
  0x00015EFC, 0x00015EFD, 0x00015EFE, 0x00015EFF, 0x00015F00, 0x00015F01, 0x00015F02, 0x00015F03, 0x00015F03, 0x00015F04,
  0x00015F05, 0x00015F06, 0x00015F07, 0x00015F08, 0x00015F09, 0x00015F0A, 0x00015F0A, 0x00015F0B, 0x00015F0C, 0x00015F0D,
  0x00015F0E, 0x00015F0F, 0x00015F10, 0x00015F11, 0x00015F12, 0x00015F12, 0x00015F13, 0x00015F14, 0x00015F15, 0x00015F16,
  0x00015F17, 0x00015F18, 0x00015F19, 0x00015F1A, 0x00015F1B, 0x0001611C, 0x0001611D, 0x0001611E, 0x0001611E, 0x0001611F,
  0x00016120, 0x00016121, 0x00016122, 0x00016123, 0x00016124, 0x00016125, 0x00016126, 0x00016127, 0x00016328, 0x0001632A,
  0x0001632B, 0x0001632C, 0x0001632D, 0x0001632E, 0x0001632F, 0x00016330, 0x00016331, 0x00016532, 0x00016534, 0x00016535,
  0x00016536, 0x00016537, 0x00016538, 0x0001653A, 0x0001673B, 0x0001673C, 0x0001673E, 0x0001673F, 0x00016741, 0x00016942,
  0x00016944, 0x00016945, 0x00016947, 0x00016B48, 0x00016B4A, 0x00016B4C, 0x00016B4E, 0x00016D50, 0x00016D52, 0x00016D54,
  0x00016F57, 0x00016F59, 0x0001715D, 0x00017160, 0x00017365, 0x0001756C, 0x00000000, 0x00000000, 0x00000000, 0x00000000,
  0x00000000, 0x00000000, 0x00000000, 0x00000000, 0x00000000, 0x00000000, 0x00000000, 0x00000000, 0x00000000, 0x00000000,
  0x00000000, 0x00000000, 0x00000000, 0x00000000, 0x00000000, 0x00000000, 0x00000000, 0x00000000, 0x00000000, 0x00000000,
  0x00000000, 0x00000000, 0x00000000, 0x00000000, 0x00000000, 0x00000000, 0x00000000, 0x00000000, 0x00000000, 0x00000000,
  0x00000000, 0x00000000, 0x00000000, 0x00000000, 0x00000000, 0x00000000, 0x00000000, 0x00000000, 0x00000000, 0x00000000,
  0x00000000, 0x00000000, 0x00000000, 0x00000000, 0x00000000, 0x00000000, 0x00000000, 0x00000000, 0x00000000, 0x00000000,
  0x00000000, 0x00000000, 0x00000000, 0x00000000, 0x00000000, 0x00000000, 0x00000000, 0x00017694, 0x0001749B, 0x000172A0,
  0x000172A3, 0x000170A6, 0x000170A9, 0x00016EAB, 0x00016EAE, 0x00016EB0, 0x00016CB2, 0x00016CB4, 0x00016CB5, 0x00016AB7,
  0x00016AB9, 0x00016ABA, 0x00016ABC, 0x00016ABE, 0x000168BF, 0x000168C0, 0x000168C2, 0x000168C3, 0x000168C5, 0x000166C6,
  0x000166C7, 0x000166C8, 0x000166CA, 0x000166CB, 0x000166CC, 0x000166CD, 0x000164CE, 0x000164D0, 0x000164D1, 0x000164D2,
  0x000164D3, 0x000164D4, 0x000164D5, 0x000164D6, 0x000162D7, 0x000162D8, 0x000162D9, 0x000162DA, 0x000162DB, 0x000162DC,
  0x000162DD, 0x000162DE, 0x000162DF, 0x000162E0, 0x000162E1, 0x000162E2, 0x000162E3, 0x000160E4, 0x000160E5, 0x000160E6,
  0x000160E7, 0x000160E8, 0x000160E9, 0x000160EA, 0x000160EB, 0x000160EC, 0x000160EC, 0x000160ED, 0x000160EE, 0x000160EF,
  0x000160F0, 0x000160F1, 0x000160F2, 0x000160F3, 0x000160F4, 0x000160F5, 0x000160F5, 0x000160F6, 0x000160F7, 0x000160F8,
  0x000160F9, 0x000160FA, 0x000160FB, 0x000160FC, 0x000160FC, 0x000160FD, 0x000160FE, 0x000160FF, 0x00016100, 0x00016101,
  0x00016102, 0x00016103, 0x00016103, 0x00016104, 0x00016105, 0x00016106, 0x00016107, 0x00016108, 0x00016109, 0x0001610A,
  0x0001610A, 0x0001610B, 0x0001610C, 0x0001610D, 0x0001610E, 0x0001610F, 0x00016110, 0x00016111, 0x00016112, 0x00016113,
  0x00016113, 0x00016114, 0x00016115, 0x00016116, 0x00016117, 0x00016118, 0x00016119, 0x0001611A, 0x0001611B, 0x0001631C,
  0x0001631D, 0x0001631E, 0x0001631F, 0x00016320, 0x00016321, 0x00016322, 0x00016323, 0x00016324, 0x00016325, 0x00016326,
  0x00016327, 0x00016328, 0x00016529, 0x0001652A, 0x0001652B, 0x0001652C, 0x0001652D, 0x0001652E, 0x0001652F, 0x00016531,
  0x00016732, 0x00016733, 0x00016734, 0x00016735, 0x00016737, 0x00016738, 0x00016739, 0x0001693A, 0x0001693C, 0x0001693D,
  0x0001693F, 0x00016940, 0x00016B41, 0x00016B43, 0x00016B45, 0x00016B46, 0x00016B48, 0x00016D4A, 0x00016D4B, 0x00016D4D,
  0x00016F4F, 0x00016F51, 0x00016F54, 0x00017156, 0x00017159, 0x0001735C, 0x0001735F, 0x00017564, 0x0001776B, 0x00000000,
  0x00000000, 0x00000000, 0x00000000, 0x00000000, 0x00000000, 0x00000000, 0x00000000, 0x00000000, 0x00000000, 0x00000000,
  0x00000000, 0x00000000, 0x00000000, 0x00000000, 0x00000000, 0x00000000, 0x00000000, 0x00000000, 0x00000000, 0x00000000,
  0x00000000, 0x00000000, 0x00000000, 0x00000000, 0x00000000, 0x00000000, 0x00000000, 0x00000000, 0x00000000, 0x00000000,
  0x00000000, 0x00000000, 0x00000000, 0x00000000, 0x00000000, 0x00000000, 0x00000000, 0x00000000, 0x00000000, 0x00000000,
  0x00000000, 0x00000000, 0x00000000, 0x00000000, 0x00000000, 0x00000000, 0x00000000, 0x00000000, 0x00000000, 0x00000000,
  0x00000000, 0x00000000, 0x00000000, 0x00000000, 0x00000000, 0x00000000, 0x00000000, 0x00000000, 0x00000000, 0x00000000,
  0x00000000, 0x00000000, 0x00017895, 0x0001769C, 0x000174A0, 0x000174A4, 0x000172A7, 0x000172A9, 0x000170AC, 0x000170AE,
  0x000170B0, 0x00016EB2, 0x00016EB4, 0x00016EB6, 0x00016CB8, 0x00016CB9, 0x00016CBB, 0x00016CBD, 0x00016ABE, 0x00016AC0,
  0x00016AC1, 0x00016AC2, 0x00016AC4, 0x00016AC5, 0x000168C6, 0x000168C8, 0x000168C9, 0x000168CA, 0x000168CB, 0x000168CD,
  0x000166CE, 0x000166CF, 0x000166D0, 0x000166D1, 0x000166D2, 0x000166D4, 0x000166D5, 0x000166D6, 0x000166D7, 0x000164D8,
  0x000164D9, 0x000164DA, 0x000164DB, 0x000164DC, 0x000164DD, 0x000164DE, 0x000164DF, 0x000164E0, 0x000164E1, 0x000164E2,
  0x000164E3, 0x000162E4, 0x000162E5, 0x000162E6, 0x000162E7, 0x000162E8, 0x000162E9, 0x000162E9, 0x000162EA, 0x000162EB,
  0x000162EC, 0x000162ED, 0x000162EE, 0x000162EF, 0x000162F0, 0x000162F1, 0x000162F2, 0x000162F3, 0x000162F4, 0x000162F4,
  0x000162F5, 0x000162F6, 0x000162F7, 0x000162F8, 0x000162F9, 0x000162FA, 0x000162FB, 0x000162FC, 0x000162FC, 0x000162FD,
  0x000162FE, 0x000162FF, 0x00016300, 0x00016301, 0x00016302, 0x00016303, 0x00016303, 0x00016304, 0x00016305, 0x00016306,
  0x00016307, 0x00016308, 0x00016309, 0x0001630A, 0x0001630B, 0x0001630B, 0x0001630C, 0x0001630D, 0x0001630E, 0x0001630F,
  0x00016310, 0x00016311, 0x00016312, 0x00016313, 0x00016314, 0x00016315, 0x00016316, 0x00016316, 0x00016317, 0x00016318,
  0x00016319, 0x0001631A, 0x0001631B, 0x0001651C, 0x0001651D, 0x0001651E, 0x0001651F, 0x00016520, 0x00016521, 0x00016522,
  0x00016523, 0x00016524, 0x00016525, 0x00016526, 0x00016527, 0x00016728, 0x00016729, 0x0001672A, 0x0001672B, 0x0001672D,
  0x0001672E, 0x0001672F, 0x00016730, 0x00016731, 0x00016932, 0x00016934, 0x00016935, 0x00016936, 0x00016937, 0x00016939,
  0x00016B3A, 0x00016B3B, 0x00016B3D, 0x00016B3E, 0x00016B3F, 0x00016B41, 0x00016D42, 0x00016D44, 0x00016D46, 0x00016D47,
  0x00016F49, 0x00016F4B, 0x00016F4D, 0x0001714F, 0x00017151, 0x00017153, 0x00017356, 0x00017358, 0x0001755B, 0x0001755F,
  0x00017763, 0x0001796A, 0x00000000, 0x00000000, 0x00000000, 0x00000000, 0x00000000, 0x00000000, 0x00000000, 0x00000000,
  0x00000000, 0x00000000, 0x00000000, 0x00000000, 0x00000000, 0x00000000, 0x00000000, 0x00000000, 0x00000000, 0x00000000,
  0x00000000, 0x00000000, 0x00000000, 0x00000000, 0x00000000, 0x00000000, 0x00000000, 0x00000000, 0x00000000, 0x00000000,
  0x00000000, 0x00000000, 0x00000000, 0x00000000, 0x00000000, 0x00000000, 0x00000000, 0x00000000, 0x00000000, 0x00000000,
  0x00000000, 0x00000000, 0x00000000, 0x00000000, 0x00000000, 0x00000000, 0x00000000, 0x00000000, 0x00000000, 0x00000000,
  0x00000000, 0x00000000, 0x00000000, 0x00000000, 0x00000000, 0x00000000, 0x00000000, 0x00000000, 0x00000000, 0x00000000,
  0x00000000, 0x00000000, 0x00000000, 0x00000000, 0x00000000, 0x00000000, 0x00000000, 0x00017A95, 0x0001789C, 0x000176A0,
  0x000176A4, 0x000174A7, 0x000174AA, 0x000172AC, 0x000172AF, 0x000172B1, 0x000170B3, 0x000170B5, 0x000170B6, 0x00016EB8,
  0x00016EBA, 0x00016EBC, 0x00016EBD, 0x00016CBF, 0x00016CC0, 0x00016CC2, 0x00016CC3, 0x00016CC4, 0x00016CC6, 0x00016AC7,
  0x00016AC8, 0x00016ACA, 0x00016ACB, 0x00016ACC, 0x00016ACD, 0x000168CE, 0x000168D0, 0x000168D1, 0x000168D2, 0x000168D3,
  0x000168D4, 0x000168D5, 0x000168D6, 0x000168D7, 0x000166D8, 0x000166DA, 0x000166DB, 0x000166DC, 0x000166DD, 0x000166DE,
  0x000166DF, 0x000166E0, 0x000166E1, 0x000166E2, 0x000166E3, 0x000166E4, 0x000164E5, 0x000164E5, 0x000164E6, 0x000164E7,
  0x000164E8, 0x000164E9, 0x000164EA, 0x000164EB, 0x000164EC, 0x000164ED, 0x000164EE, 0x000164EF, 0x000164F0, 0x000164F1,
  0x000164F2, 0x000164F3, 0x000164F3, 0x000164F4, 0x000164F5, 0x000164F6, 0x000164F7, 0x000164F8, 0x000164F9, 0x000164FA,
  0x000164FB, 0x000164FB, 0x000164FC, 0x000164FD, 0x000164FE, 0x000164FF, 0x00016500, 0x00016501, 0x00016502, 0x00016503,
  0x00016504, 0x00016504, 0x00016505, 0x00016506, 0x00016507, 0x00016508, 0x00016509, 0x0001650A, 0x0001650B, 0x0001650C,
  0x0001650C, 0x0001650D, 0x0001650E, 0x0001650F, 0x00016510, 0x00016511, 0x00016512, 0x00016513, 0x00016514, 0x00016515,
  0x00016516, 0x00016517, 0x00016518, 0x00016519, 0x0001651A, 0x0001651A, 0x0001671B, 0x0001671C, 0x0001671D, 0x0001671E,
  0x0001671F, 0x00016720, 0x00016721, 0x00016722, 0x00016723, 0x00016724, 0x00016725, 0x00016727, 0x00016928, 0x00016929,
  0x0001692A, 0x0001692B, 0x0001692C, 0x0001692D, 0x0001692E, 0x0001692F, 0x00016931, 0x00016B32, 0x00016B33, 0x00016B34,
  0x00016B35, 0x00016B37, 0x00016B38, 0x00016D39, 0x00016D3B, 0x00016D3C, 0x00016D3D, 0x00016D3F, 0x00016D40, 0x00016F42,
  0x00016F43, 0x00016F45, 0x00016F47, 0x00017149, 0x0001714A, 0x0001714C, 0x0001734E, 0x00017350, 0x00017353, 0x00017555,
  0x00017558, 0x0001775B, 0x0001775F, 0x00017963, 0x00017B6A, 0x00000000, 0x00000000, 0x00000000, 0x00000000, 0x00000000,
  0x00000000, 0x00000000, 0x00000000, 0x00000000, 0x00000000, 0x00000000, 0x00000000, 0x00000000, 0x00000000, 0x00000000,
  0x00000000, 0x00000000, 0x00000000, 0x00000000, 0x00000000, 0x00000000, 0x00000000, 0x00000000, 0x00000000, 0x00000000,
  0x00000000, 0x00000000, 0x00000000, 0x00000000, 0x00000000, 0x00000000, 0x00000000, 0x00000000, 0x00000000, 0x00000000,
  0x00000000, 0x00000000, 0x00000000, 0x00000000, 0x00000000, 0x00000000, 0x00000000, 0x00000000, 0x00000000, 0x00000000,
  0x00000000, 0x00000000, 0x00000000, 0x00000000, 0x00000000, 0x00000000, 0x00000000, 0x00000000, 0x00000000, 0x00000000,
  0x00000000, 0x00000000, 0x00000000, 0x00000000, 0x00000000, 0x00000000, 0x00000000, 0x00000000, 0x00000000, 0x00000000,
  0x00000000, 0x00000000, 0x00017C95, 0x00017A9C, 0x000178A1, 0x000178A4, 0x000176A8, 0x000176AA, 0x000174AD, 0x000174AF,
  0x000174B1, 0x000172B3, 0x000172B5, 0x000172B7, 0x000170B9, 0x000170BA, 0x000170BC, 0x000170BE, 0x00016EBF, 0x00016EC1,
  0x00016EC2, 0x00016EC4, 0x00016EC5, 0x00016CC6, 0x00016CC8, 0x00016CC9, 0x00016CCA, 0x00016CCB, 0x00016CCD, 0x00016CCE,
  0x00016ACF, 0x00016AD0, 0x00016AD1, 0x00016AD3, 0x00016AD4, 0x00016AD5, 0x00016AD6, 0x00016AD7, 0x00016AD8, 0x000168D9,
  0x000168DA, 0x000168DB, 0x000168DC, 0x000168DD, 0x000168DE, 0x000168DF, 0x000168E0, 0x000168E1, 0x000168E2, 0x000168E3,
  0x000168E4, 0x000166E5, 0x000166E6, 0x000166E7, 0x000166E8, 0x000166E9, 0x000166EA, 0x000166EB, 0x000166EC, 0x000166ED,
  0x000166EE, 0x000166EF, 0x000166F0, 0x000166F1, 0x000166F1, 0x000166F2, 0x000166F3, 0x000166F4, 0x000166F5, 0x000166F6,
  0x000166F7, 0x000166F8, 0x000166F9, 0x000166FA, 0x000166FB, 0x000166FB, 0x000166FC, 0x000166FD, 0x000166FE, 0x000166FF,
  0x00016700, 0x00016701, 0x00016702, 0x00016703, 0x00016704, 0x00016704, 0x00016705, 0x00016706, 0x00016707, 0x00016708,
  0x00016709, 0x0001670A, 0x0001670B, 0x0001670C, 0x0001670D, 0x0001670E, 0x0001670E, 0x0001670F, 0x00016710, 0x00016711,
  0x00016712, 0x00016713, 0x00016714, 0x00016715, 0x00016716, 0x00016717, 0x00016718, 0x00016719, 0x0001671A, 0x0001691B,
  0x0001691C, 0x0001691D, 0x0001691E, 0x0001691F, 0x00016920, 0x00016921, 0x00016922, 0x00016923, 0x00016924, 0x00016925,
  0x00016926, 0x00016B27, 0x00016B28, 0x00016B29, 0x00016B2A, 0x00016B2B, 0x00016B2C, 0x00016B2E, 0x00016B2F, 0x00016B30,
  0x00016D31, 0x00016D32, 0x00016D34, 0x00016D35, 0x00016D36, 0x00016D37, 0x00016D39, 0x00016F3A, 0x00016F3B, 0x00016F3D,
  0x00016F3E, 0x00016F40, 0x00017141, 0x00017143, 0x00017145, 0x00017146, 0x00017348, 0x0001734A, 0x0001734C, 0x0001754E,
  0x00017550, 0x00017552, 0x00017755, 0x00017757, 0x0001795B, 0x0001795E, 0x00017B63, 0x00017D6A, 0x00000000, 0x00000000,
  0x00000000, 0x00000000, 0x00000000, 0x00000000, 0x00000000, 0x00000000, 0x00000000, 0x00000000, 0x00000000, 0x00000000,
  0x00000000, 0x00000000, 0x00000000, 0x00000000, 0x00000000, 0x00000000, 0x00000000, 0x00000000, 0x00000000, 0x00000000,
  0x00000000, 0x00000000, 0x00000000, 0x00000000, 0x00000000, 0x00000000, 0x00000000, 0x00000000, 0x00000000, 0x00000000,
  0x00000000, 0x00000000, 0x00000000, 0x00000000, 0x00000000, 0x00000000, 0x00000000, 0x00000000, 0x00000000, 0x00000000,
  0x00000000, 0x00000000, 0x00000000, 0x00000000, 0x00000000, 0x00000000, 0x00000000, 0x00000000, 0x00000000, 0x00000000,
  0x00000000, 0x00000000, 0x00000000, 0x00000000, 0x00000000, 0x00000000, 0x00000000, 0x00000000, 0x00000000, 0x00000000,
  0x00000000, 0x00000000, 0x00000000, 0x00000000, 0x00000000, 0x00000000, 0x00000000, 0x00017E95, 0x00017C9D, 0x00017AA1,
  0x00017AA5, 0x000178A8, 0x000178AB, 0x000176AD, 0x000176AF, 0x000176B2, 0x000174B4, 0x000174B6, 0x000174B7, 0x000172B9,
  0x000172BB, 0x000172BD, 0x000172BE, 0x000170C0, 0x000170C1, 0x000170C3, 0x000170C4, 0x000170C5, 0x00016EC7, 0x00016EC8,
  0x00016EC9, 0x00016ECB, 0x00016ECC, 0x00016ECD, 0x00016ECE, 0x00016CD0, 0x00016CD1, 0x00016CD2, 0x00016CD3, 0x00016CD4,
  0x00016CD5, 0x00016CD6, 0x00016CD8, 0x00016CD9, 0x00016ADA, 0x00016ADB, 0x00016ADC, 0x00016ADD, 0x00016ADE, 0x00016ADF,
  0x00016AE0, 0x00016AE1, 0x00016AE2, 0x00016AE3, 0x00016AE4, 0x00016AE5, 0x000168E6, 0x000168E7, 0x000168E8, 0x000168E9,
  0x000168EA, 0x000168EB, 0x000168EC, 0x000168ED, 0x000168EE, 0x000168EF, 0x000168EF, 0x000168F0, 0x000168F1, 0x000168F2,
  0x000168F3, 0x000168F4, 0x000168F5, 0x000168F6, 0x000168F7, 0x000168F8, 0x000168F9, 0x000168FA, 0x000168FB, 0x000168FB,
  0x000168FC, 0x000168FD, 0x000168FE, 0x000168FF, 0x00016900, 0x00016901, 0x00016902, 0x00016903, 0x00016904, 0x00016904,
  0x00016905, 0x00016906, 0x00016907, 0x00016908, 0x00016909, 0x0001690A, 0x0001690B, 0x0001690C, 0x0001690D, 0x0001690E,
  0x0001690F, 0x00016910, 0x00016910, 0x00016911, 0x00016912, 0x00016913, 0x00016914, 0x00016915, 0x00016916, 0x00016917,
  0x00016918, 0x00016919, 0x00016B1A, 0x00016B1B, 0x00016B1C, 0x00016B1D, 0x00016B1E, 0x00016B1F, 0x00016B20, 0x00016B21,
  0x00016B22, 0x00016B23, 0x00016B24, 0x00016B25, 0x00016D26, 0x00016D27, 0x00016D29, 0x00016D2A, 0x00016D2B, 0x00016D2C,
  0x00016D2D, 0x00016D2E, 0x00016D2F, 0x00016F31, 0x00016F32, 0x00016F33, 0x00016F34, 0x00016F36, 0x00016F37, 0x00016F38,
  0x0001713A, 0x0001713B, 0x0001713C, 0x0001713E, 0x0001713F, 0x00017341, 0x00017342, 0x00017344, 0x00017346, 0x00017548,
  0x00017549, 0x0001754B, 0x0001774D, 0x00017750, 0x00017752, 0x00017954, 0x00017957, 0x00017B5A, 0x00017B5E, 0x00017D62,
  0x00017F6A, 0x00000000, 0x00000000, 0x00000000, 0x00000000, 0x00000000, 0x00000000, 0x00000000, 0x00000000, 0x00000000,
  0x00000000, 0x00000000, 0x00000000, 0x00000000, 0x00000000, 0x00000000, 0x00000000, 0x00000000, 0x00000000, 0x00000000,
  0x00000000, 0x00000000, 0x00000000, 0x00000000, 0x00000000, 0x00000000, 0x00000000, 0x00000000, 0x00000000, 0x00000000,
  0x00000000, 0x00000000, 0x00000000, 0x00000000, 0x00000000, 0x00000000, 0x00000000, 0x00000000, 0x00000000, 0x00000000,
  0x00000000, 0x00000000, 0x00000000, 0x00000000, 0x00000000, 0x00000000, 0x00000000, 0x00000000, 0x00000000, 0x00000000,
  0x00000000, 0x00000000, 0x00000000, 0x00000000, 0x00000000, 0x00000000, 0x00000000, 0x00000000, 0x00000000, 0x00000000,
  0x00000000, 0x00000000, 0x00000000, 0x00000000, 0x00000000, 0x00000000, 0x00000000, 0x00000000, 0x00000000, 0x00000000,
  0x00000000, 0x00000000, 0x00018295, 0x00017E9D, 0x00017CA1, 0x00017CA5, 0x00017AA8, 0x00017AAB, 0x000178AD, 0x000178B0,
  0x000178B2, 0x000176B4, 0x000176B6, 0x000176B8, 0x000174BA, 0x000174BB, 0x000174BD, 0x000174BF, 0x000172C0, 0x000172C2,
  0x000172C3, 0x000172C5, 0x000172C6, 0x000172C7, 0x000170C9, 0x000170CA, 0x000170CB, 0x000170CD, 0x000170CE, 0x000170CF,
  0x00016ED0, 0x00016ED1, 0x00016ED3, 0x00016ED4, 0x00016ED5, 0x00016ED6, 0x00016ED7, 0x00016ED8, 0x00016ED9, 0x00016CDA,
  0x00016CDB, 0x00016CDD, 0x00016CDE, 0x00016CDF, 0x00016CE0, 0x00016CE1, 0x00016CE2, 0x00016CE3, 0x00016CE4, 0x00016CE5,
  0x00016CE6, 0x00016CE7, 0x00016AE8, 0x00016AE9, 0x00016AEA, 0x00016AEB, 0x00016AEC, 0x00016AEC, 0x00016AED, 0x00016AEE,
  0x00016AEF, 0x00016AF0, 0x00016AF1, 0x00016AF2, 0x00016AF3, 0x00016AF4, 0x00016AF5, 0x00016AF6, 0x00016AF7, 0x00016AF8,
  0x00016AF9, 0x00016AFA, 0x00016AFA, 0x00016AFB, 0x00016AFC, 0x00016AFD, 0x00016AFE, 0x00016AFF, 0x00016B00, 0x00016B01,
  0x00016B02, 0x00016B03, 0x00016B04, 0x00016B05, 0x00016B05, 0x00016B06, 0x00016B07, 0x00016B08, 0x00016B09, 0x00016B0A,
  0x00016B0B, 0x00016B0C, 0x00016B0D, 0x00016B0E, 0x00016B0F, 0x00016B10, 0x00016B11, 0x00016B12, 0x00016B13, 0x00016B13,
  0x00016B14, 0x00016B15, 0x00016B16, 0x00016B17, 0x00016D18, 0x00016D19, 0x00016D1A, 0x00016D1B, 0x00016D1C, 0x00016D1D,
  0x00016D1E, 0x00016D1F, 0x00016D20, 0x00016D21, 0x00016D22, 0x00016D24, 0x00016D25, 0x00016F26, 0x00016F27, 0x00016F28,
  0x00016F29, 0x00016F2A, 0x00016F2B, 0x00016F2C, 0x00016F2E, 0x00016F2F, 0x00017130, 0x00017131, 0x00017132, 0x00017134,
  0x00017135, 0x00017136, 0x00017338, 0x00017339, 0x0001733A, 0x0001733C, 0x0001733D, 0x0001733F, 0x00017540, 0x00017542,
  0x00017544, 0x00017545, 0x00017747, 0x00017749, 0x0001774B, 0x0001794D, 0x0001794F, 0x00017952, 0x00017B54, 0x00017B57,
  0x00017D5A, 0x00017D5E, 0x00017F62, 0x0001836A, 0x00000000, 0x00000000, 0x00000000, 0x00000000, 0x00000000, 0x00000000,
  0x00000000, 0x00000000, 0x00000000, 0x00000000, 0x00000000, 0x00000000, 0x00000000, 0x00000000, 0x00000000, 0x00000000,
  0x00000000, 0x00000000, 0x00000000, 0x00000000, 0x00000000, 0x00000000, 0x00000000, 0x00000000, 0x00000000, 0x00000000,
  0x00000000, 0x00000000, 0x00000000, 0x00000000, 0x00000000, 0x00000000, 0x00000000, 0x00000000, 0x00000000, 0x00000000,
  0x00000000, 0x00000000, 0x00000000, 0x00000000, 0x00000000, 0x00000000, 0x00000000, 0x00000000, 0x00000000, 0x00000000,
  0x00000000, 0x00000000, 0x00000000, 0x00000000, 0x00000000, 0x00000000, 0x00000000, 0x00000000, 0x00000000, 0x00000000,
  0x00000000, 0x00000000, 0x00000000, 0x00000000, 0x00000000, 0x00000000, 0x00000000, 0x00000000, 0x00000000, 0x00000000,
  0x00000000, 0x00000000, 0x00000000, 0x00000000, 0x00000000, 0x00000000, 0x00000000, 0x00018494, 0x0001809D, 0x00017EA1,
  0x00017EA5, 0x00017CA8, 0x00017CAB, 0x00017AAE, 0x00017AB0, 0x00017AB2, 0x000178B4, 0x000178B6, 0x000178B8, 0x000176BA,
  0x000176BC, 0x000176BD, 0x000176BF, 0x000174C1, 0x000174C2, 0x000174C4, 0x000174C5, 0x000174C6, 0x000174C8, 0x000172C9,
  0x000172CB, 0x000172CC, 0x000172CD, 0x000172CE, 0x000172D0, 0x000170D1, 0x000170D2, 0x000170D3, 0x000170D4, 0x000170D5,
  0x000170D7, 0x000170D8, 0x000170D9, 0x000170DA, 0x00016EDB, 0x00016EDC, 0x00016EDD, 0x00016EDE, 0x00016EDF, 0x00016EE0,
  0x00016EE1, 0x00016EE2, 0x00016EE3, 0x00016EE4, 0x00016EE5, 0x00016EE6, 0x00016EE7, 0x00016EE8, 0x00016CE9, 0x00016CEA,
  0x00016CEB, 0x00016CEC, 0x00016CED, 0x00016CEE, 0x00016CEF, 0x00016CF0, 0x00016CF1, 0x00016CF2, 0x00016CF3, 0x00016CF4,
  0x00016CF5, 0x00016CF6, 0x00016CF7, 0x00016CF8, 0x00016CF9, 0x00016CF9, 0x00016CFA, 0x00016CFB, 0x00016CFC, 0x00016CFD,
  0x00016CFE, 0x00016CFF, 0x00016D00, 0x00016D01, 0x00016D02, 0x00016D03, 0x00016D04, 0x00016D05, 0x00016D06, 0x00016D06,
  0x00016D07, 0x00016D08, 0x00016D09, 0x00016D0A, 0x00016D0B, 0x00016D0C, 0x00016D0D, 0x00016D0E, 0x00016D0F, 0x00016D10,
  0x00016D11, 0x00016D12, 0x00016D13, 0x00016D14, 0x00016D15, 0x00016D16, 0x00016F17, 0x00016F18, 0x00016F19, 0x00016F1A,
  0x00016F1B, 0x00016F1C, 0x00016F1D, 0x00016F1E, 0x00016F1F, 0x00016F20, 0x00016F21, 0x00016F22, 0x00016F23, 0x00016F24,
  0x00017125, 0x00017126, 0x00017127, 0x00017128, 0x0001712A, 0x0001712B, 0x0001712C, 0x0001712D, 0x0001712E, 0x0001732F,
  0x00017331, 0x00017332, 0x00017333, 0x00017334, 0x00017336, 0x00017537, 0x00017539, 0x0001753A, 0x0001753B, 0x0001753D,
  0x0001753E, 0x00017740, 0x00017742, 0x00017743, 0x00017745, 0x00017947, 0x00017949, 0x0001794B, 0x00017B4D, 0x00017B4F,
  0x00017B51, 0x00017D54, 0x00017D57, 0x00017F5A, 0x00017F5E, 0x00018162, 0x0001856B, 0x00000000, 0x00000000, 0x00000000,
  0x00000000, 0x00000000, 0x00000000, 0x00000000, 0x00000000, 0x00000000, 0x00000000, 0x00000000, 0x00000000, 0x00000000,
  0x00000000, 0x00000000, 0x00000000, 0x00000000, 0x00000000, 0x00000000, 0x00000000, 0x00000000, 0x00000000, 0x00000000,
  0x00000000, 0x00000000, 0x00000000, 0x00000000, 0x00000000, 0x00000000, 0x00000000, 0x00000000, 0x00000000, 0x00000000,
  0x00000000, 0x00000000, 0x00000000, 0x00000000, 0x00000000, 0x00000000, 0x00000000, 0x00000000, 0x00000000, 0x00000000,
  0x00000000, 0x00000000, 0x00000000, 0x00000000, 0x00000000, 0x00000000, 0x00000000, 0x00000000, 0x00000000, 0x00000000,
  0x00000000, 0x00000000, 0x00000000, 0x00000000, 0x00000000, 0x00000000, 0x00000000, 0x00000000, 0x00000000, 0x00000000,
  0x00000000, 0x00000000, 0x00000000, 0x00000000, 0x00000000, 0x00000000, 0x00000000, 0x00000000, 0x00000000, 0x00000000,
  0x00000000, 0x00000000, 0x00018891, 0x0001829C, 0x000182A1, 0x000180A5, 0x00017EA9, 0x00017EAB, 0x00017CAE, 0x00017CB0,
  0x00017CB3, 0x00017AB5, 0x00017AB7, 0x00017AB9, 0x000178BA, 0x000178BC, 0x000178BE, 0x000178C0, 0x000178C1, 0x000176C3,
  0x000176C4, 0x000176C6, 0x000176C7, 0x000176C8, 0x000174CA, 0x000174CB, 0x000174CC, 0x000174CE, 0x000174CF, 0x000174D0,
  0x000174D1, 0x000172D3, 0x000172D4, 0x000172D5, 0x000172D6, 0x000172D7, 0x000172D8, 0x000172D9, 0x000172DB, 0x000172DC,
  0x000170DD, 0x000170DE, 0x000170DF, 0x000170E0, 0x000170E1, 0x000170E2, 0x000170E3, 0x000170E4, 0x000170E5, 0x000170E6,
  0x000170E7, 0x000170E8, 0x000170E9, 0x000170EA, 0x00016EEB, 0x00016EEC, 0x00016EED, 0x00016EEE, 0x00016EEF, 0x00016EF0,
  0x00016EF1, 0x00016EF2, 0x00016EF3, 0x00016EF4, 0x00016EF5, 0x00016EF6, 0x00016EF7, 0x00016EF8, 0x00016EF8, 0x00016EF9,
  0x00016EFA, 0x00016EFB, 0x00016EFC, 0x00016EFD, 0x00016EFE, 0x00016EFF, 0x00016F00, 0x00016F01, 0x00016F02, 0x00016F03,
  0x00016F04, 0x00016F05, 0x00016F06, 0x00016F07, 0x00016F07, 0x00016F08, 0x00016F09, 0x00016F0A, 0x00016F0B, 0x00016F0C,
  0x00016F0D, 0x00016F0E, 0x00016F0F, 0x00016F10, 0x00016F11, 0x00016F12, 0x00016F13, 0x00016F14, 0x00017115, 0x00017116,
  0x00017117, 0x00017118, 0x00017119, 0x0001711A, 0x0001711B, 0x0001711C, 0x0001711D, 0x0001711E, 0x0001711F, 0x00017120,
  0x00017121, 0x00017122, 0x00017323, 0x00017324, 0x00017326, 0x00017327, 0x00017328, 0x00017329, 0x0001732A, 0x0001732B,
  0x0001732C, 0x0001752E, 0x0001752F, 0x00017530, 0x00017531, 0x00017533, 0x00017534, 0x00017535, 0x00017737, 0x00017738,
  0x00017739, 0x0001773B, 0x0001773C, 0x0001793E, 0x0001793F, 0x00017941, 0x00017943, 0x00017945, 0x00017B46, 0x00017B48,
  0x00017B4A, 0x00017D4C, 0x00017D4F, 0x00017D51, 0x00017F54, 0x00017F56, 0x0001815A, 0x0001835E, 0x00018363, 0x0001896E,
  0x00000000, 0x00000000, 0x00000000, 0x00000000, 0x00000000, 0x00000000, 0x00000000, 0x00000000, 0x00000000, 0x00000000,
  0x00000000, 0x00000000, 0x00000000, 0x00000000, 0x00000000, 0x00000000, 0x00000000, 0x00000000, 0x00000000, 0x00000000,
  0x00000000, 0x00000000, 0x00000000, 0x00000000, 0x00000000, 0x00000000, 0x00000000, 0x00000000, 0x00000000, 0x00000000,
  0x00000000, 0x00000000, 0x00000000, 0x00000000, 0x00000000, 0x00000000, 0x00000000, 0x00000000, 0x00000000, 0x00000000,
  0x00000000, 0x00000000, 0x00000000, 0x00000000, 0x00000000, 0x00000000, 0x00000000, 0x00000000, 0x00000000, 0x00000000,
  0x00000000, 0x00000000, 0x00000000, 0x00000000, 0x00000000, 0x00000000, 0x00000000, 0x00000000, 0x00000000, 0x00000000,
  0x00000000, 0x00000000, 0x00000000, 0x00000000, 0x00000000, 0x00000000, 0x00000000, 0x00000000, 0x00000000, 0x00000000,
  0x00000000, 0x00000000, 0x00000000, 0x00000000, 0x00000000, 0x00000000, 0x00000000, 0x00000000, 0x0001869C, 0x000184A1,
  0x000182A5, 0x000180A9, 0x000180AC, 0x000180AE, 0x00017EB1, 0x00017EB3, 0x00017CB5, 0x00017CB7, 0x00017CB9, 0x00017CBB,
  0x00017ABD, 0x00017ABE, 0x00017AC0, 0x00017AC1, 0x000178C3, 0x000178C5, 0x000178C6, 0x000178C7, 0x000178C9, 0x000176CA,
  0x000176CC, 0x000176CD, 0x000176CE, 0x000176CF, 0x000176D1, 0x000176D2, 0x000174D3, 0x000174D4, 0x000174D5, 0x000174D7,
  0x000174D8, 0x000174D9, 0x000174DA, 0x000174DB, 0x000174DC, 0x000174DD, 0x000172DE, 0x000172E0, 0x000172E1, 0x000172E2,
  0x000172E3, 0x000172E4, 0x000172E5, 0x000172E6, 0x000172E7, 0x000172E8, 0x000172E9, 0x000172EA, 0x000172EB, 0x000172EC,
  0x000170ED, 0x000170EE, 0x000170EF, 0x000170F0, 0x000170F1, 0x000170F2, 0x000170F3, 0x000170F4, 0x000170F5, 0x000170F6,
  0x000170F6, 0x000170F7, 0x000170F8, 0x000170F9, 0x000170FA, 0x000170FB, 0x000170FC, 0x000170FD, 0x000170FE, 0x000170FF,
  0x00017100, 0x00017101, 0x00017102, 0x00017103, 0x00017104, 0x00017105, 0x00017106, 0x00017107, 0x00017108, 0x00017109,
  0x00017109, 0x0001710A, 0x0001710B, 0x0001710C, 0x0001710D, 0x0001710E, 0x0001710F, 0x00017110, 0x00017111, 0x00017112,
  0x00017313, 0x00017314, 0x00017315, 0x00017316, 0x00017317, 0x00017318, 0x00017319, 0x0001731A, 0x0001731B, 0x0001731C,
  0x0001731D, 0x0001731E, 0x0001731F, 0x00017321, 0x00017522, 0x00017523, 0x00017524, 0x00017525, 0x00017526, 0x00017527,
  0x00017528, 0x0001752A, 0x0001752B, 0x0001752C, 0x0001772D, 0x0001772E, 0x00017730, 0x00017731, 0x00017732, 0x00017733,
  0x00017735, 0x00017936, 0x00017938, 0x00017939, 0x0001793A, 0x0001793C, 0x00017B3E, 0x00017B3F, 0x00017B41, 0x00017B42,
  0x00017D44, 0x00017D46, 0x00017D48, 0x00017D4A, 0x00017F4C, 0x00017F4E, 0x00018151, 0x00018153, 0x00018156, 0x0001835A,
  0x0001855E, 0x00018763, 0x00000000, 0x00000000, 0x00000000, 0x00000000, 0x00000000, 0x00000000, 0x00000000, 0x00000000,
  0x00000000, 0x00000000, 0x00000000, 0x00000000, 0x00000000, 0x00000000, 0x00000000, 0x00000000, 0x00000000, 0x00000000,
  0x00000000, 0x00000000, 0x00000000, 0x00000000, 0x00000000, 0x00000000, 0x00000000, 0x00000000, 0x00000000, 0x00000000,
  0x00000000, 0x00000000, 0x00000000, 0x00000000, 0x00000000, 0x00000000, 0x00000000, 0x00000000, 0x00000000, 0x00000000,
  0x00000000, 0x00000000, 0x00000000, 0x00000000, 0x00000000, 0x00000000, 0x00000000, 0x00000000, 0x00000000, 0x00000000,
  0x00000000, 0x00000000, 0x00000000, 0x00000000, 0x00000000, 0x00000000, 0x00000000, 0x00000000, 0x00000000, 0x00000000,
  0x00000000, 0x00000000, 0x00000000, 0x00000000, 0x00000000, 0x00000000, 0x00000000, 0x00000000, 0x00000000, 0x00000000,
  0x00000000, 0x00000000, 0x00000000, 0x00000000, 0x00000000, 0x00000000, 0x00000000, 0x00000000, 0x00000000, 0x00000000,
  0x00000000, 0x00000000, 0x00000000, 0x0001889B, 0x000186A1, 0x000184A5, 0x000184A9, 0x000182AC, 0x000182AE, 0x000180B1,
  0x000180B3, 0x000180B5, 0x00017EB7, 0x00017EB9, 0x00017EBB, 0x00017CBD, 0x00017CBF, 0x00017CC0, 0x00017CC2, 0x00017CC3,
  0x00017AC5, 0x00017AC6, 0x00017AC8, 0x00017AC9, 0x00017ACB, 0x000178CC, 0x000178CD, 0x000178CF, 0x000178D0, 0x000178D1,
  0x000178D2, 0x000178D4, 0x000176D5, 0x000176D6, 0x000176D7, 0x000176D8, 0x000176DA, 0x000176DB, 0x000176DC, 0x000176DD,
  0x000176DE, 0x000176DF, 0x000174E0, 0x000174E1, 0x000174E2, 0x000174E3, 0x000174E4, 0x000174E5, 0x000174E6, 0x000174E8,
  0x000174E9, 0x000174EA, 0x000174EB, 0x000174EC, 0x000174ED, 0x000174EE, 0x000174EF, 0x000174F0, 0x000172F1, 0x000172F2,
  0x000172F2, 0x000172F3, 0x000172F4, 0x000172F5, 0x000172F6, 0x000172F7, 0x000172F8, 0x000172F9, 0x000172FA, 0x000172FB,
  0x000172FC, 0x000172FD, 0x000172FE, 0x000172FF, 0x00017300, 0x00017301, 0x00017302, 0x00017303, 0x00017304, 0x00017305,
  0x00017306, 0x00017307, 0x00017308, 0x00017309, 0x0001730A, 0x0001730B, 0x0001730C, 0x0001730D, 0x0001730D, 0x0001730E,
  0x0001750F, 0x00017510, 0x00017511, 0x00017512, 0x00017513, 0x00017514, 0x00017515, 0x00017516, 0x00017517, 0x00017519,
  0x0001751A, 0x0001751B, 0x0001751C, 0x0001751D, 0x0001751E, 0x0001751F, 0x00017720, 0x00017721, 0x00017722, 0x00017723,
  0x00017724, 0x00017725, 0x00017727, 0x00017728, 0x00017729, 0x0001772A, 0x0001792B, 0x0001792D, 0x0001792E, 0x0001792F,
  0x00017930, 0x00017932, 0x00017933, 0x00017B34, 0x00017B36, 0x00017B37, 0x00017B39, 0x00017B3A, 0x00017D3C, 0x00017D3D,
  0x00017D3F, 0x00017D40, 0x00017D42, 0x00017F44, 0x00017F46, 0x00017F48, 0x0001814A, 0x0001814C, 0x0001814E, 0x00018351,
  0x00018353, 0x00018556, 0x0001855A, 0x0001875E, 0x00018964, 0x00000000, 0x00000000, 0x00000000, 0x00000000, 0x00000000,
  0x00000000, 0x00000000, 0x00000000, 0x00000000, 0x00000000, 0x00000000, 0x00000000, 0x00000000, 0x00000000, 0x00000000,
  0x00000000, 0x00000000, 0x00000000, 0x00000000, 0x00000000, 0x00000000, 0x00000000, 0x00000000, 0x00000000, 0x00000000,
  0x00000000, 0x00000000, 0x00000000, 0x00000000, 0x00000000, 0x00000000, 0x00000000, 0x00000000, 0x00000000, 0x00000000,
  0x00000000, 0x00000000, 0x00000000, 0x00000000, 0x00000000, 0x00000000, 0x00000000, 0x00000000, 0x00000000, 0x00000000,
  0x00000000, 0x00000000, 0x00000000, 0x00000000, 0x00000000, 0x00000000, 0x00000000, 0x00000000, 0x00000000, 0x00000000,
  0x00000000, 0x00000000, 0x00000000, 0x00000000, 0x00000000, 0x00000000, 0x00000000, 0x00000000, 0x00000000, 0x00000000,
  0x00000000, 0x00000000, 0x00000000, 0x00000000, 0x00000000, 0x00000000, 0x00000000, 0x00000000, 0x00000000, 0x00000000,
  0x00000000, 0x00000000, 0x00000000, 0x00000000, 0x00000000, 0x00000000, 0x00000000, 0x00000000, 0x00018C99, 0x000188A0,
  0x000188A5, 0x000186A8, 0x000184AC, 0x000184AE, 0x000182B1, 0x000182B3, 0x000182B5, 0x000180B8, 0x000180BA, 0x000180BB,
  0x000180BD, 0x00017EBF, 0x00017EC1, 0x00017EC2, 0x00017EC4, 0x00017CC5, 0x00017CC7, 0x00017CC8, 0x00017CCA, 0x00017CCB,
  0x00017CCC, 0x00017ACE, 0x00017ACF, 0x00017AD0, 0x00017AD2, 0x00017AD3, 0x00017AD4, 0x00017AD5, 0x000178D7, 0x000178D8,
  0x000178D9, 0x000178DA, 0x000178DB, 0x000178DC, 0x000178DE, 0x000178DF, 0x000178E0, 0x000178E1, 0x000176E2, 0x000176E3,
  0x000176E4, 0x000176E5, 0x000176E6, 0x000176E7, 0x000176E8, 0x000176E9, 0x000176EA, 0x000176EB, 0x000176EC, 0x000176ED,
  0x000176EE, 0x000176EF, 0x000176F0, 0x000176F1, 0x000176F2, 0x000176F3, 0x000176F4, 0x000174F5, 0x000174F6, 0x000174F7,
  0x000174F8, 0x000174F9, 0x000174FA, 0x000174FB, 0x000174FC, 0x000174FD, 0x000174FE, 0x000174FF, 0x00017500, 0x00017501,
  0x00017502, 0x00017503, 0x00017504, 0x00017505, 0x00017506, 0x00017507, 0x00017508, 0x00017509, 0x0001750A, 0x0001770B,
  0x0001770C, 0x0001770D, 0x0001770E, 0x0001770F, 0x00017710, 0x00017711, 0x00017712, 0x00017713, 0x00017714, 0x00017715,
  0x00017716, 0x00017717, 0x00017718, 0x00017719, 0x0001771A, 0x0001771B, 0x0001771C, 0x0001771D, 0x0001791E, 0x0001791F,
  0x00017920, 0x00017921, 0x00017923, 0x00017924, 0x00017925, 0x00017926, 0x00017927, 0x00017928, 0x00017B2A, 0x00017B2B,
  0x00017B2C, 0x00017B2D, 0x00017B2F, 0x00017B30, 0x00017B31, 0x00017D33, 0x00017D34, 0x00017D35, 0x00017D37, 0x00017D38,
  0x00017D3A, 0x00017F3B, 0x00017F3D, 0x00017F3E, 0x00017F40, 0x00018142, 0x00018144, 0x00018145, 0x00018147, 0x0001834A,
  0x0001834C, 0x0001834E, 0x00018551, 0x00018553, 0x00018757, 0x0001895A, 0x0001895F, 0x00018D66, 0x00000000, 0x00000000,
  0x00000000, 0x00000000, 0x00000000, 0x00000000, 0x00000000, 0x00000000, 0x00000000, 0x00000000, 0x00000000, 0x00000000,
  0x00000000, 0x00000000, 0x00000000, 0x00000000, 0x00000000, 0x00000000, 0x00000000, 0x00000000, 0x00000000, 0x00000000,
  0x00000000, 0x00000000, 0x00000000, 0x00000000, 0x00000000, 0x00000000, 0x00000000, 0x00000000, 0x00000000, 0x00000000,
  0x00000000, 0x00000000, 0x00000000, 0x00000000, 0x00000000, 0x00000000, 0x00000000, 0x00000000, 0x00000000, 0x00000000,
  0x00000000, 0x00000000, 0x00000000, 0x00000000, 0x00000000, 0x00000000, 0x00000000, 0x00000000, 0x00000000, 0x00000000,
  0x00000000, 0x00000000, 0x00000000, 0x00000000, 0x00000000, 0x00000000, 0x00000000, 0x00000000, 0x00000000, 0x00000000,
  0x00000000, 0x00000000, 0x00000000, 0x00000000, 0x00000000, 0x00000000, 0x00000000, 0x00000000, 0x00000000, 0x00000000,
  0x00000000, 0x00000000, 0x00000000, 0x00000000, 0x00000000, 0x00000000, 0x00000000, 0x00000000, 0x00000000, 0x00000000,
  0x00000000, 0x00000000, 0x00000000, 0x00018E96, 0x00018C9F, 0x00018AA4, 0x000188A8, 0x000188AB, 0x000186AE, 0x000186B1,
  0x000184B3, 0x000184B6, 0x000184B8, 0x000182BA, 0x000182BC, 0x000182BD, 0x000180BF, 0x000180C1, 0x000180C3, 0x000180C4,
  0x000180C6, 0x00017EC7, 0x00017EC9, 0x00017ECA, 0x00017ECC, 0x00017ECD, 0x00017ECE, 0x00017CD0, 0x00017CD1, 0x00017CD2,
  0x00017CD3, 0x00017CD5, 0x00017CD6, 0x00017CD7, 0x00017AD8, 0x00017ADA, 0x00017ADB, 0x00017ADC, 0x00017ADD, 0x00017ADE,
  0x00017ADF, 0x00017AE0, 0x00017AE1, 0x00017AE3, 0x00017AE4, 0x000178E5, 0x000178E6, 0x000178E7, 0x000178E8, 0x000178E9,
  0x000178EA, 0x000178EB, 0x000178EC, 0x000178ED, 0x000178EE, 0x000178EF, 0x000178F0, 0x000178F1, 0x000178F2, 0x000178F3,
  0x000178F4, 0x000178F5, 0x000178F6, 0x000178F7, 0x000178F8, 0x000178F9, 0x000178FA, 0x000178FB, 0x000178FC, 0x000178FD,
  0x000178FE, 0x000178FF, 0x00017900, 0x00017901, 0x00017902, 0x00017903, 0x00017904, 0x00017905, 0x00017906, 0x00017907,
  0x00017908, 0x00017909, 0x0001790A, 0x0001790B, 0x0001790C, 0x0001790D, 0x0001790E, 0x0001790F, 0x00017910, 0x00017911,
  0x00017912, 0x00017913, 0x00017914, 0x00017915, 0x00017916, 0x00017917, 0x00017918, 0x00017919, 0x0001791A, 0x00017B1B,
  0x00017B1C, 0x00017B1E, 0x00017B1F, 0x00017B20, 0x00017B21, 0x00017B22, 0x00017B23, 0x00017B24, 0x00017B25, 0x00017B27,
  0x00017D28, 0x00017D29, 0x00017D2A, 0x00017D2C, 0x00017D2D, 0x00017D2E, 0x00017D2F, 0x00017F31, 0x00017F32, 0x00017F33,
  0x00017F35, 0x00017F36, 0x00017F38, 0x00018139, 0x0001813B, 0x0001813C, 0x0001813E, 0x00018140, 0x00018342, 0x00018343,
  0x00018345, 0x00018547, 0x00018549, 0x0001854C, 0x0001874E, 0x00018751, 0x00018954, 0x00018957, 0x00018B5B, 0x00018D60,
  0x00018F69, 0x00000000, 0x00000000, 0x00000000, 0x00000000, 0x00000000, 0x00000000, 0x00000000, 0x00000000, 0x00000000,
  0x00000000, 0x00000000, 0x00000000, 0x00000000, 0x00000000, 0x00000000, 0x00000000, 0x00000000, 0x00000000, 0x00000000,
  0x00000000, 0x00000000, 0x00000000, 0x00000000, 0x00000000, 0x00000000, 0x00000000, 0x00000000, 0x00000000, 0x00000000,
  0x00000000, 0x00000000, 0x00000000, 0x00000000, 0x00000000, 0x00000000, 0x00000000, 0x00000000, 0x00000000, 0x00000000,
  0x00000000, 0x00000000, 0x00000000, 0x00000000, 0x00000000, 0x00000000, 0x00000000, 0x00000000, 0x00000000, 0x00000000,
  0x00000000, 0x00000000, 0x00000000, 0x00000000, 0x00000000, 0x00000000, 0x00000000, 0x00000000, 0x00000000, 0x00000000,
  0x00000000, 0x00000000, 0x00000000, 0x00000000, 0x00000000, 0x00000000, 0x00000000, 0x00000000, 0x00000000, 0x00000000,
  0x00000000, 0x00000000, 0x00000000, 0x00000000, 0x00000000, 0x00000000, 0x00000000, 0x00000000, 0x00000000, 0x00000000,
  0x00000000, 0x00000000, 0x00000000, 0x00000000, 0x00000000, 0x00000000, 0x00000000, 0x00000000, 0x00000000, 0x00018E9E,
  0x00018CA3, 0x00018AA8, 0x00018AAB, 0x000188AE, 0x000188B1, 0x000188B3, 0x000186B6, 0x000186B8, 0x000184BA, 0x000184BC,
  0x000184BE, 0x000184BF, 0x000182C1, 0x000182C3, 0x000182C5, 0x000182C6, 0x000182C8, 0x000180C9, 0x000180CB, 0x000180CC,
  0x000180CD, 0x000180CF, 0x000180D0, 0x00017ED1, 0x00017ED3, 0x00017ED4, 0x00017ED5, 0x00017ED6, 0x00017ED8, 0x00017ED9,
  0x00017CDA, 0x00017CDB, 0x00017CDC, 0x00017CDE, 0x00017CDF, 0x00017CE0, 0x00017CE1, 0x00017CE2, 0x00017CE3, 0x00017CE4,
  0x00017CE5, 0x00017CE6, 0x00017AE8, 0x00017AE9, 0x00017AEA, 0x00017AEB, 0x00017AEC, 0x00017AED, 0x00017AEE, 0x00017AEF,
  0x00017AF0, 0x00017AF1, 0x00017AF2, 0x00017AF3, 0x00017AF4, 0x00017AF5, 0x00017AF6, 0x00017AF7, 0x00017AF8, 0x00017AF9,
  0x00017AFA, 0x00017AFB, 0x00017AFC, 0x00017AFD, 0x00017AFE, 0x00017AFF, 0x00017B00, 0x00017B01, 0x00017B02, 0x00017B03,
  0x00017B04, 0x00017B05, 0x00017B06, 0x00017B07, 0x00017B08, 0x00017B09, 0x00017B0A, 0x00017B0B, 0x00017B0C, 0x00017B0D,
  0x00017B0E, 0x00017B0F, 0x00017B10, 0x00017B11, 0x00017B12, 0x00017B13, 0x00017B14, 0x00017B15, 0x00017B16, 0x00017B17,
  0x00017D19, 0x00017D1A, 0x00017D1B, 0x00017D1C, 0x00017D1D, 0x00017D1E, 0x00017D1F, 0x00017D20, 0x00017D21, 0x00017D23,
  0x00017D24, 0x00017D25, 0x00017F26, 0x00017F27, 0x00017F29, 0x00017F2A, 0x00017F2B, 0x00017F2C, 0x00017F2E, 0x0001812F,
  0x00018130, 0x00018132, 0x00018133, 0x00018134, 0x00018136, 0x00018337, 0x00018339, 0x0001833A, 0x0001833C, 0x0001833E,
  0x00018540, 0x00018541, 0x00018543, 0x00018545, 0x00018747, 0x00018749, 0x0001894C, 0x0001894E, 0x00018951, 0x00018B54,
  0x00018B57, 0x00018D5C, 0x00018F61, 0x00000000, 0x00000000, 0x00000000, 0x00000000, 0x00000000, 0x00000000, 0x00000000,
  0x00000000, 0x00000000, 0x00000000, 0x00000000, 0x00000000, 0x00000000, 0x00000000, 0x00000000, 0x00000000, 0x00000000,
  0x00000000, 0x00000000, 0x00000000, 0x00000000, 0x00000000, 0x00000000, 0x00000000, 0x00000000, 0x00000000, 0x00000000,
  0x00000000, 0x00000000, 0x00000000, 0x00000000, 0x00000000, 0x00000000, 0x00000000, 0x00000000, 0x00000000, 0x00000000,
  0x00000000, 0x00000000, 0x00000000, 0x00000000, 0x00000000, 0x00000000, 0x00000000, 0x00000000, 0x00000000, 0x00000000,
  0x00000000, 0x00000000, 0x00000000, 0x00000000, 0x00000000, 0x00000000, 0x00000000, 0x00000000, 0x00000000, 0x00000000,
  0x00000000, 0x00000000, 0x00000000, 0x00000000, 0x00000000, 0x00000000, 0x00000000, 0x00000000, 0x00000000, 0x00000000,
  0x00000000, 0x00000000, 0x00000000, 0x00000000, 0x00000000, 0x00000000, 0x00000000, 0x00000000, 0x00000000, 0x00000000,
  0x00000000, 0x00000000, 0x00000000, 0x00000000, 0x00000000, 0x00000000, 0x00000000, 0x00000000, 0x00000000, 0x00000000,
  0x00000000, 0x00000000, 0x00000000, 0x00000000, 0x0001929C, 0x000190A2, 0x00018EA7, 0x00018CAB, 0x00018CAE, 0x00018AB1,
  0x00018AB3, 0x000188B6, 0x000188B8, 0x000188BA, 0x000186BC, 0x000186BE, 0x000186C0, 0x000186C1, 0x000184C3, 0x000184C5,
  0x000184C6, 0x000184C8, 0x000184C9, 0x000182CB, 0x000182CC, 0x000182CE, 0x000182CF, 0x000182D1, 0x000182D2, 0x000180D3,
  0x000180D4, 0x000180D6, 0x000180D7, 0x000180D8, 0x000180D9, 0x000180DB, 0x000180DC, 0x00017EDD, 0x00017EDE, 0x00017EDF,
  0x00017EE1, 0x00017EE2, 0x00017EE3, 0x00017EE4, 0x00017EE5, 0x00017EE6, 0x00017EE7, 0x00017EE8, 0x00017EE9, 0x00017EEA,
  0x00017CEB, 0x00017CED, 0x00017CEE, 0x00017CEF, 0x00017CF0, 0x00017CF1, 0x00017CF2, 0x00017CF3, 0x00017CF4, 0x00017CF5,
  0x00017CF6, 0x00017CF7, 0x00017CF8, 0x00017CF9, 0x00017CFA, 0x00017CFB, 0x00017CFC, 0x00017CFD, 0x00017CFE, 0x00017CFF,
  0x00017D00, 0x00017D01, 0x00017D02, 0x00017D03, 0x00017D04, 0x00017D05, 0x00017D06, 0x00017D07, 0x00017D08, 0x00017D09,
  0x00017D0A, 0x00017D0B, 0x00017D0C, 0x00017D0D, 0x00017D0E, 0x00017D0F, 0x00017D10, 0x00017D11, 0x00017D12, 0x00017D14,
  0x00017F15, 0x00017F16, 0x00017F17, 0x00017F18, 0x00017F19, 0x00017F1A, 0x00017F1B, 0x00017F1C, 0x00017F1D, 0x00017F1E,
  0x00017F20, 0x00017F21, 0x00017F22, 0x00018123, 0x00018124, 0x00018126, 0x00018127, 0x00018128, 0x00018129, 0x0001812B,
  0x0001812C, 0x0001832D, 0x0001832E, 0x00018330, 0x00018331, 0x00018333, 0x00018334, 0x00018536, 0x00018537, 0x00018539,
  0x0001853A, 0x0001853C, 0x0001873E, 0x0001873F, 0x00018741, 0x00018743, 0x00018945, 0x00018947, 0x00018949, 0x00018B4C,
  0x00018B4E, 0x00018D51, 0x00018D54, 0x00018F58, 0x0001915D, 0x00019363, 0x00000000, 0x00000000, 0x00000000, 0x00000000,
  0x00000000, 0x00000000, 0x00000000, 0x00000000, 0x00000000, 0x00000000, 0x00000000, 0x00000000, 0x00000000, 0x00000000,
  0x00000000, 0x00000000, 0x00000000, 0x00000000, 0x00000000, 0x00000000, 0x00000000, 0x00000000, 0x00000000, 0x00000000,
  0x00000000, 0x00000000, 0x00000000, 0x00000000, 0x00000000, 0x00000000, 0x00000000, 0x00000000, 0x00000000, 0x00000000,
  0x00000000, 0x00000000, 0x00000000, 0x00000000, 0x00000000, 0x00000000, 0x00000000, 0x00000000, 0x00000000, 0x00000000,
  0x00000000, 0x00000000, 0x00000000, 0x00000000, 0x00000000, 0x00000000, 0x00000000, 0x00000000, 0x00000000, 0x00000000,
  0x00000000, 0x00000000, 0x00000000, 0x00000000, 0x00000000, 0x00000000, 0x00000000, 0x00000000, 0x00000000, 0x00000000,
  0x00000000, 0x00000000, 0x00000000, 0x00000000, 0x00000000, 0x00000000, 0x00000000, 0x00000000, 0x00000000, 0x00000000,
  0x00000000, 0x00000000, 0x00000000, 0x00000000, 0x00000000, 0x00000000, 0x00000000, 0x00000000, 0x00000000, 0x00000000,
  0x00000000, 0x00000000, 0x00000000, 0x00000000, 0x00000000, 0x00000000, 0x00000000, 0x00000000, 0x00000000, 0x00019697,
  0x000192A1, 0x000190A6, 0x000190AA, 0x00018EAD, 0x00018EB0, 0x00018CB3, 0x00018CB5, 0x00018AB8, 0x00018ABA, 0x00018ABC,
  0x000188BE, 0x000188C0, 0x000188C2, 0x000188C3, 0x000186C5, 0x000186C7, 0x000186C8, 0x000186CA, 0x000186CB, 0x000184CD,
  0x000184CE, 0x000184D0, 0x000184D1, 0x000184D2, 0x000184D4, 0x000182D5, 0x000182D6, 0x000182D8, 0x000182D9, 0x000182DA,
  0x000182DB, 0x000182DC, 0x000182DE, 0x000182DF, 0x000180E0, 0x000180E1, 0x000180E2, 0x000180E3, 0x000180E5, 0x000180E6,
  0x000180E7, 0x000180E8, 0x000180E9, 0x000180EA, 0x000180EB, 0x000180EC, 0x000180ED, 0x000180EE, 0x000180EF, 0x00017EF0,
  0x00017EF2, 0x00017EF3, 0x00017EF4, 0x00017EF5, 0x00017EF6, 0x00017EF7, 0x00017EF8, 0x00017EF9, 0x00017EFA, 0x00017EFB,
  0x00017EFC, 0x00017EFD, 0x00017EFE, 0x00017EFF, 0x00017F00, 0x00017F01, 0x00017F02, 0x00017F03, 0x00017F04, 0x00017F05,
  0x00017F06, 0x00017F07, 0x00017F08, 0x00017F09, 0x00017F0A, 0x00017F0B, 0x00017F0C, 0x00017F0D, 0x00017F0F, 0x00018110,
  0x00018111, 0x00018112, 0x00018113, 0x00018114, 0x00018115, 0x00018116, 0x00018117, 0x00018118, 0x00018119, 0x0001811A,
  0x0001811C, 0x0001811D, 0x0001811E, 0x0001811F, 0x00018320, 0x00018321, 0x00018323, 0x00018324, 0x00018325, 0x00018326,
  0x00018327, 0x00018329, 0x0001832A, 0x0001852B, 0x0001852D, 0x0001852E, 0x0001852F, 0x00018531, 0x00018532, 0x00018734,
  0x00018735, 0x00018737, 0x00018738, 0x0001873A, 0x0001893C, 0x0001893D, 0x0001893F, 0x00018941, 0x00018B43, 0x00018B45,
  0x00018B47, 0x00018D4A, 0x00018D4C, 0x00018F4F, 0x00018F52, 0x00019155, 0x00019159, 0x0001935E, 0x00019768, 0x00000000,
  0x00000000, 0x00000000, 0x00000000, 0x00000000, 0x00000000, 0x00000000, 0x00000000, 0x00000000, 0x00000000, 0x00000000,
  0x00000000, 0x00000000, 0x00000000, 0x00000000, 0x00000000, 0x00000000, 0x00000000, 0x00000000, 0x00000000, 0x00000000,
  0x00000000, 0x00000000, 0x00000000, 0x00000000, 0x00000000, 0x00000000, 0x00000000, 0x00000000, 0x00000000, 0x00000000,
  0x00000000, 0x00000000, 0x00000000, 0x00000000, 0x00000000, 0x00000000, 0x00000000, 0x00000000, 0x00000000, 0x00000000,
  0x00000000, 0x00000000, 0x00000000, 0x00000000, 0x00000000, 0x00000000, 0x00000000, 0x00000000, 0x00000000, 0x00000000,
  0x00000000, 0x00000000, 0x00000000, 0x00000000, 0x00000000, 0x00000000, 0x00000000, 0x00000000, 0x00000000, 0x00000000,
  0x00000000, 0x00000000, 0x00000000, 0x00000000, 0x00000000, 0x00000000, 0x00000000, 0x00000000, 0x00000000, 0x00000000,
  0x00000000, 0x00000000, 0x00000000, 0x00000000, 0x00000000, 0x00000000, 0x00000000, 0x00000000, 0x00000000, 0x00000000,
  0x00000000, 0x00000000, 0x00000000, 0x00000000, 0x00000000, 0x00000000, 0x00000000, 0x00000000, 0x00000000, 0x00000000,
  0x00000000, 0x00000000, 0x00000000, 0x00000000, 0x00000000, 0x0001969E, 0x000194A5, 0x000192A9, 0x000190AD, 0x000190B0,
  0x00018EB3, 0x00018EB5, 0x00018EB8, 0x00018CBA, 0x00018CBC, 0x00018CBE, 0x00018AC0, 0x00018AC2, 0x00018AC4, 0x00018AC5,
  0x000188C7, 0x000188C9, 0x000188CA, 0x000188CC, 0x000188CD, 0x000186CF, 0x000186D0, 0x000186D1, 0x000186D3, 0x000186D4,
  0x000186D5, 0x000186D7, 0x000184D8, 0x000184D9, 0x000184DB, 0x000184DC, 0x000184DD, 0x000184DE, 0x000184DF, 0x000184E1,
  0x000184E2, 0x000184E3, 0x000182E4, 0x000182E5, 0x000182E6, 0x000182E7, 0x000182E9, 0x000182EA, 0x000182EB, 0x000182EC,
  0x000182ED, 0x000182EE, 0x000182EF, 0x000182F0, 0x000182F1, 0x000182F2, 0x000182F3, 0x000182F5, 0x000182F6, 0x000182F7,
  0x000182F8, 0x000182F9, 0x000182FA, 0x000180FB, 0x000180FC, 0x000180FD, 0x000180FE, 0x000180FF, 0x00018100, 0x00018101,
  0x00018102, 0x00018103, 0x00018104, 0x00018305, 0x00018306, 0x00018307, 0x00018308, 0x00018309, 0x0001830A, 0x0001830C,
  0x0001830D, 0x0001830E, 0x0001830F, 0x00018310, 0x00018311, 0x00018312, 0x00018313, 0x00018314, 0x00018315, 0x00018316,
  0x00018318, 0x00018319, 0x0001831A, 0x0001831B, 0x0001851C, 0x0001851D, 0x0001851E, 0x00018520, 0x00018521, 0x00018522,
  0x00018523, 0x00018524, 0x00018526, 0x00018527, 0x00018728, 0x0001872A, 0x0001872B, 0x0001872C, 0x0001872E, 0x0001872F,
  0x00018730, 0x00018932, 0x00018933, 0x00018935, 0x00018936, 0x00018938, 0x00018B3A, 0x00018B3B, 0x00018B3D, 0x00018B3F,
  0x00018D41, 0x00018D43, 0x00018D45, 0x00018F47, 0x00018F4A, 0x00018F4C, 0x0001914F, 0x00019152, 0x00019356, 0x0001955A,
  0x00019761, 0x00000000, 0x00000000, 0x00000000, 0x00000000, 0x00000000, 0x00000000, 0x00000000, 0x00000000, 0x00000000,
  0x00000000, 0x00000000, 0x00000000, 0x00000000, 0x00000000, 0x00000000, 0x00000000, 0x00000000, 0x00000000, 0x00000000,
  0x00000000, 0x00000000, 0x00000000, 0x00000000, 0x00000000, 0x00000000, 0x00000000, 0x00000000, 0x00000000, 0x00000000,
  0x00000000, 0x00000000, 0x00000000, 0x00000000, 0x00000000, 0x00000000, 0x00000000, 0x00000000, 0x00000000, 0x00000000,
  0x00000000, 0x00000000, 0x00000000, 0x00000000, 0x00000000, 0x00000000, 0x00000000, 0x00000000, 0x00000000, 0x00000000,
  0x00000000, 0x00000000, 0x00000000, 0x00000000, 0x00000000, 0x00000000, 0x00000000, 0x00000000, 0x00000000, 0x00000000,
  0x00000000, 0x00000000, 0x00000000, 0x00000000, 0x00000000, 0x00000000, 0x00000000, 0x00000000, 0x00000000, 0x00000000,
  0x00000000, 0x00000000, 0x00000000, 0x00000000, 0x00000000, 0x00000000, 0x00000000, 0x00000000, 0x00000000, 0x00000000,
  0x00000000, 0x00000000, 0x00000000, 0x00000000, 0x00000000, 0x00000000, 0x00000000, 0x00000000, 0x00000000, 0x00000000,
  0x00000000, 0x00000000, 0x00000000, 0x00000000, 0x00000000, 0x00000000, 0x00000000, 0x00000000, 0x00000000, 0x00000000,
  0x00019A9A, 0x000198A3, 0x000196A8, 0x000194AC, 0x000192AF, 0x000192B2, 0x000190B5, 0x000190B7, 0x000190BA, 0x00018EBC,
  0x00018EBE, 0x00018EC0, 0x00018CC2, 0x00018CC4, 0x00018CC5, 0x00018CC7, 0x00018CC9, 0x00018ACA, 0x00018ACC, 0x00018ACD,
  0x00018ACF, 0x00018AD0, 0x000188D2, 0x000188D3, 0x000188D5, 0x000188D6, 0x000188D7, 0x000188D9, 0x000188DA, 0x000186DB,
  0x000186DC, 0x000186DE, 0x000186DF, 0x000186E0, 0x000186E1, 0x000186E2, 0x000186E4, 0x000186E5, 0x000186E6, 0x000186E7,
  0x000184E8, 0x000184E9, 0x000184EA, 0x000184EC, 0x000184ED, 0x000184EE, 0x000184EF, 0x000184F0, 0x000184F1, 0x000184F2,
  0x000184F3, 0x000184F4, 0x000184F5, 0x000184F6, 0x000184F8, 0x000184F9, 0x000184FA, 0x000184FB, 0x000184FC, 0x000184FD,
  0x000184FE, 0x000184FF, 0x00018500, 0x00018501, 0x00018502, 0x00018503, 0x00018504, 0x00018505, 0x00018506, 0x00018507,
  0x00018509, 0x0001850A, 0x0001850B, 0x0001850C, 0x0001850D, 0x0001850E, 0x0001850F, 0x00018510, 0x00018511, 0x00018512,
  0x00018513, 0x00018515, 0x00018516, 0x00018517, 0x00018718, 0x00018719, 0x0001871A, 0x0001871B, 0x0001871D, 0x0001871E,
  0x0001871F, 0x00018720, 0x00018721, 0x00018723, 0x00018724, 0x00018925, 0x00018926, 0x00018928, 0x00018929, 0x0001892A,
  0x0001892C, 0x0001892D, 0x00018B2F, 0x00018B30, 0x00018B32, 0x00018B33, 0x00018B35, 0x00018D36, 0x00018D38, 0x00018D3A,
  0x00018D3B, 0x00018D3D, 0x00018F3F, 0x00018F41, 0x00018F43, 0x00019145, 0x00019148, 0x0001914A, 0x0001934D, 0x00019350,
  0x00019553, 0x00019757, 0x0001995C, 0x00019B65, 0x00000000, 0x00000000, 0x00000000, 0x00000000, 0x00000000, 0x00000000,
  0x00000000, 0x00000000, 0x00000000, 0x00000000, 0x00000000, 0x00000000, 0x00000000, 0x00000000, 0x00000000, 0x00000000,
  0x00000000, 0x00000000, 0x00000000, 0x00000000, 0x00000000, 0x00000000, 0x00000000, 0x00000000, 0x00000000, 0x00000000,
  0x00000000, 0x00000000, 0x00000000, 0x00000000, 0x00000000, 0x00000000, 0x00000000, 0x00000000, 0x00000000, 0x00000000,
  0x00000000, 0x00000000, 0x00000000, 0x00000000, 0x00000000, 0x00000000, 0x00000000, 0x00000000, 0x00000000, 0x00000000,
  0x00000000, 0x00000000, 0x00000000, 0x00000000, 0x00000000, 0x00000000, 0x00000000, 0x00000000, 0x00000000, 0x00000000,
  0x00000000, 0x00000000, 0x00000000, 0x00000000, 0x00000000, 0x00000000, 0x00000000, 0x00000000, 0x00000000, 0x00000000,
  0x00000000, 0x00000000, 0x00000000, 0x00000000, 0x00000000, 0x00000000, 0x00000000, 0x00000000, 0x00000000, 0x00000000,
  0x00000000, 0x00000000, 0x00000000, 0x00000000, 0x00000000, 0x00000000, 0x00000000, 0x00000000, 0x00000000, 0x00000000,
  0x00000000, 0x00000000, 0x00000000, 0x00000000, 0x00000000, 0x00000000, 0x00000000, 0x00000000, 0x00000000, 0x00000000,
  0x00000000, 0x00000000, 0x00000000, 0x00000000, 0x00000000, 0x00000000, 0x00019CA0, 0x000198A6, 0x000198AB, 0x000196AE,
  0x000194B2, 0x000194B4, 0x000194B7, 0x000192B9, 0x000192BC, 0x000190BE, 0x000190C0, 0x000190C2, 0x000190C4, 0x00018EC6,
  0x00018EC7, 0x00018EC9, 0x00018ECB, 0x00018CCC, 0x00018CCE, 0x00018CCF, 0x00018CD1, 0x00018CD2, 0x00018CD4, 0x00018AD5,
  0x00018AD6, 0x00018AD8, 0x00018AD9, 0x00018ADA, 0x00018ADC, 0x00018ADD, 0x00018ADE, 0x000188DF, 0x000188E1, 0x000188E2,
  0x000188E3, 0x000188E4, 0x000188E5, 0x000188E7, 0x000188E8, 0x000188E9, 0x000188EA, 0x000188EB, 0x000188EC, 0x000188ED,
  0x000186EF, 0x000186F0, 0x000186F1, 0x000186F2, 0x000186F3, 0x000186F4, 0x000186F5, 0x000186F6, 0x000186F7, 0x000186F8,
  0x000186FA, 0x000186FB, 0x000186FC, 0x000186FD, 0x000186FE, 0x000186FF, 0x00018700, 0x00018701, 0x00018702, 0x00018703,
  0x00018704, 0x00018705, 0x00018707, 0x00018708, 0x00018709, 0x0001870A, 0x0001870B, 0x0001870C, 0x0001870D, 0x0001870E,
  0x0001870F, 0x00018710, 0x00018912, 0x00018913, 0x00018914, 0x00018915, 0x00018916, 0x00018917, 0x00018918, 0x0001891A,
  0x0001891B, 0x0001891C, 0x0001891D, 0x0001891E, 0x00018920, 0x00018B21, 0x00018B22, 0x00018B23, 0x00018B25, 0x00018B26,
  0x00018B27, 0x00018B29, 0x00018B2A, 0x00018D2B, 0x00018D2D, 0x00018D2E, 0x00018D30, 0x00018D31, 0x00018D33, 0x00018F34,
  0x00018F36, 0x00018F38, 0x00018F39, 0x0001913B, 0x0001913D, 0x0001913F, 0x00019141, 0x00019343, 0x00019346, 0x00019548,
  0x0001954B, 0x0001954D, 0x00019751, 0x00019954, 0x00019959, 0x00019D5F, 0x00000000, 0x00000000, 0x00000000, 0x00000000,
  0x00000000, 0x00000000, 0x00000000, 0x00000000, 0x00000000, 0x00000000, 0x00000000, 0x00000000, 0x00000000, 0x00000000,
  0x00000000, 0x00000000, 0x00000000, 0x00000000, 0x00000000, 0x00000000, 0x00000000, 0x00000000, 0x00000000, 0x00000000,
  0x00000000, 0x00000000, 0x00000000, 0x00000000, 0x00000000, 0x00000000, 0x00000000, 0x00000000, 0x00000000, 0x00000000,
  0x00000000, 0x00000000, 0x00000000, 0x00000000, 0x00000000, 0x00000000, 0x00000000, 0x00000000, 0x00000000, 0x00000000,
  0x00000000, 0x00000000, 0x00000000, 0x00000000, 0x00000000, 0x00000000, 0x00000000, 0x00000000, 0x00000000, 0x00000000,
  0x00000000, 0x00000000, 0x00000000, 0x00000000, 0x00000000, 0x00000000, 0x00000000, 0x00000000, 0x00000000, 0x00000000,
  0x00000000, 0x00000000, 0x00000000, 0x00000000, 0x00000000, 0x00000000, 0x00000000, 0x00000000, 0x00000000, 0x00000000,
  0x00000000, 0x00000000, 0x00000000, 0x00000000, 0x00000000, 0x00000000, 0x00000000, 0x00000000, 0x00000000, 0x00000000,
  0x00000000, 0x00000000, 0x00000000, 0x00000000, 0x00000000, 0x00000000, 0x00000000, 0x00000000, 0x00000000, 0x00000000,
  0x00000000, 0x00000000, 0x00000000, 0x00000000, 0x00000000, 0x00000000, 0x00000000, 0x00000000, 0x00000000, 0x00000000,
  0x00000000, 0x0001A098, 0x00019CA4, 0x00019AA9, 0x00019AAD, 0x000198B1, 0x000196B4, 0x000196B7, 0x000196B9, 0x000194BB,
  0x000194BE, 0x000194C0, 0x000192C2, 0x000192C4, 0x000192C6, 0x000192C7, 0x000190C9, 0x000190CB, 0x000190CC, 0x000190CE,
  0x00018ECF, 0x00018ED1, 0x00018ED2, 0x00018ED4, 0x00018ED5, 0x00018ED7, 0x00018ED8, 0x00018CD9, 0x00018CDB, 0x00018CDC,
  0x00018CDD, 0x00018CDF, 0x00018CE0, 0x00018CE1, 0x00018CE2, 0x00018CE4, 0x00018AE5, 0x00018AE6, 0x00018AE7, 0x00018AE8,
  0x00018AEA, 0x00018AEB, 0x00018AEC, 0x00018AED, 0x00018AEE, 0x00018AEF, 0x00018AF1, 0x00018AF2, 0x00018AF3, 0x00018AF4,
  0x00018AF5, 0x00018AF6, 0x00018AF7, 0x00018AF8, 0x00018AF9, 0x00018AFB, 0x00018AFC, 0x000188FD, 0x000188FE, 0x000188FF,
  0x00018900, 0x00018901, 0x00018902, 0x00018B03, 0x00018B04, 0x00018B06, 0x00018B07, 0x00018B08, 0x00018B09, 0x00018B0A,
  0x00018B0B, 0x00018B0C, 0x00018B0D, 0x00018B0E, 0x00018B10, 0x00018B11, 0x00018B12, 0x00018B13, 0x00018B14, 0x00018B15,
  0x00018B17, 0x00018B18, 0x00018B19, 0x00018B1A, 0x00018D1B, 0x00018D1D, 0x00018D1E, 0x00018D1F, 0x00018D20, 0x00018D22,
  0x00018D23, 0x00018D24, 0x00018D26, 0x00018F27, 0x00018F28, 0x00018F2A, 0x00018F2B, 0x00018F2D, 0x00018F2E, 0x00018F30,
  0x00019131, 0x00019133, 0x00019134, 0x00019136, 0x00019338, 0x00019339, 0x0001933B, 0x0001933D, 0x0001953F, 0x00019541,
  0x00019544, 0x00019746, 0x00019748, 0x0001974B, 0x0001994E, 0x00019B52, 0x00019B56, 0x00019D5B, 0x0001A167, 0x00000000,
  0x00000000, 0x00000000, 0x00000000, 0x00000000, 0x00000000, 0x00000000, 0x00000000, 0x00000000, 0x00000000, 0x00000000,
  0x00000000, 0x00000000, 0x00000000, 0x00000000, 0x00000000, 0x00000000, 0x00000000, 0x00000000, 0x00000000, 0x00000000,
  0x00000000, 0x00000000, 0x00000000, 0x00000000, 0x00000000, 0x00000000, 0x00000000, 0x00000000, 0x00000000, 0x00000000,
  0x00000000, 0x00000000, 0x00000000, 0x00000000, 0x00000000, 0x00000000, 0x00000000, 0x00000000, 0x00000000, 0x00000000,
  0x00000000, 0x00000000, 0x00000000, 0x00000000, 0x00000000, 0x00000000, 0x00000000, 0x00000000, 0x00000000, 0x00000000,
  0x00000000, 0x00000000, 0x00000000, 0x00000000, 0x00000000, 0x00000000, 0x00000000, 0x00000000, 0x00000000, 0x00000000,
  0x00000000, 0x00000000, 0x00000000, 0x00000000, 0x00000000, 0x00000000, 0x00000000, 0x00000000, 0x00000000, 0x00000000,
  0x00000000, 0x00000000, 0x00000000, 0x00000000, 0x00000000, 0x00000000, 0x00000000, 0x00000000, 0x00000000, 0x00000000,
  0x00000000, 0x00000000, 0x00000000, 0x00000000, 0x00000000, 0x00000000, 0x00000000, 0x00000000, 0x00000000, 0x00000000,
  0x00000000, 0x00000000, 0x00000000, 0x00000000, 0x00000000, 0x00000000, 0x00000000, 0x00000000, 0x00000000, 0x00000000,
  0x00000000, 0x00000000, 0x00000000, 0x00000000, 0x00000000, 0x00000000, 0x00000000, 0x0001A29F, 0x00019EA7, 0x00019CAC,
  0x00019CAF, 0x00019AB3, 0x00019AB6, 0x000198B8, 0x000198BB, 0x000196BD, 0x000196C0, 0x000196C2, 0x000194C4, 0x000194C6,
  0x000194C7, 0x000194C9, 0x000192CB, 0x000192CD, 0x000192CE, 0x000192D0, 0x000192D1, 0x000192D3, 0x000190D4, 0x000190D6,
  0x000190D7, 0x000190D9, 0x000190DA, 0x000190DB, 0x000190DD, 0x00018EDE, 0x00018EDF, 0x00018EE1, 0x00018EE2, 0x00018EE3,
  0x00018EE4, 0x00018EE6, 0x00018EE7, 0x00018EE8, 0x00018EE9, 0x00018EEA, 0x00018CEC, 0x00018CED, 0x00018CEE, 0x00018CEF,
  0x00018CF0, 0x00018CF1, 0x00018CF3, 0x00018CF4, 0x00018CF5, 0x00018CF6, 0x00018CF7, 0x00018CF8, 0x00018CF9, 0x00018CFA,
  0x00018CFC, 0x00018CFD, 0x00018CFE, 0x00018CFF, 0x00018D00, 0x00018D01, 0x00018D02, 0x00018D03, 0x00018D05, 0x00018D06,
  0x00018D07, 0x00018D08, 0x00018D09, 0x00018D0A, 0x00018D0B, 0x00018D0C, 0x00018D0E, 0x00018D0F, 0x00018D10, 0x00018D11,
  0x00018D12, 0x00018D13, 0x00018F15, 0x00018F16, 0x00018F17, 0x00018F18, 0x00018F19, 0x00018F1B, 0x00018F1C, 0x00018F1D,
  0x00018F1E, 0x00018F20, 0x00018F21, 0x00019122, 0x00019124, 0x00019125, 0x00019126, 0x00019128, 0x00019129, 0x0001912B,
  0x0001932C, 0x0001932E, 0x0001932F, 0x00019331, 0x00019332, 0x00019334, 0x00019536, 0x00019538, 0x00019539, 0x0001953B,
  0x0001973D, 0x0001973F, 0x00019742, 0x00019944, 0x00019947, 0x00019B49, 0x00019B4C, 0x00019D50, 0x00019D53, 0x00019F58,
  0x0001A360, 0x00000000, 0x00000000, 0x00000000, 0x00000000, 0x00000000, 0x00000000, 0x00000000, 0x00000000, 0x00000000,
  0x00000000, 0x00000000, 0x00000000, 0x00000000, 0x00000000, 0x00000000, 0x00000000, 0x00000000, 0x00000000, 0x00000000,
  0x00000000, 0x00000000, 0x00000000, 0x00000000, 0x00000000, 0x00000000, 0x00000000, 0x00000000, 0x00000000, 0x00000000,
  0x00000000, 0x00000000, 0x00000000, 0x00000000, 0x00000000, 0x00000000, 0x00000000, 0x00000000, 0x00000000, 0x00000000,
  0x00000000, 0x00000000, 0x00000000, 0x00000000, 0x00000000, 0x00000000, 0x00000000, 0x00000000, 0x00000000, 0x00000000,
  0x00000000, 0x00000000, 0x00000000, 0x00000000, 0x00000000, 0x00000000, 0x00000000, 0x00000000, 0x00000000, 0x00000000,
  0x00000000, 0x00000000, 0x00000000, 0x00000000, 0x00000000, 0x00000000, 0x00000000, 0x00000000, 0x00000000, 0x00000000,
  0x00000000, 0x00000000, 0x00000000, 0x00000000, 0x00000000, 0x00000000, 0x00000000, 0x00000000, 0x00000000, 0x00000000,
  0x00000000, 0x00000000, 0x00000000, 0x00000000, 0x00000000, 0x00000000, 0x00000000, 0x00000000, 0x00000000, 0x00000000,
  0x00000000, 0x00000000, 0x00000000, 0x00000000, 0x00000000, 0x00000000, 0x00000000, 0x00000000, 0x00000000, 0x00000000,
  0x00000000, 0x00000000, 0x00000000, 0x00000000, 0x00000000, 0x00000000, 0x00000000, 0x00000000, 0x00000000, 0x00000000,
  0x00000000, 0x00000000, 0x00000000, 0x0001A2A3, 0x0001A0A9, 0x00019EAE, 0x00019EB1, 0x00019CB5, 0x00019CB8, 0x00019ABA,
  0x00019ABD, 0x00019ABF, 0x000198C1, 0x000198C3, 0x000198C5, 0x000196C7, 0x000196C9, 0x000196CB, 0x000196CD, 0x000196CE,
  0x000194D0, 0x000194D1, 0x000194D3, 0x000194D5, 0x000194D6, 0x000192D7, 0x000192D9, 0x000192DA, 0x000192DC, 0x000192DD,
  0x000192DE, 0x000192E0, 0x000192E1, 0x000192E2, 0x000190E4, 0x000190E5, 0x000190E6, 0x000190E7, 0x000190E9, 0x000190EA,
  0x000190EB, 0x000190EC, 0x000190ED, 0x000190EF, 0x000190F0, 0x000190F1, 0x000190F2, 0x000190F3, 0x000190F5, 0x00018EF6,
  0x00018EF7, 0x00018EF8, 0x00018EF9, 0x00018EFA, 0x00018EFB, 0x00018EFD, 0x00018EFE, 0x00018EFF, 0x00018F00, 0x00018F01,
  0x00018F02, 0x00018F04, 0x00018F05, 0x00018F06, 0x00018F07, 0x00018F08, 0x00018F09, 0x0001910A, 0x0001910C, 0x0001910D,
  0x0001910E, 0x0001910F, 0x00019110, 0x00019112, 0x00019113, 0x00019114, 0x00019115, 0x00019116, 0x00019118, 0x00019119,
  0x0001911A, 0x0001911B, 0x0001931D, 0x0001931E, 0x0001931F, 0x00019321, 0x00019322, 0x00019323, 0x00019325, 0x00019326,
  0x00019328, 0x00019529, 0x0001952A, 0x0001952C, 0x0001952E, 0x0001952F, 0x00019731, 0x00019732, 0x00019734, 0x00019736,
  0x00019738, 0x0001993A, 0x0001993C, 0x0001993E, 0x00019B40, 0x00019B42, 0x00019B45, 0x00019D47, 0x00019D4A, 0x00019F4E,
  0x00019F51, 0x0001A156, 0x0001A35C, 0x00000000, 0x00000000, 0x00000000, 0x00000000, 0x00000000, 0x00000000, 0x00000000,
  0x00000000, 0x00000000, 0x00000000, 0x00000000, 0x00000000, 0x00000000, 0x00000000, 0x00000000, 0x00000000, 0x00000000,
  0x00000000, 0x00000000, 0x00000000, 0x00000000, 0x00000000, 0x00000000, 0x00000000, 0x00000000, 0x00000000, 0x00000000,
  0x00000000, 0x00000000, 0x00000000, 0x00000000, 0x00000000, 0x00000000, 0x00000000, 0x00000000, 0x00000000, 0x00000000,
  0x00000000, 0x00000000, 0x00000000, 0x00000000, 0x00000000, 0x00000000, 0x00000000, 0x00000000, 0x00000000, 0x00000000,
  0x00000000, 0x00000000, 0x00000000, 0x00000000, 0x00000000, 0x00000000, 0x00000000, 0x00000000, 0x00000000, 0x00000000,
  0x00000000, 0x00000000, 0x00000000, 0x00000000, 0x00000000, 0x00000000, 0x00000000, 0x00000000, 0x00000000, 0x00000000,
  0x00000000, 0x00000000, 0x00000000, 0x00000000, 0x00000000, 0x00000000, 0x00000000, 0x00000000, 0x00000000, 0x00000000,
  0x00000000, 0x00000000, 0x00000000, 0x00000000, 0x00000000, 0x00000000, 0x00000000, 0x00000000, 0x00000000, 0x00000000,
  0x00000000, 0x00000000, 0x00000000, 0x00000000, 0x00000000, 0x00000000, 0x00000000, 0x00000000, 0x00000000, 0x00000000,
  0x00000000, 0x00000000, 0x00000000, 0x00000000, 0x00000000, 0x00000000, 0x00000000, 0x00000000, 0x00000000, 0x00000000,
  0x00000000, 0x00000000, 0x00000000, 0x00000000, 0x00000000, 0x00000000, 0x00000000, 0x00000000, 0x00000000, 0x0001A6A5,
  0x0001A2AB, 0x0001A2B0, 0x0001A0B3, 0x0001A0B7, 0x00019EB9, 0x00019EBC, 0x00019CBF, 0x00019CC1, 0x00019CC3, 0x00019AC5,
  0x00019AC7, 0x00019AC9, 0x00019ACB, 0x000198CD, 0x000198CE, 0x000198D0, 0x000198D2, 0x000196D3, 0x000196D5, 0x000196D6,
  0x000196D8, 0x000196D9, 0x000196DB, 0x000196DC, 0x000194DE, 0x000194DF, 0x000194E0, 0x000194E2, 0x000194E3, 0x000194E4,
  0x000194E6, 0x000194E7, 0x000194E8, 0x000194E9, 0x000192EB, 0x000192EC, 0x000192ED, 0x000192EE, 0x000192F0, 0x000192F1,
  0x000192F2, 0x000192F3, 0x000192F4, 0x000192F6, 0x000192F7, 0x000192F8, 0x000192F9, 0x000192FA, 0x000192FB, 0x000192FD,
  0x000192FE, 0x000192FF, 0x00019300, 0x00019301, 0x00019302, 0x00019304, 0x00019305, 0x00019306, 0x00019307, 0x00019308,
  0x00019309, 0x0001930B, 0x0001930C, 0x0001930D, 0x0001930E, 0x0001930F, 0x00019311, 0x00019312, 0x00019313, 0x00019314,
  0x00019516, 0x00019517, 0x00019518, 0x00019519, 0x0001951B, 0x0001951C, 0x0001951D, 0x0001951F, 0x00019520, 0x00019521,
  0x00019723, 0x00019724, 0x00019726, 0x00019727, 0x00019729, 0x0001972A, 0x0001972C, 0x0001992D, 0x0001992F, 0x00019931,
  0x00019932, 0x00019B34, 0x00019B36, 0x00019B38, 0x00019B3A, 0x00019D3C, 0x00019D3E, 0x00019D40, 0x00019F43, 0x00019F46,
  0x0001A148, 0x0001A14C, 0x0001A34F, 0x0001A354, 0x0001A75A, 0x00000000, 0x00000000, 0x00000000, 0x00000000, 0x00000000,
  0x00000000, 0x00000000, 0x00000000, 0x00000000, 0x00000000, 0x00000000, 0x00000000, 0x00000000, 0x00000000, 0x00000000,
  0x00000000, 0x00000000, 0x00000000, 0x00000000, 0x00000000, 0x00000000, 0x00000000, 0x00000000, 0x00000000, 0x00000000,
  0x00000000, 0x00000000, 0x00000000, 0x00000000, 0x00000000, 0x00000000, 0x00000000, 0x00000000, 0x00000000, 0x00000000,
  0x00000000, 0x00000000, 0x00000000, 0x00000000, 0x00000000, 0x00000000, 0x00000000, 0x00000000, 0x00000000, 0x00000000,
  0x00000000, 0x00000000, 0x00000000, 0x00000000, 0x00000000, 0x00000000, 0x00000000, 0x00000000, 0x00000000, 0x00000000,
  0x00000000, 0x00000000, 0x00000000, 0x00000000, 0x00000000, 0x00000000, 0x00000000, 0x00000000, 0x00000000, 0x00000000,
  0x00000000, 0x00000000, 0x00000000, 0x00000000, 0x00000000, 0x00000000, 0x00000000, 0x00000000, 0x00000000, 0x00000000,
  0x00000000, 0x00000000, 0x00000000, 0x00000000, 0x00000000, 0x00000000, 0x00000000, 0x00000000, 0x00000000, 0x00000000,
  0x00000000, 0x00000000, 0x00000000, 0x00000000, 0x00000000, 0x00000000, 0x00000000, 0x00000000, 0x00000000, 0x00000000,
  0x00000000, 0x00000000, 0x00000000, 0x00000000, 0x00000000, 0x00000000, 0x00000000, 0x00000000, 0x00000000, 0x00000000,
  0x00000000, 0x00000000, 0x00000000, 0x00000000, 0x00000000, 0x00000000, 0x00000000, 0x00000000, 0x00000000, 0x00000000,
  0x00000000, 0x00000000, 0x00000000, 0x00000000, 0x00000000, 0x0001A8A7, 0x0001A6AD, 0x0001A4B1, 0x0001A2B5, 0x0001A2B8,
  0x0001A0BB, 0x0001A0BE, 0x0001A0C0, 0x00019EC3, 0x00019EC5, 0x00019EC7, 0x00019CC9, 0x00019CCB, 0x00019CCD, 0x00019CCE,
  0x00019AD0, 0x00019AD2, 0x00019AD3, 0x00019AD5, 0x00019AD7, 0x00019AD8, 0x000198DA, 0x000198DB, 0x000198DD, 0x000198DE,
  0x000198DF, 0x000198E1, 0x000198E2, 0x000198E3, 0x000196E5, 0x000196E6, 0x000196E7, 0x000196E9, 0x000196EA, 0x000196EB,
  0x000196ED, 0x000196EE, 0x000196EF, 0x000196F0, 0x000196F2, 0x000196F3, 0x000196F4, 0x000196F5, 0x000196F6, 0x000194F8,
  0x000194F9, 0x000194FA, 0x000194FB, 0x000194FC, 0x000194FE, 0x000194FF, 0x00019500, 0x00019501, 0x00019503, 0x00019504,
  0x00019505, 0x00019506, 0x00019507, 0x00019709, 0x0001970A, 0x0001970B, 0x0001970C, 0x0001970D, 0x0001970F, 0x00019710,
  0x00019711, 0x00019712, 0x00019714, 0x00019715, 0x00019716, 0x00019718, 0x00019719, 0x0001971A, 0x0001991C, 0x0001991D,
  0x0001991E, 0x00019920, 0x00019921, 0x00019922, 0x00019924, 0x00019925, 0x00019B27, 0x00019B28, 0x00019B2A, 0x00019B2C,
  0x00019B2D, 0x00019B2F, 0x00019D31, 0x00019D32, 0x00019D34, 0x00019D36, 0x00019F38, 0x00019F3A, 0x00019F3C, 0x0001A13F,
  0x0001A141, 0x0001A144, 0x0001A347, 0x0001A34A, 0x0001A54E, 0x0001A752, 0x0001A958, 0x00000000, 0x00000000, 0x00000000,
  0x00000000, 0x00000000, 0x00000000, 0x00000000, 0x00000000, 0x00000000, 0x00000000, 0x00000000, 0x00000000, 0x00000000,
  0x00000000, 0x00000000, 0x00000000, 0x00000000, 0x00000000, 0x00000000, 0x00000000, 0x00000000, 0x00000000, 0x00000000,
  0x00000000, 0x00000000, 0x00000000, 0x00000000, 0x00000000, 0x00000000, 0x00000000, 0x00000000, 0x00000000, 0x00000000,
  0x00000000, 0x00000000, 0x00000000, 0x00000000, 0x00000000, 0x00000000, 0x00000000, 0x00000000, 0x00000000, 0x00000000,
  0x00000000, 0x00000000, 0x00000000, 0x00000000, 0x00000000, 0x00000000, 0x00000000, 0x00000000, 0x00000000, 0x00000000,
  0x00000000, 0x00000000, 0x00000000, 0x00000000, 0x00000000, 0x00000000, 0x00000000, 0x00000000, 0x00000000, 0x00000000,
  0x00000000, 0x00000000, 0x00000000, 0x00000000, 0x00000000, 0x00000000, 0x00000000, 0x00000000, 0x00000000, 0x00000000,
  0x00000000, 0x00000000, 0x00000000, 0x00000000, 0x00000000, 0x00000000, 0x00000000, 0x00000000, 0x00000000, 0x00000000,
  0x00000000, 0x00000000, 0x00000000, 0x00000000, 0x00000000, 0x00000000, 0x00000000, 0x00000000, 0x00000000, 0x00000000,
  0x00000000, 0x00000000, 0x00000000, 0x00000000, 0x00000000, 0x00000000, 0x00000000, 0x00000000, 0x00000000, 0x00000000,
  0x00000000, 0x00000000, 0x00000000, 0x00000000, 0x00000000, 0x00000000, 0x00000000, 0x00000000, 0x00000000, 0x00000000,
  0x00000000, 0x00000000, 0x00000000, 0x00000000, 0x00000000, 0x00000000, 0x00000000, 0x00000000, 0x00000000, 0x00000000,
  0x00000000, 0x0001AAA9, 0x0001A8AF, 0x0001A6B3, 0x0001A6B7, 0x0001A4BA, 0x0001A4BD, 0x0001A2BF, 0x0001A2C2, 0x0001A2C4,
  0x0001A0C6, 0x0001A0C8, 0x0001A0CA, 0x0001A0CC, 0x00019ECE, 0x00019ED0, 0x00019ED2, 0x00019ED3, 0x00019ED5, 0x00019CD7,
  0x00019CD8, 0x00019CDA, 0x00019CDB, 0x00019CDD, 0x00019CDE, 0x00019AE0, 0x00019AE1, 0x00019AE3, 0x00019AE4, 0x00019AE5,
  0x00019AE7, 0x00019AE8, 0x00019AE9, 0x00019AEB, 0x00019AEC, 0x000198ED, 0x000198EF, 0x000198F0, 0x000198F1, 0x000198F2,
  0x000198F4, 0x000198F5, 0x000198F6, 0x000198F7, 0x000198F9, 0x000198FA, 0x000198FB, 0x000198FC, 0x000198FE, 0x000198FF,
  0x00019900, 0x00019901, 0x00019903, 0x00019904, 0x00019905, 0x00019906, 0x00019908, 0x00019909, 0x0001990A, 0x0001990B,
  0x0001990D, 0x0001990E, 0x0001990F, 0x00019910, 0x00019912, 0x00019B13, 0x00019B14, 0x00019B16, 0x00019B17, 0x00019B18,
  0x00019B1A, 0x00019B1B, 0x00019B1C, 0x00019B1E, 0x00019B1F, 0x00019D21, 0x00019D22, 0x00019D24, 0x00019D25, 0x00019D27,
  0x00019D28, 0x00019F2A, 0x00019F2C, 0x00019F2D, 0x00019F2F, 0x00019F31, 0x0001A133, 0x0001A135, 0x0001A137, 0x0001A139,
  0x0001A33B, 0x0001A33D, 0x0001A340, 0x0001A542, 0x0001A545, 0x0001A748, 0x0001A74C, 0x0001A950, 0x0001AB56, 0x00000000,
  0x00000000, 0x00000000, 0x00000000, 0x00000000, 0x00000000, 0x00000000, 0x00000000, 0x00000000, 0x00000000, 0x00000000,
  0x00000000, 0x00000000, 0x00000000, 0x00000000, 0x00000000, 0x00000000, 0x00000000, 0x00000000, 0x00000000, 0x00000000,
  0x00000000, 0x00000000, 0x00000000, 0x00000000, 0x00000000, 0x00000000, 0x00000000, 0x00000000, 0x00000000, 0x00000000,
  0x00000000, 0x00000000, 0x00000000, 0x00000000, 0x00000000, 0x00000000, 0x00000000, 0x00000000, 0x00000000, 0x00000000,
  0x00000000, 0x00000000, 0x00000000, 0x00000000, 0x00000000, 0x00000000, 0x00000000, 0x00000000, 0x00000000, 0x00000000,
  0x00000000, 0x00000000, 0x00000000, 0x00000000, 0x00000000, 0x00000000, 0x00000000, 0x00000000, 0x00000000, 0x00000000,
  0x00000000, 0x00000000, 0x00000000, 0x00000000, 0x00000000, 0x00000000, 0x00000000, 0x00000000, 0x00000000, 0x00000000,
  0x00000000, 0x00000000, 0x00000000, 0x00000000, 0x00000000, 0x00000000, 0x00000000, 0x00000000, 0x00000000, 0x00000000,
  0x00000000, 0x00000000, 0x00000000, 0x00000000, 0x00000000, 0x00000000, 0x00000000, 0x00000000, 0x00000000, 0x00000000,
  0x00000000, 0x00000000, 0x00000000, 0x00000000, 0x00000000, 0x00000000, 0x00000000, 0x00000000, 0x00000000, 0x00000000,
  0x00000000, 0x00000000, 0x00000000, 0x00000000, 0x00000000, 0x00000000, 0x00000000, 0x00000000, 0x00000000, 0x00000000,
  0x00000000, 0x00000000, 0x00000000, 0x00000000, 0x00000000, 0x00000000, 0x00000000, 0x00000000, 0x00000000, 0x00000000,
  0x00000000, 0x00000000, 0x00000000, 0x00000000, 0x00000000, 0x00000000, 0x00000000, 0x0001AEAA, 0x0001ACB0, 0x0001AAB4,
  0x0001A8B8, 0x0001A8BB, 0x0001A6BE, 0x0001A6C1, 0x0001A6C3, 0x0001A4C6, 0x0001A4C8, 0x0001A4CA, 0x0001A2CC, 0x0001A2CE,
  0x0001A2D0, 0x0001A2D2, 0x0001A0D3, 0x0001A0D5, 0x0001A0D7, 0x0001A0D8, 0x0001A0DA, 0x0001A0DC, 0x00019EDD, 0x00019EDF,
  0x00019EE0, 0x00019EE2, 0x00019EE3, 0x00019EE5, 0x00019EE6, 0x00019EE7, 0x00019CE9, 0x00019CEA, 0x00019CEB, 0x00019CED,
  0x00019CEE, 0x00019CEF, 0x00019CF1, 0x00019CF2, 0x00019CF3, 0x00019CF5, 0x00019CF6, 0x00019CF7, 0x00019CF9, 0x00019CFA,
  0x00019CFB, 0x00019CFC, 0x00019CFE, 0x00019CFF, 0x00019D00, 0x00019D01, 0x00019D03, 0x00019D04, 0x00019D05, 0x00019D06,
  0x00019D08, 0x00019D09, 0x00019D0A, 0x00019D0C, 0x00019D0D, 0x00019D0E, 0x00019D10, 0x00019D11, 0x00019D12, 0x00019D14,
  0x00019D15, 0x00019D16, 0x00019F18, 0x00019F19, 0x00019F1A, 0x00019F1C, 0x00019F1D, 0x00019F1F, 0x00019F20, 0x00019F22,
  0x0001A123, 0x0001A125, 0x0001A127, 0x0001A128, 0x0001A12A, 0x0001A12C, 0x0001A32D, 0x0001A32F, 0x0001A331, 0x0001A333,
  0x0001A535, 0x0001A537, 0x0001A539, 0x0001A73C, 0x0001A73E, 0x0001A741, 0x0001A944, 0x0001A947, 0x0001AB4B, 0x0001AD4F,
  0x0001AF55, 0x00000000, 0x00000000, 0x00000000, 0x00000000, 0x00000000, 0x00000000, 0x00000000, 0x00000000, 0x00000000,
  0x00000000, 0x00000000, 0x00000000, 0x00000000, 0x00000000, 0x00000000, 0x00000000, 0x00000000, 0x00000000, 0x00000000,
  0x00000000, 0x00000000, 0x00000000, 0x00000000, 0x00000000, 0x00000000, 0x00000000, 0x00000000, 0x00000000, 0x00000000,
  0x00000000, 0x00000000, 0x00000000, 0x00000000, 0x00000000, 0x00000000, 0x00000000, 0x00000000, 0x00000000, 0x00000000,
  0x00000000, 0x00000000, 0x00000000, 0x00000000, 0x00000000, 0x00000000, 0x00000000, 0x00000000, 0x00000000, 0x00000000,
  0x00000000, 0x00000000, 0x00000000, 0x00000000, 0x00000000, 0x00000000, 0x00000000, 0x00000000, 0x00000000, 0x00000000,
  0x00000000, 0x00000000, 0x00000000, 0x00000000, 0x00000000, 0x00000000, 0x00000000, 0x00000000, 0x00000000, 0x00000000,
  0x00000000, 0x00000000, 0x00000000, 0x00000000, 0x00000000, 0x00000000, 0x00000000, 0x00000000, 0x00000000, 0x00000000,
  0x00000000, 0x00000000, 0x00000000, 0x00000000, 0x00000000, 0x00000000, 0x00000000, 0x00000000, 0x00000000, 0x00000000,
  0x00000000, 0x00000000, 0x00000000, 0x00000000, 0x00000000, 0x00000000, 0x00000000, 0x00000000, 0x00000000, 0x00000000,
  0x00000000, 0x00000000, 0x00000000, 0x00000000, 0x00000000, 0x00000000, 0x00000000, 0x00000000, 0x00000000, 0x00000000,
  0x00000000, 0x00000000, 0x00000000, 0x00000000, 0x00000000, 0x00000000, 0x00000000, 0x00000000, 0x00000000, 0x00000000,
  0x00000000, 0x00000000, 0x00000000, 0x00000000, 0x00000000, 0x00000000, 0x00000000, 0x00000000, 0x00000000, 0x00000000,
  0x00000000, 0x00000000, 0x00000000, 0x0001B2AA, 0x0001B0B0, 0x0001AEB5, 0x0001ACB9, 0x0001ACBC, 0x0001AABF, 0x0001AAC2,
  0x0001A8C5, 0x0001A8C7, 0x0001A8C9, 0x0001A6CB, 0x0001A6CE, 0x0001A6D0, 0x0001A4D1, 0x0001A4D3, 0x0001A4D5, 0x0001A4D7,
  0x0001A4D9, 0x0001A2DA, 0x0001A2DC, 0x0001A2DD, 0x0001A2DF, 0x0001A2E1, 0x0001A2E2, 0x0001A2E4, 0x0001A0E5, 0x0001A0E6,
  0x0001A0E8, 0x0001A0E9, 0x0001A0EB, 0x0001A0EC, 0x0001A0EE, 0x0001A0EF, 0x0001A0F0, 0x0001A0F2, 0x0001A0F3, 0x0001A0F4,
  0x0001A0F6, 0x0001A0F7, 0x0001A0F8, 0x0001A0FA, 0x0001A0FB, 0x00019EFC, 0x00019EFE, 0x00019EFF, 0x00019F00, 0x00019F01,
  0x00019F03, 0x0001A104, 0x0001A105, 0x0001A107, 0x0001A108, 0x0001A109, 0x0001A10B, 0x0001A10C, 0x0001A10D, 0x0001A10F,
  0x0001A110, 0x0001A111, 0x0001A113, 0x0001A114, 0x0001A116, 0x0001A117, 0x0001A119, 0x0001A11A, 0x0001A31B, 0x0001A31D,
  0x0001A31E, 0x0001A320, 0x0001A322, 0x0001A323, 0x0001A325, 0x0001A526, 0x0001A528, 0x0001A52A, 0x0001A52C, 0x0001A52E,
  0x0001A72F, 0x0001A731, 0x0001A734, 0x0001A936, 0x0001A938, 0x0001A93A, 0x0001AB3D, 0x0001AB40, 0x0001AD43, 0x0001AD46,
  0x0001AF4A, 0x0001B14F, 0x0001B355, 0x00000000, 0x00000000, 0x00000000, 0x00000000, 0x00000000, 0x00000000, 0x00000000,
  0x00000000, 0x00000000, 0x00000000, 0x00000000, 0x00000000, 0x00000000, 0x00000000, 0x00000000, 0x00000000, 0x00000000,
  0x00000000, 0x00000000, 0x00000000, 0x00000000, 0x00000000, 0x00000000, 0x00000000, 0x00000000, 0x00000000, 0x00000000,
  0x00000000, 0x00000000, 0x00000000, 0x00000000, 0x00000000, 0x00000000, 0x00000000, 0x00000000, 0x00000000, 0x00000000,
  0x00000000, 0x00000000, 0x00000000, 0x00000000, 0x00000000, 0x00000000, 0x00000000, 0x00000000, 0x00000000, 0x00000000,
  0x00000000, 0x00000000, 0x00000000, 0x00000000, 0x00000000, 0x00000000, 0x00000000, 0x00000000, 0x00000000, 0x00000000,
  0x00000000, 0x00000000, 0x00000000, 0x00000000, 0x00000000, 0x00000000, 0x00000000, 0x00000000, 0x00000000, 0x00000000,
  0x00000000, 0x00000000, 0x00000000, 0x00000000, 0x00000000, 0x00000000, 0x00000000, 0x00000000, 0x00000000, 0x00000000,
  0x00000000, 0x00000000, 0x00000000, 0x00000000, 0x00000000, 0x00000000, 0x00000000, 0x00000000, 0x00000000, 0x00000000,
  0x00000000, 0x00000000, 0x00000000, 0x00000000, 0x00000000, 0x00000000, 0x00000000, 0x00000000, 0x00000000, 0x00000000,
  0x00000000, 0x00000000, 0x00000000, 0x00000000, 0x00000000, 0x00000000, 0x00000000, 0x00000000, 0x00000000, 0x00000000,
  0x00000000, 0x00000000, 0x00000000, 0x00000000, 0x00000000, 0x00000000, 0x00000000, 0x00000000, 0x00000000, 0x00000000,
  0x00000000, 0x00000000, 0x00000000, 0x00000000, 0x00000000, 0x00000000, 0x00000000, 0x00000000, 0x00000000, 0x00000000,
  0x00000000, 0x00000000, 0x00000000, 0x00000000, 0x00000000, 0x00000000, 0x00000000, 0x00000000, 0x00000000, 0x0001B6A8,
  0x0001B4B0, 0x0001B2B5, 0x0001B0BA, 0x0001AEBD, 0x0001AEC0, 0x0001ACC3, 0x0001ACC6, 0x0001ACC8, 0x0001AACB, 0x0001AACD,
  0x0001AACF, 0x0001A8D1, 0x0001A8D3, 0x0001A8D5, 0x0001A8D7, 0x0001A8D8, 0x0001A6DA, 0x0001A6DC, 0x0001A6DE, 0x0001A6DF,
  0x0001A6E1, 0x0001A6E2, 0x0001A4E4, 0x0001A4E5, 0x0001A4E7, 0x0001A4E8, 0x0001A4EA, 0x0001A4EB, 0x0001A4ED, 0x0001A4EE,
  0x0001A4F0, 0x0001A4F1, 0x0001A4F3, 0x0001A4F4, 0x0001A2F5, 0x0001A2F7, 0x0001A2F8, 0x0001A2F9, 0x0001A2FB, 0x0001A2FC,
  0x0001A2FD, 0x0001A2FF, 0x0001A300, 0x0001A302, 0x0001A303, 0x0001A304, 0x0001A306, 0x0001A307, 0x0001A308, 0x0001A30A,
  0x0001A50B, 0x0001A50C, 0x0001A50E, 0x0001A50F, 0x0001A511, 0x0001A512, 0x0001A514, 0x0001A515, 0x0001A517, 0x0001A518,
  0x0001A51A, 0x0001A51B, 0x0001A71D, 0x0001A71E, 0x0001A720, 0x0001A721, 0x0001A723, 0x0001A725, 0x0001A927, 0x0001A928,
  0x0001A92A, 0x0001A92C, 0x0001A92E, 0x0001AB30, 0x0001AB32, 0x0001AB34, 0x0001AD37, 0x0001AD39, 0x0001AD3C, 0x0001AF3F,
  0x0001AF42, 0x0001B145, 0x0001B34A, 0x0001B54F, 0x0001B757, 0x00000000, 0x00000000, 0x00000000, 0x00000000, 0x00000000,
  0x00000000, 0x00000000, 0x00000000, 0x00000000, 0x00000000, 0x00000000, 0x00000000, 0x00000000, 0x00000000, 0x00000000,
  0x00000000, 0x00000000, 0x00000000, 0x00000000, 0x00000000, 0x00000000, 0x00000000, 0x00000000, 0x00000000, 0x00000000,
  0x00000000, 0x00000000, 0x00000000, 0x00000000, 0x00000000, 0x00000000, 0x00000000, 0x00000000, 0x00000000, 0x00000000,
  0x00000000, 0x00000000, 0x00000000, 0x00000000, 0x00000000, 0x00000000, 0x00000000, 0x00000000, 0x00000000, 0x00000000,
  0x00000000, 0x00000000, 0x00000000, 0x00000000, 0x00000000, 0x00000000, 0x00000000, 0x00000000, 0x00000000, 0x00000000,
  0x00000000, 0x00000000, 0x00000000, 0x00000000, 0x00000000, 0x00000000, 0x00000000, 0x00000000, 0x00000000, 0x00000000,
  0x00000000, 0x00000000, 0x00000000, 0x00000000, 0x00000000, 0x00000000, 0x00000000, 0x00000000, 0x00000000, 0x00000000,
  0x00000000, 0x00000000, 0x00000000, 0x00000000, 0x00000000, 0x00000000, 0x00000000, 0x00000000, 0x00000000, 0x00000000,
  0x00000000, 0x00000000, 0x00000000, 0x00000000, 0x00000000, 0x00000000, 0x00000000, 0x00000000, 0x00000000, 0x00000000,
  0x00000000, 0x00000000, 0x00000000, 0x00000000, 0x00000000, 0x00000000, 0x00000000, 0x00000000, 0x00000000, 0x00000000,
  0x00000000, 0x00000000, 0x00000000, 0x00000000, 0x00000000, 0x00000000, 0x00000000, 0x00000000, 0x00000000, 0x00000000,
  0x00000000, 0x00000000, 0x00000000, 0x00000000, 0x00000000, 0x00000000, 0x00000000, 0x00000000, 0x00000000, 0x00000000,
  0x00000000, 0x00000000, 0x00000000, 0x00000000, 0x00000000, 0x00000000, 0x00000000, 0x00000000, 0x00000000, 0x00000000,
  0x00000000, 0x00000000, 0x00000000, 0x00000000, 0x00000000, 0x00000000, 0x0001B8AF, 0x0001B6B5, 0x0001B4BA, 0x0001B2BE,
  0x0001B2C1, 0x0001B0C4, 0x0001B0C7, 0x0001B0C9, 0x0001AECC, 0x0001AECE, 0x0001AED0, 0x0001ACD2, 0x0001ACD4, 0x0001ACD6,
  0x0001ACD8, 0x0001AADA, 0x0001AADC, 0x0001AADE, 0x0001AADF, 0x0001AAE1, 0x0001AAE3, 0x0001A8E4, 0x0001A8E6, 0x0001A8E7,
  0x0001A8E9, 0x0001A8EB, 0x0001A8EC, 0x0001A8EE, 0x0001A8EF, 0x0001A8F1, 0x0001A8F2, 0x0001A8F3, 0x0001A6F5, 0x0001A6F6,
  0x0001A6F8, 0x0001A6F9, 0x0001A6FB, 0x0001A6FC, 0x0001A6FD, 0x0001A6FF, 0x0001A700, 0x0001A702, 0x0001A703, 0x0001A704,
  0x0001A706, 0x0001A707, 0x0001A709, 0x0001A70A, 0x0001A90C, 0x0001A90D, 0x0001A90E, 0x0001A910, 0x0001A911, 0x0001A913,
  0x0001A914, 0x0001A916, 0x0001A918, 0x0001A919, 0x0001A91B, 0x0001AB1C, 0x0001AB1E, 0x0001AB20, 0x0001AB21, 0x0001AB23,
  0x0001AB25, 0x0001AD27, 0x0001AD29, 0x0001AD2B, 0x0001AD2D, 0x0001AF2F, 0x0001AF31, 0x0001AF33, 0x0001B136, 0x0001B138,
  0x0001B13B, 0x0001B33E, 0x0001B341, 0x0001B545, 0x0001B74A, 0x0001B950, 0x00000000, 0x00000000, 0x00000000, 0x00000000,
  0x00000000, 0x00000000, 0x00000000, 0x00000000, 0x00000000, 0x00000000, 0x00000000, 0x00000000, 0x00000000, 0x00000000,
  0x00000000, 0x00000000, 0x00000000, 0x00000000, 0x00000000, 0x00000000, 0x00000000, 0x00000000, 0x00000000, 0x00000000,
  0x00000000, 0x00000000, 0x00000000, 0x00000000, 0x00000000, 0x00000000, 0x00000000, 0x00000000, 0x00000000, 0x00000000,
  0x00000000, 0x00000000, 0x00000000, 0x00000000, 0x00000000, 0x00000000, 0x00000000, 0x00000000, 0x00000000, 0x00000000,
  0x00000000, 0x00000000, 0x00000000, 0x00000000, 0x00000000, 0x00000000, 0x00000000, 0x00000000, 0x00000000, 0x00000000,
  0x00000000, 0x00000000, 0x00000000, 0x00000000, 0x00000000, 0x00000000, 0x00000000, 0x00000000, 0x00000000, 0x00000000,
  0x00000000, 0x00000000, 0x00000000, 0x00000000, 0x00000000, 0x00000000, 0x00000000, 0x00000000, 0x00000000, 0x00000000,
  0x00000000, 0x00000000, 0x00000000, 0x00000000, 0x00000000, 0x00000000, 0x00000000, 0x00000000, 0x00000000, 0x00000000,
  0x00000000, 0x00000000, 0x00000000, 0x00000000, 0x00000000, 0x00000000, 0x00000000, 0x00000000, 0x00000000, 0x00000000,
  0x00000000, 0x00000000, 0x00000000, 0x00000000, 0x00000000, 0x00000000, 0x00000000, 0x00000000, 0x00000000, 0x00000000,
  0x00000000, 0x00000000, 0x00000000, 0x00000000, 0x00000000, 0x00000000, 0x00000000, 0x00000000, 0x00000000, 0x00000000,
  0x00000000, 0x00000000, 0x00000000, 0x00000000, 0x00000000, 0x00000000, 0x00000000, 0x00000000, 0x00000000, 0x00000000,
  0x00000000, 0x00000000, 0x00000000, 0x00000000, 0x00000000, 0x00000000, 0x00000000, 0x00000000, 0x00000000, 0x00000000,
  0x00000000, 0x00000000, 0x00000000, 0x00000000, 0x00000000, 0x00000000, 0x00000000, 0x00000000, 0x00000000, 0x00000000,
  0x00000000, 0x00000000, 0x0001BEA9, 0x0001BAB4, 0x0001B8B9, 0x0001B8BE, 0x0001B6C1, 0x0001B4C5, 0x0001B4C8, 0x0001B4CA,
  0x0001B2CD, 0x0001B2CF, 0x0001B2D2, 0x0001B0D4, 0x0001B0D6, 0x0001B0D8, 0x0001B0DA, 0x0001AEDC, 0x0001AEDE, 0x0001AEDF,
  0x0001AEE1, 0x0001AEE3, 0x0001ACE5, 0x0001ACE6, 0x0001ACE8, 0x0001ACEA, 0x0001ACEB, 0x0001ACED, 0x0001ACEE, 0x0001ACF0,
  0x0001ACF1, 0x0001ACF3, 0x0001ACF4, 0x0001ACF6, 0x0001AAF7, 0x0001AAF9, 0x0001AAFA, 0x0001AAFC, 0x0001AAFD, 0x0001AAFF,
  0x0001AB00, 0x0001AB02, 0x0001AB03, 0x0001AB05, 0x0001AB06, 0x0001AB08, 0x0001AD09, 0x0001AD0B, 0x0001AD0C, 0x0001AD0E,
  0x0001AD0F, 0x0001AD11, 0x0001AD12, 0x0001AD14, 0x0001AD15, 0x0001AD17, 0x0001AD19, 0x0001AD1A, 0x0001AF1C, 0x0001AF1E,
  0x0001AF20, 0x0001AF21, 0x0001AF23, 0x0001B125, 0x0001B127, 0x0001B129, 0x0001B12B, 0x0001B32D, 0x0001B330, 0x0001B332,
  0x0001B535, 0x0001B537, 0x0001B53A, 0x0001B73E, 0x0001B941, 0x0001B946, 0x0001BB4B, 0x0001BF56, 0x00000000, 0x00000000,
  0x00000000, 0x00000000, 0x00000000, 0x00000000, 0x00000000, 0x00000000, 0x00000000, 0x00000000, 0x00000000, 0x00000000,
  0x00000000, 0x00000000, 0x00000000, 0x00000000, 0x00000000, 0x00000000, 0x00000000, 0x00000000, 0x00000000, 0x00000000,
  0x00000000, 0x00000000, 0x00000000, 0x00000000, 0x00000000, 0x00000000, 0x00000000, 0x00000000, 0x00000000, 0x00000000,
  0x00000000, 0x00000000, 0x00000000, 0x00000000, 0x00000000, 0x00000000, 0x00000000, 0x00000000, 0x00000000, 0x00000000,
  0x00000000, 0x00000000, 0x00000000, 0x00000000, 0x00000000, 0x00000000, 0x00000000, 0x00000000, 0x00000000, 0x00000000,
  0x00000000, 0x00000000, 0x00000000, 0x00000000, 0x00000000, 0x00000000, 0x00000000, 0x00000000, 0x00000000, 0x00000000,
  0x00000000, 0x00000000, 0x00000000, 0x00000000, 0x00000000, 0x00000000, 0x00000000, 0x00000000, 0x00000000, 0x00000000,
  0x00000000, 0x00000000, 0x00000000, 0x00000000, 0x00000000, 0x00000000, 0x00000000, 0x00000000, 0x00000000, 0x00000000,
  0x00000000, 0x00000000, 0x00000000, 0x00000000, 0x00000000, 0x00000000, 0x00000000, 0x00000000, 0x00000000, 0x00000000,
  0x00000000, 0x00000000, 0x00000000, 0x00000000, 0x00000000, 0x00000000, 0x00000000, 0x00000000, 0x00000000, 0x00000000,
  0x00000000, 0x00000000, 0x00000000, 0x00000000, 0x00000000, 0x00000000, 0x00000000, 0x00000000, 0x00000000, 0x00000000,
  0x00000000, 0x00000000, 0x00000000, 0x00000000, 0x00000000, 0x00000000, 0x00000000, 0x00000000, 0x00000000, 0x00000000,
  0x00000000, 0x00000000, 0x00000000, 0x00000000, 0x00000000, 0x00000000, 0x00000000, 0x00000000, 0x00000000, 0x00000000,
  0x00000000, 0x00000000, 0x00000000, 0x00000000, 0x00000000, 0x00000000, 0x00000000, 0x00000000, 0x00000000, 0x00000000,
  0x00000000, 0x00000000, 0x00000000, 0x00000000, 0x00000000, 0x00000000, 0x00000000, 0x00000000, 0x00000000, 0x0001C2AD,
  0x0001BEB7, 0x0001BCBD, 0x0001BAC1, 0x0001BAC5, 0x0001B8C8, 0x0001B8CB, 0x0001B6CE, 0x0001B6D0, 0x0001B6D3, 0x0001B4D5,
  0x0001B4D7, 0x0001B4D9, 0x0001B4DB, 0x0001B2DD, 0x0001B2DF, 0x0001B2E1, 0x0001B2E3, 0x0001B2E5, 0x0001B2E7, 0x0001B0E8,
  0x0001B0EA, 0x0001B0EC, 0x0001B0ED, 0x0001B0EF, 0x0001B0F1, 0x0001B0F2, 0x0001B0F4, 0x0001B0F5, 0x0001B0F7, 0x0001B0F9,
  0x0001B0FA, 0x0001B0FC, 0x0001B0FD, 0x0001B0FF, 0x0001B100, 0x0001B102, 0x0001B103, 0x0001B105, 0x0001B106, 0x0001B108,
  0x0001B10A, 0x0001B10B, 0x0001B10D, 0x0001B10E, 0x0001B110, 0x0001B112, 0x0001B113, 0x0001B115, 0x0001B117, 0x0001B318,
  0x0001B31A, 0x0001B31C, 0x0001B31E, 0x0001B320, 0x0001B322, 0x0001B524, 0x0001B526, 0x0001B528, 0x0001B52A, 0x0001B72C,
  0x0001B72F, 0x0001B731, 0x0001B934, 0x0001B937, 0x0001BB3A, 0x0001BB3E, 0x0001BD42, 0x0001BF48, 0x0001C352, 0x00000000,
  0x00000000, 0x00000000, 0x00000000, 0x00000000, 0x00000000, 0x00000000, 0x00000000, 0x00000000, 0x00000000, 0x00000000,
  0x00000000, 0x00000000, 0x00000000, 0x00000000, 0x00000000, 0x00000000, 0x00000000, 0x00000000, 0x00000000, 0x00000000,
  0x00000000, 0x00000000, 0x00000000, 0x00000000, 0x00000000, 0x00000000, 0x00000000, 0x00000000, 0x00000000, 0x00000000,
  0x00000000, 0x00000000, 0x00000000, 0x00000000, 0x00000000, 0x00000000, 0x00000000, 0x00000000, 0x00000000, 0x00000000,
  0x00000000, 0x00000000, 0x00000000, 0x00000000, 0x00000000, 0x00000000, 0x00000000, 0x00000000, 0x00000000, 0x00000000,
  0x00000000, 0x00000000, 0x00000000, 0x00000000, 0x00000000, 0x00000000, 0x00000000, 0x00000000, 0x00000000, 0x00000000,
  0x00000000, 0x00000000, 0x00000000, 0x00000000, 0x00000000, 0x00000000, 0x00000000, 0x00000000, 0x00000000, 0x00000000,
  0x00000000, 0x00000000, 0x00000000, 0x00000000, 0x00000000, 0x00000000, 0x00000000, 0x00000000, 0x00000000, 0x00000000,
  0x00000000, 0x00000000, 0x00000000, 0x00000000, 0x00000000, 0x00000000, 0x00000000, 0x00000000, 0x00000000, 0x00000000,
  0x00000000, 0x00000000, 0x00000000, 0x00000000, 0x00000000, 0x00000000, 0x00000000, 0x00000000, 0x00000000, 0x00000000,
  0x00000000, 0x00000000, 0x00000000, 0x00000000, 0x00000000, 0x00000000, 0x00000000, 0x00000000, 0x00000000, 0x00000000,
  0x00000000, 0x00000000, 0x00000000, 0x00000000, 0x00000000, 0x00000000, 0x00000000, 0x00000000, 0x00000000, 0x00000000,
  0x00000000, 0x00000000, 0x00000000, 0x00000000, 0x00000000, 0x00000000, 0x00000000, 0x00000000, 0x00000000, 0x00000000,
  0x00000000, 0x00000000, 0x00000000, 0x00000000, 0x00000000, 0x00000000, 0x00000000, 0x00000000, 0x00000000, 0x00000000,
  0x00000000, 0x00000000, 0x00000000, 0x00000000, 0x00000000, 0x00000000, 0x00000000, 0x00000000, 0x00000000, 0x00000000,
  0x00000000, 0x00000000, 0x00000000, 0x00000000, 0x00000000, 0x00000000, 0x00000000, 0x0001C4B9, 0x0001C0BF, 0x0001C0C4,
  0x0001BEC8, 0x0001BCCB, 0x0001BCCE, 0x0001BCD1, 0x0001BAD4, 0x0001BAD6, 0x0001BAD8, 0x0001B8DB, 0x0001B8DD, 0x0001B8DF,
  0x0001B8E1, 0x0001B6E3, 0x0001B6E5, 0x0001B6E7, 0x0001B6E9, 0x0001B6EA, 0x0001B6EC, 0x0001B6EE, 0x0001B6F0, 0x0001B4F1,
  0x0001B4F3, 0x0001B4F5, 0x0001B4F6, 0x0001B4F8, 0x0001B4FA, 0x0001B4FB, 0x0001B4FD, 0x0001B4FF, 0x0001B500, 0x0001B502,
  0x0001B504, 0x0001B505, 0x0001B507, 0x0001B509, 0x0001B50A, 0x0001B50C, 0x0001B50E, 0x0001B70F, 0x0001B711, 0x0001B713,
  0x0001B715, 0x0001B716, 0x0001B718, 0x0001B71A, 0x0001B71C, 0x0001B91E, 0x0001B920, 0x0001B922, 0x0001B924, 0x0001BB27,
  0x0001BB29, 0x0001BB2B, 0x0001BD2E, 0x0001BD31, 0x0001BD34, 0x0001BF37, 0x0001C13B, 0x0001C140, 0x0001C546, 0x00000000,
  0x00000000, 0x00000000, 0x00000000, 0x00000000, 0x00000000, 0x00000000, 0x00000000, 0x00000000, 0x00000000, 0x00000000,
  0x00000000, 0x00000000, 0x00000000, 0x00000000, 0x00000000, 0x00000000, 0x00000000, 0x00000000, 0x00000000, 0x00000000,
  0x00000000, 0x00000000, 0x00000000, 0x00000000, 0x00000000, 0x00000000, 0x00000000, 0x00000000, 0x00000000, 0x00000000,
  0x00000000, 0x00000000, 0x00000000, 0x00000000, 0x00000000, 0x00000000, 0x00000000, 0x00000000, 0x00000000, 0x00000000,
  0x00000000, 0x00000000, 0x00000000, 0x00000000, 0x00000000, 0x00000000, 0x00000000, 0x00000000, 0x00000000, 0x00000000,
  0x00000000, 0x00000000, 0x00000000, 0x00000000, 0x00000000, 0x00000000, 0x00000000, 0x00000000, 0x00000000, 0x00000000,
  0x00000000, 0x00000000, 0x00000000, 0x00000000, 0x00000000, 0x00000000, 0x00000000, 0x00000000, 0x00000000, 0x00000000,
  0x00000000, 0x00000000, 0x00000000, 0x00000000, 0x00000000, 0x00000000, 0x00000000, 0x00000000, 0x00000000, 0x00000000,
  0x00000000, 0x00000000, 0x00000000, 0x00000000, 0x00000000, 0x00000000, 0x00000000, 0x00000000, 0x00000000, 0x00000000,
  0x00000000, 0x00000000, 0x00000000, 0x00000000, 0x00000000, 0x00000000, 0x00000000, 0x00000000, 0x00000000, 0x00000000,
  0x00000000, 0x00000000, 0x00000000, 0x00000000, 0x00000000, 0x00000000, 0x00000000, 0x00000000, 0x00000000, 0x00000000,
  0x00000000, 0x00000000, 0x00000000, 0x00000000, 0x00000000, 0x00000000, 0x00000000, 0x00000000, 0x00000000, 0x00000000,
  0x00000000, 0x00000000, 0x00000000, 0x00000000, 0x00000000, 0x00000000, 0x00000000, 0x00000000, 0x00000000, 0x00000000,
  0x00000000, 0x00000000, 0x00000000, 0x00000000, 0x00000000, 0x00000000, 0x00000000, 0x00000000, 0x00000000, 0x00000000,
  0x00000000, 0x00000000, 0x00000000, 0x00000000, 0x00000000, 0x00000000, 0x00000000, 0x00000000, 0x00000000, 0x00000000,
  0x00000000, 0x00000000, 0x00000000, 0x00000000, 0x00000000, 0x00000000, 0x00000000, 0x00000000, 0x00000000, 0x00000000,
  0x00000000, 0x00000000, 0x00000000, 0x00000000, 0x0001CAB8, 0x0001C6C0, 0x0001C4C6, 0x0001C4CA, 0x0001C2CE, 0x0001C2D1,
  0x0001C0D4, 0x0001C0D7, 0x0001BED9, 0x0001BEDC, 0x0001BEDE, 0x0001BEE0, 0x0001BCE2, 0x0001BCE5, 0x0001BCE7, 0x0001BCE9,
  0x0001BCEB, 0x0001BAEC, 0x0001BAEE, 0x0001BAF0, 0x0001BAF2, 0x0001BAF4, 0x0001BAF6, 0x0001BAF8, 0x0001BAF9, 0x0001BAFB,
  0x0001BAFD, 0x0001BAFF, 0x0001BB00, 0x0001BB02, 0x0001BB04, 0x0001BB06, 0x0001BB07, 0x0001BB09, 0x0001BB0B, 0x0001BB0D,
  0x0001BB0F, 0x0001BB11, 0x0001BB13, 0x0001BD14, 0x0001BD16, 0x0001BD18, 0x0001BD1A, 0x0001BD1D, 0x0001BF1F, 0x0001BF21,
  0x0001BF23, 0x0001BF26, 0x0001C128, 0x0001C12B, 0x0001C32E, 0x0001C331, 0x0001C535, 0x0001C539, 0x0001C73F, 0x0001CB47,
  0x00000000, 0x00000000, 0x00000000, 0x00000000, 0x00000000, 0x00000000, 0x00000000, 0x00000000, 0x00000000, 0x00000000,
  0x00000000, 0x00000000, 0x00000000, 0x00000000, 0x00000000, 0x00000000, 0x00000000, 0x00000000, 0x00000000, 0x00000000,
  0x00000000, 0x00000000, 0x00000000, 0x00000000, 0x00000000, 0x00000000, 0x00000000, 0x00000000, 0x00000000, 0x00000000,
  0x00000000, 0x00000000, 0x00000000, 0x00000000, 0x00000000, 0x00000000, 0x00000000, 0x00000000, 0x00000000, 0x00000000,
  0x00000000, 0x00000000, 0x00000000, 0x00000000, 0x00000000, 0x00000000, 0x00000000, 0x00000000, 0x00000000, 0x00000000,
  0x00000000, 0x00000000, 0x00000000, 0x00000000, 0x00000000, 0x00000000, 0x00000000, 0x00000000, 0x00000000, 0x00000000,
  0x00000000, 0x00000000, 0x00000000, 0x00000000, 0x00000000, 0x00000000, 0x00000000, 0x00000000, 0x00000000, 0x00000000,
  0x00000000, 0x00000000, 0x00000000, 0x00000000, 0x00000000, 0x00000000, 0x00000000, 0x00000000, 0x00000000, 0x00000000,
  0x00000000, 0x00000000, 0x00000000, 0x00000000, 0x00000000, 0x00000000, 0x00000000, 0x00000000, 0x00000000, 0x00000000,
  0x00000000, 0x00000000, 0x00000000, 0x00000000, 0x00000000, 0x00000000, 0x00000000, 0x00000000, 0x00000000, 0x00000000,
  0x00000000, 0x00000000, 0x00000000, 0x00000000, 0x00000000, 0x00000000, 0x00000000, 0x00000000, 0x00000000, 0x00000000,
  0x00000000, 0x00000000, 0x00000000, 0x00000000, 0x00000000, 0x00000000, 0x00000000, 0x00000000, 0x00000000, 0x00000000,
  0x00000000, 0x00000000, 0x00000000, 0x00000000, 0x00000000, 0x00000000, 0x00000000, 0x00000000, 0x00000000, 0x00000000,
  0x00000000, 0x00000000, 0x00000000, 0x00000000, 0x00000000, 0x00000000, 0x00000000, 0x00000000, 0x00000000, 0x00000000,
  0x00000000, 0x00000000, 0x00000000, 0x00000000, 0x00000000, 0x00000000, 0x00000000, 0x00000000, 0x00000000, 0x00000000,
  0x00000000, 0x00000000, 0x00000000, 0x00000000, 0x00000000, 0x00000000, 0x00000000, 0x00000000, 0x00000000, 0x00000000,
  0x00000000, 0x00000000, 0x00000000, 0x00000000, 0x00000000, 0x00000000, 0x00000000, 0x00000000, 0x00000000, 0x00000000,
  0x00000000, 0x00000000, 0x0001D2B9, 0x0001CCC5, 0x0001CACB, 0x0001C8CF, 0x0001C8D3, 0x0001C6D6, 0x0001C6D9, 0x0001C4DC,
  0x0001C4DF, 0x0001C4E1, 0x0001C2E4, 0x0001C2E6, 0x0001C2E8, 0x0001C2EA, 0x0001C2ED, 0x0001C2EF, 0x0001C0F1, 0x0001C0F3,
  0x0001C0F5, 0x0001C0F7, 0x0001C0F9, 0x0001C0FB, 0x0001C0FD, 0x0001C0FF, 0x0001C100, 0x0001C102, 0x0001C104, 0x0001C106,
  0x0001C108, 0x0001C10A, 0x0001C10C, 0x0001C10E, 0x0001C310, 0x0001C312, 0x0001C315, 0x0001C317, 0x0001C319, 0x0001C31B,
  0x0001C51E, 0x0001C520, 0x0001C523, 0x0001C726, 0x0001C729, 0x0001C92C, 0x0001C930, 0x0001CB34, 0x0001CD3A, 0x0001D346,
  0x00000000, 0x00000000, 0x00000000, 0x00000000, 0x00000000, 0x00000000, 0x00000000, 0x00000000, 0x00000000, 0x00000000,
  0x00000000, 0x00000000, 0x00000000, 0x00000000, 0x00000000, 0x00000000, 0x00000000, 0x00000000, 0x00000000, 0x00000000,
  0x00000000, 0x00000000, 0x00000000, 0x00000000, 0x00000000, 0x00000000, 0x00000000, 0x00000000, 0x00000000, 0x00000000,
  0x00000000, 0x00000000, 0x00000000, 0x00000000, 0x00000000, 0x00000000, 0x00000000, 0x00000000, 0x00000000, 0x00000000,
  0x00000000, 0x00000000, 0x00000000, 0x00000000, 0x00000000, 0x00000000, 0x00000000, 0x00000000, 0x00000000, 0x00000000,
  0x00000000, 0x00000000, 0x00000000, 0x00000000, 0x00000000, 0x00000000, 0x00000000, 0x00000000, 0x00000000, 0x00000000,
  0x00000000, 0x00000000, 0x00000000, 0x00000000, 0x00000000, 0x00000000, 0x00000000, 0x00000000, 0x00000000, 0x00000000,
  0x00000000, 0x00000000, 0x00000000, 0x00000000, 0x00000000, 0x00000000, 0x00000000, 0x00000000, 0x00000000, 0x00000000,
  0x00000000, 0x00000000, 0x00000000, 0x00000000, 0x00000000, 0x00000000, 0x00000000, 0x00000000, 0x00000000, 0x00000000,
  0x00000000, 0x00000000, 0x00000000, 0x00000000, 0x00000000, 0x00000000, 0x00000000, 0x00000000, 0x00000000, 0x00000000,
  0x00000000, 0x00000000, 0x00000000, 0x00000000, 0x00000000, 0x00000000, 0x00000000, 0x00000000, 0x00000000, 0x00000000,
  0x00000000, 0x00000000, 0x00000000, 0x00000000, 0x00000000, 0x00000000, 0x00000000, 0x00000000, 0x00000000, 0x00000000,
  0x00000000, 0x00000000, 0x00000000, 0x00000000, 0x00000000, 0x00000000, 0x00000000, 0x00000000, 0x00000000, 0x00000000,
  0x00000000, 0x00000000, 0x00000000, 0x00000000, 0x00000000, 0x00000000, 0x00000000, 0x00000000, 0x00000000, 0x00000000,
  0x00000000, 0x00000000, 0x00000000, 0x00000000, 0x00000000, 0x00000000, 0x00000000, 0x00000000, 0x00000000, 0x00000000,
  0x00000000, 0x00000000, 0x00000000, 0x00000000, 0x00000000, 0x00000000, 0x00000000, 0x00000000, 0x00000000, 0x00000000,
  0x00000000, 0x00000000, 0x00000000, 0x00000000, 0x00000000, 0x00000000, 0x00000000, 0x00000000, 0x00000000, 0x00000000,
  0x00000000, 0x00000000, 0x00000000, 0x00000000, 0x00000000, 0x00000000, 0x00000000, 0x00000000, 0x00000000, 0x00000000,
  0x00000000, 0x00000000, 0x0001D2CD, 0x0001D0D3, 0x0001CED7, 0x0001CEDB, 0x0001CCDE, 0x0001CCE1, 0x0001CCE4, 0x0001CAE7,
  0x0001CAEA, 0x0001CAEC, 0x0001CAEF, 0x0001C8F1, 0x0001C8F3, 0x0001C8F6, 0x0001C8F8, 0x0001C8FA, 0x0001C8FC, 0x0001C8FE,
  0x0001C901, 0x0001C903, 0x0001C905, 0x0001C907, 0x0001C909, 0x0001C90C, 0x0001C90E, 0x0001CB10, 0x0001CB13, 0x0001CB15,
  0x0001CB18, 0x0001CD1B, 0x0001CD1E, 0x0001CD21, 0x0001CF24, 0x0001CF28, 0x0001D12C, 0x0001D332, 0x00000000, 0x00000000,
  0x00000000, 0x00000000, 0x00000000, 0x00000000, 0x00000000, 0x00000000, 0x00000000, 0x00000000, 0x00000000, 0x00000000,
  0x00000000, 0x00000000, 0x00000000, 0x00000000, 0x00000000, 0x00000000, 0x00000000, 0x00000000, 0x00000000, 0x00000000,
  0x00000000, 0x00000000, 0x00000000, 0x00000000, 0x00000000, 0x00000000, 0x00000000, 0x00000000, 0x00000000, 0x00000000,
  0x00000000, 0x00000000, 0x00000000, 0x00000000, 0x00000000, 0x00000000, 0x00000000, 0x00000000, 0x00000000, 0x00000000,
  0x00000000, 0x00000000, 0x00000000, 0x00000000, 0x00000000, 0x00000000, 0x00000000, 0x00000000, 0x00000000, 0x00000000,
  0x00000000, 0x00000000, 0x00000000, 0x00000000, 0x00000000, 0x00000000, 0x00000000, 0x00000000, 0x00000000, 0x00000000,
  0x00000000, 0x00000000, 0x00000000, 0x00000000, 0x00000000, 0x00000000, 0x00000000, 0x00000000, 0x00000000, 0x00000000,
  0x00000000, 0x00000000, 0x00000000, 0x00000000, 0x00000000, 0x00000000, 0x00000000, 0x00000000, 0x00000000, 0x00000000,
  0x00000000, 0x00000000, 0x00000000, 0x00000000, 0x00000000, 0x00000000, 0x00000000, 0x00000000, 0x00000000, 0x00000000,
  0x00000000, 0x00000000, 0x00000000, 0x00000000, 0x00000000, 0x00000000, 0x00000000, 0x00000000, 0x00000000, 0x00000000,
  0x00000000, 0x00000000, 0x00000000, 0x00000000, 0x00000000, 0x00000000, 0x00000000, 0x00000000, 0x00000000, 0x00000000,
  0x00000000, 0x00000000, 0x00000000, 0x00000000, 0x00000000, 0x00000000, 0x00000000, 0x00000000, 0x00000000, 0x00000000,
  0x00000000, 0x00000000, 0x00000000, 0x00000000, 0x00000000, 0x00000000, 0x00000000, 0x00000000, 0x00000000, 0x00000000,
  0x00000000, 0x00000000, 0x00000000, 0x00000000, 0x00000000, 0x00000000, 0x00000000, 0x00000000, 0x00000000, 0x00000000,
  0x00000000, 0x00000000, 0x00000000, 0x00000000, 0x00000000, 0x00000000, 0x00000000, 0x00000000, 0x00000000, 0x00000000,
  0x00000000, 0x00000000, 0x00000000, 0x00000000, 0x00000000, 0x00000000, 0x00000000, 0x00000000, 0x00000000, 0x00000000,
  0x00000000, 0x00000000, 0x00000000, 0x00000000, 0x00000000, 0x00000000, 0x00000000, 0x00000000, 0x00000000, 0x00000000,
  0x00000000, 0x00000000, 0x00000000, 0x00000000, 0x00000000, 0x00000000, 0x00000000, 0x00000000, 0x00000000, 0x00000000,
  0x00000000, 0x00000000, 0x00000000, 0x00000000, 0x00000000, 0x00000000, 0x00000000, 0x00000000, 0x00000000, 0x00000000,
  0x00000000, 0x00000000, 0x00000000, 0x0001DED9, 0x0001DAE1, 0x0001D8E5, 0x0001D6E9, 0x0001D6ED, 0x0001D4F0, 0x0001D4F3,
  0x0001D4F6, 0x0001D4F9, 0x0001D4FB, 0x0001D4FE, 0x0001D501, 0x0001D504, 0x0001D506, 0x0001D509, 0x0001D50C, 0x0001D50F,
  0x0001D712, 0x0001D716, 0x0001D91A, 0x0001DB1E, 0x0001DF26, 0x00000000, 0x00000000, 0x00000000, 0x00000000, 0x00000000,
  0x00000000, 0x00000000, 0x00000000, 0x00000000, 0x00000000, 0x00000000, 0x00000000, 0x00000000, 0x00000000, 0x00000000,
  0x00000000, 0x00000000, 0x00000000, 0x00000000, 0x00000000, 0x00000000, 0x00000000, 0x00000000, 0x00000000, 0x00000000,
  0x00000000, 0x00000000, 0x00000000, 0x00000000, 0x00000000, 0x00000000, 0x00000000, 0x00000000, 0x00000000, 0x00000000,
  0x00000000, 0x00000000, 0x00000000, 0x00000000, 0x00000000, 0x00000000, 0x00000000, 0x00000000, 0x00000000, 0x00000000,
  0x00000000, 0x00000000, 0x00000000, 0x00000000, 0x00000000, 0x00000000, 0x00000000, 0x00000000, 0x00000000, 0x00000000,
  0x00000000, 0x00000000, 0x00000000, 0x00000000, 0x00000000, 0x00000000, 0x00000000, 0x00000000, 0x00000000, 0x00000000,
  0x00000000, 0x00000000, 0x00000000, 0x00000000, 0x00000000, 0x00000000, 0x00000000, 0x00000000, 0x00000000, 0x00000000,
  0x00000000, 0x00000000, 0x00000000, 0x00000000, 0x00000000, 0x00000000, 0x00000000, 0x00000000, 0x00000000, 0x00000000,
  0x00000000, 0x00000000, 0x00000000, 0x00000000, 0x00000000, 0x00000000, 0x00000000, 0x00000000, 0x00000000, 0x00000000,
  0x00000000, 0x00000000, 0x00000000, 0x00000000, 0x00000000, 0x00000000,
};

static inline uint32_t globeScreenCoordAt(uint32_t index)
{
  return pgm_read_dword(&GLOBE_SCREENMAP[index]);
}
